{"type": "FeatureCollection", "features": [{"type": "Feature", "properties": {"name": "\u0412\u043e\u0434\u043d\u0430-\u0437\u044f\u043b\u0451\u043d\u044b \u0434\u044b\u044f\u043c\u0435\u0442\u0440 \u041c\u0456\u043d\u0441\u043a\u0430", "kind": "park", "osm_id": 10750311, "area": 0.0002504111351981919}, "geometry": {"type": "MultiPolygon", "coordinates": [[[[27.577478, 53.8912041], [27.5778743, 53.8910613], [27.578351, 53.8909416], [27.5786881, 53.890887], [27.5792589, 53.8908337], [27.579841, 53.8908238], [27.5803203, 53.8908452], [27.5806645, 53.8908784], [27.5809696, 53.8909372], [27.581284, 53.891087], [27.581601, 53.891274], [27.5812674, 53.8915033], [27.5811429, 53.8914158], [27.5807076, 53.8916754], [27.5804354, 53.8918292], [27.5802816, 53.8919225], [27.580174, 53.891819], [27.580164, 53.8917942], [27.5801595, 53.8917765], [27.5801774, 53.8917611], [27.5802135, 53.8917382], [27.580313, 53.8916825], [27.5800502, 53.8915344], [27.5799563, 53.8915922], [27.5799314, 53.8915632], [27.5799353, 53.8915251], [27.5799749, 53.8914537], [27.5800686, 53.8914221], [27.5800492, 53.8913862], [27.5800151, 53.8913564], [27.5798938, 53.8912929], [27.5798339, 53.8913247], [27.5796675, 53.8912473], [27.5795329, 53.8912536], [27.5795001, 53.8912091], [27.5793876, 53.8911964], [27.5793075, 53.8913579], [27.5785344, 53.8915542], [27.5785172, 53.8915613], [27.5777024, 53.8918973], [27.5774819, 53.8920258], [27.5772984, 53.8921327], [27.5772242, 53.892201], [27.5771726, 53.8922674], [27.5771653, 53.8922864], [27.5770523, 53.8925813], [27.5770011, 53.89273], [27.5769969, 53.8927998], [27.5770028, 53.8928734], [27.5770043, 53.8929634], [27.5771384, 53.8930497], [27.5780301, 53.8933668], [27.5774723, 53.8937567], [27.5766808, 53.8943427], [27.5748964, 53.8933222], [27.5739351, 53.8938114], [27.5719446, 53.8948244], [27.5716603, 53.8946582], [27.5691739, 53.8959465], [27.5679963, 53.8958002], [27.5679417, 53.8956836], [27.5677549, 53.8956077], [27.5673305, 53.8957215], [27.5666217, 53.8953965], [27.5670992, 53.8950721], [27.5674673, 53.8951583], [27.5679588, 53.895212], [27.5685382, 53.8952397], [27.5690713, 53.8952096], [27.5696164, 53.8951334], [27.5702173, 53.8949982], [27.5708918, 53.8947694], [27.5719218, 53.8942269], [27.5723335, 53.8940199], [27.5740148, 53.8931422], [27.5747586, 53.892723], [27.5747452, 53.8927195], [27.5747686, 53.892705], [27.5747883, 53.8926927], [27.5748368, 53.8926808], [27.5752652, 53.8924543], [27.5757734, 53.8921587], [27.5762325, 53.8918744], [27.5767214, 53.8916027], [27.576916, 53.8914964], [27.5771714, 53.8913622], [27.5773132, 53.8912868], [27.577478, 53.8912041]]], [[[27.5786382, 53.8495683], [27.578663, 53.8495958], [27.5787326, 53.8496484], [27.5788048, 53.8496998], [27.5788694, 53.8497404], [27.5789231, 53.8497668], [27.5789858, 53.8497913], [27.5790511, 53.8498103], [27.5791244, 53.8498263], [27.5792031, 53.8498358], [27.5792862, 53.8498412], [27.5793907, 53.8498427], [27.5797381, 53.8498418], [27.5798316, 53.8498442], [27.5799297, 53.8498479], [27.5800278, 53.8498539], [27.5800853, 53.8498566], [27.5801245, 53.8498516], [27.580165, 53.8498373], [27.5801946, 53.8498203], [27.5802135, 53.8497962], [27.5802106, 53.8497733], [27.5801965, 53.8497529], [27.5801671, 53.8497361], [27.5801219, 53.8497261], [27.5800671, 53.8497245], [27.5800126, 53.8497256], [27.5799476, 53.8497246], [27.5798721, 53.8497173], [27.5798013, 53.8497018], [27.579727, 53.8496802], [27.5796481, 53.8496486], [27.5795665, 53.8496071], [27.5794735, 53.8495523], [27.5794057, 53.8495147], [27.5793328, 53.8494801], [27.5792547, 53.8494487], [27.5791675, 53.8494238], [27.5790616, 53.84941], [27.5789648, 53.8494081], [27.5788589, 53.849417], [27.5787682, 53.8494331], [27.578706, 53.8494503], [27.5786646, 53.8494685], [27.5786375, 53.8494902], [27.5786241, 53.8495131], [27.5786235, 53.8495407], [27.5786382, 53.8495683]]], [[[27.5816199, 53.8559092], [27.5816891, 53.8559316], [27.5817606, 53.8559548], [27.5818345, 53.8559741], [27.5819169, 53.8559872], [27.5820312, 53.8559993], [27.5827721, 53.8560668], [27.5828977, 53.8560824], [27.5830107, 53.8561018], [27.5834725, 53.8561952], [27.583599, 53.8562252], [27.5836954, 53.8562562], [27.5837914, 53.8562965], [27.5838743, 53.8563369], [27.5839421, 53.8563775], [27.5840098, 53.8564236], [27.5840664, 53.8564566], [27.5841132, 53.8564805], [27.5841607, 53.8565019], [27.584201, 53.8565203], [27.5842337, 53.8565368], [27.5842601, 53.856557], [27.5842744, 53.856573], [27.584279, 53.8565909], [27.5842746, 53.856608], [27.5842646, 53.8566234], [27.584252, 53.856643], [27.5842503, 53.8566619], [27.5842595, 53.8566818], [27.5842803, 53.8567], [27.5843161, 53.8567267], [27.5843363, 53.8567338], [27.5843616, 53.8567358], [27.5843902, 53.8567326], [27.5844275, 53.8567268], [27.5844457, 53.856726], [27.5844645, 53.856729], [27.5844819, 53.8567384], [27.5844947, 53.8567524], [27.5845113, 53.8567841], [27.5845129, 53.8568015], [27.5845083, 53.8568146], [27.5844974, 53.8568247], [27.5844905, 53.8568372], [27.5844958, 53.8568502], [27.5845119, 53.8568674], [27.5845266, 53.8568776], [27.584546, 53.856885], [27.5845722, 53.8568889], [27.5846072, 53.8568944], [27.58463, 53.8569], [27.5846512, 53.8569099], [27.5846687, 53.8569246], [27.584709, 53.8569676], [27.5847338, 53.8569871], [27.5847613, 53.8570023], [27.5847877, 53.8570195], [27.5848053, 53.8570361], [27.5848178, 53.8570556], [27.5848234, 53.8570753], [27.5848376, 53.8570949], [27.5848648, 53.8571093], [27.5849011, 53.8571185], [27.5849576, 53.8571289], [27.5849989, 53.8571392], [27.585041, 53.8571534], [27.5850782, 53.8571657], [27.5851207, 53.8571748], [27.585166, 53.8571807], [27.5852108, 53.8571843], [27.5852817, 53.8571857], [27.5853059, 53.8571875], [27.5853291, 53.8571917], [27.5853453, 53.8572012], [27.5853499, 53.8572147], [27.585345, 53.8572308], [27.5853279, 53.8572439], [27.5853046, 53.857254], [27.5849276, 53.8573806], [27.5848441, 53.8574144], [27.5847777, 53.8574461], [27.5847237, 53.8574805], [27.5846589, 53.8575275], [27.5846, 53.8575725], [27.5844926, 53.8576645], [27.5844255, 53.8577151], [27.5843381, 53.857756], [27.5842284, 53.857776], [27.5841247, 53.8577757], [27.5840191, 53.8577653], [27.5833961, 53.8576795], [27.583264, 53.857662], [27.5831319, 53.8576486], [27.5829457, 53.85763], [27.5825707, 53.8575886], [27.5823543, 53.857561], [27.5821729, 53.8575296], [27.5820065, 53.8574936], [27.5818206, 53.8574559], [27.5816668, 53.8574307], [27.5815269, 53.8574111], [27.5813911, 53.8573961], [27.5812471, 53.8573787], [27.5810962, 53.8573578], [27.5809522, 53.8573348], [27.5808044, 53.8573059], [27.5806786, 53.8572748], [27.5806006, 53.8572524], [27.5805428, 53.8572267], [27.5805108, 53.8572024], [27.5805025, 53.8571853], [27.5805125, 53.8571656], [27.580535, 53.8571544], [27.5805649, 53.8571482], [27.5805916, 53.8571381], [27.5806065, 53.8571198], [27.5806077, 53.8570948], [27.5805928, 53.8570709], [27.5805643, 53.8570528], [27.5805218, 53.8570402], [27.5804694, 53.8570352], [27.5804176, 53.8570334], [27.5803739, 53.8570267], [27.5803339, 53.8570125], [27.5803023, 53.8569919], [27.5802801, 53.8569661], [27.580269, 53.8569343], [27.5802684, 53.8568949], [27.5802723, 53.8568557], [27.5802796, 53.8568117], [27.5802966, 53.8567786], [27.5803314, 53.8567357], [27.5803739, 53.8566943], [27.5804153, 53.8566501], [27.5804455, 53.8566035], [27.58047, 53.8565499], [27.5804752, 53.8565252], [27.5804675, 53.8565004], [27.5804555, 53.8564724], [27.5804484, 53.8564481], [27.5804442, 53.8564194], [27.5804532, 53.8563878], [27.5804832, 53.8563446], [27.5805126, 53.8563125], [27.5805478, 53.856286], [27.5805971, 53.8562618], [27.5806603, 53.8562318], [27.5807071, 53.8562031], [27.5807428, 53.8561748], [27.580908, 53.8560221], [27.580961, 53.8559796], [27.581015, 53.8559449], [27.5810877, 53.8559088], [27.5811699, 53.8558857], [27.5812625, 53.8558743], [27.581355, 53.8558736], [27.5814533, 53.8558798], [27.5815413, 53.8558928], [27.5816199, 53.8559092]]], [[[27.5729431, 53.8597685], [27.5735407, 53.8598001], [27.5746646, 53.8598893], [27.5754325, 53.8599457], [27.576036, 53.8599957], [27.5768872, 53.8600675], [27.5774638, 53.8601136], [27.5799286, 53.860286], [27.5807396, 53.8602404], [27.5814392, 53.8602087], [27.5814803, 53.8602092], [27.5819442, 53.8602226], [27.5822622, 53.8602485], [27.5824647, 53.8602714], [27.5825807, 53.8602683], [27.5828805, 53.8602668], [27.5829515, 53.8602597], [27.5830336, 53.8602421], [27.5831988, 53.8601959], [27.5834129, 53.8601273], [27.583883, 53.8599759], [27.5840171, 53.8599328], [27.5841503, 53.8598941], [27.5842852, 53.8598658], [27.5844204, 53.8598405], [27.5845644, 53.8598204], [27.5847381, 53.8598032], [27.5850091, 53.8597808], [27.5851408, 53.8597587], [27.5852778, 53.859721], [27.5854079, 53.8596728], [27.5855203, 53.8596142], [27.5856226, 53.8595402], [27.5856947, 53.85946], [27.5857418, 53.859387], [27.5857712, 53.8593099], [27.585772, 53.8592491], [27.5857582, 53.8592068], [27.5857338, 53.8591582], [27.5856845, 53.8590965], [27.5856757, 53.8590667], [27.5856758, 53.8590327], [27.5856733, 53.858993], [27.5856579, 53.8589532], [27.5856325, 53.8589146], [27.5856, 53.8588781], [27.5854832, 53.8587609], [27.5853887, 53.8586751], [27.5852992, 53.8586119], [27.5852045, 53.8585539], [27.5850979, 53.8584926], [27.5847083, 53.8582552], [27.5846222, 53.8582029], [27.5845543, 53.8581549], [27.5844953, 53.8581005], [27.5844439, 53.85804], [27.5843966, 53.8579833], [27.5843629, 53.8579496], [27.5843227, 53.857921], [27.5842802, 53.8579008], [27.5842284, 53.8578856], [27.5841627, 53.8578735], [27.5835896, 53.8577945], [27.5834318, 53.8577691], [27.5833296, 53.8577496], [27.5832443, 53.8577401], [27.5831479, 53.8577324], [27.5830546, 53.8577275], [27.5827467, 53.8577107], [27.5826545, 53.857703], [27.5825526, 53.8576905], [27.5824893, 53.8576843], [27.5824268, 53.857683], [27.5823459, 53.8576844], [27.5822682, 53.8576794], [27.5821891, 53.8576626], [27.5820776, 53.8576347], [27.5820057, 53.8576179], [27.5819168, 53.8576037], [27.5817875, 53.8576162], [27.5816162, 53.8575929], [27.5815207, 53.8575401], [27.5811151, 53.8574661], [27.5808051, 53.8574119], [27.580725, 53.8573955], [27.5806773, 53.85738], [27.5806249, 53.8573709], [27.5805595, 53.8573674], [27.5804856, 53.8573577], [27.5804456, 53.8573452], [27.5804095, 53.8573271], [27.580376, 53.8573017], [27.5802824, 53.8572091], [27.5802263, 53.8571471], [27.5801875, 53.8570861], [27.5801595, 53.857017], [27.5801368, 53.856938], [27.5801239, 53.8568567], [27.5801249, 53.8567836], [27.5801339, 53.8566995], [27.5801523, 53.8566165], [27.5801861, 53.8565317], [27.5802204, 53.8564455], [27.5802652, 53.8563649], [27.5803082, 53.8563038], [27.5804514, 53.8561182], [27.5804863, 53.8560798], [27.5805315, 53.8560451], [27.5805813, 53.8560204], [27.5806397, 53.8559989], [27.5807028, 53.8559784], [27.5807547, 53.8559557], [27.5807905, 53.855934], [27.5808122, 53.8559109], [27.5808352, 53.8558808], [27.5808673, 53.8558326], [27.5809024, 53.8557972], [27.5809538, 53.8557659], [27.5810175, 53.8557437], [27.5810983, 53.8557285], [27.5811839, 53.8557243], [27.5812756, 53.8557292], [27.5813686, 53.8557366], [27.5814712, 53.8557412], [27.5815855, 53.8557419], [27.5817017, 53.8557406], [27.5818204, 53.855745], [27.5819357, 53.8557576], [27.5820469, 53.85578], [27.5821359, 53.8558093], [27.5821953, 53.8558346], [27.5822559, 53.8558544], [27.5823281, 53.8558673], [27.5824713, 53.8558761], [27.5826382, 53.8558861], [27.5827274, 53.8558945], [27.5828059, 53.8559076], [27.5828774, 53.8559242], [27.5829726, 53.8559484], [27.5830563, 53.8559674], [27.5831495, 53.8559802], [27.583355, 53.8560009], [27.5834502, 53.8560139], [27.5835398, 53.8560322], [27.5836387, 53.8560573], [27.5838331, 53.8561132], [27.5839094, 53.856139], [27.5839755, 53.8561685], [27.5840355, 53.8562011], [27.5842226, 53.8563115], [27.5842739, 53.8563478], [27.5843159, 53.8563845], [27.58447, 53.8565149], [27.5845535, 53.8565907], [27.5846321, 53.8566633], [27.5847445, 53.8567697], [27.5848019, 53.8568241], [27.5848675, 53.8568763], [27.584945, 53.8569241], [27.5850318, 53.8569663], [27.5851189, 53.8570002], [27.5852166, 53.8570299], [27.5853385, 53.8570521], [27.5854683, 53.857068], [27.5855974, 53.8570732], [27.5857476, 53.8570722], [27.5859849, 53.8570625], [27.5861632, 53.8570517], [27.5863309, 53.8570477], [27.5865015, 53.8570495], [27.5866977, 53.8570573], [27.5868729, 53.8570695], [27.5870467, 53.8570874], [27.5872741, 53.8571209], [27.587476, 53.8571457], [27.5876559, 53.857163], [27.5878761, 53.8571795], [27.5881199, 53.8571884], [27.58842, 53.8571926], [27.5888819, 53.8571949], [27.5890631, 53.8571917], [27.5892444, 53.8571821], [27.5893928, 53.8571648], [27.5895386, 53.8571381], [27.589657, 53.8571073], [27.5897673, 53.8570685], [27.5898564, 53.857031], [27.5899318, 53.856987], [27.5899871, 53.856939], [27.5900238, 53.8568829], [27.5900407, 53.8568248], [27.590047, 53.856762], [27.590043, 53.8566947], [27.5900336, 53.856637], [27.5900146, 53.8565802], [27.5899994, 53.8565542], [27.589985, 53.8565454], [27.5899658, 53.8565408], [27.5899427, 53.8565395], [27.589915, 53.856538], [27.5898942, 53.8565335], [27.5898758, 53.8565272], [27.5898519, 53.8565208], [27.5898215, 53.8565171], [27.5897912, 53.8565177], [27.5897677, 53.8565238], [27.5897489, 53.8565334], [27.5897358, 53.8565419], [27.5897205, 53.856546], [27.5897048, 53.8565447], [27.5896915, 53.8565395], [27.5896841, 53.8565301], [27.5896812, 53.8565168], [27.5896821, 53.8564979], [27.5896886, 53.8564807], [27.5897012, 53.8564639], [27.5897228, 53.8564505], [27.5897499, 53.8564411], [27.5897823, 53.8564376], [27.5898155, 53.8564366], [27.5898418, 53.8564334], [27.5898608, 53.8564247], [27.5898738, 53.8564119], [27.5898784, 53.8563962], [27.5898721, 53.8563801], [27.5898582, 53.8563618], [27.5898342, 53.8563386], [27.5898103, 53.8563076], [27.5897835, 53.8562687], [27.5897601, 53.8562238], [27.5897499, 53.8561782], [27.5897464, 53.8561336], [27.5897521, 53.8560872], [27.589772, 53.8560193], [27.5898102, 53.8559346], [27.5898669, 53.8558331], [27.589978, 53.8556672], [27.5901624, 53.855392], [27.5902389, 53.8552592], [27.59031, 53.8551296], [27.5903618, 53.8549896], [27.590414, 53.8548417], [27.5904592, 53.8546837], [27.5905353, 53.8543004], [27.5905878, 53.8540289], [27.590583, 53.8539404], [27.5905577, 53.8538543], [27.5905047, 53.8537719], [27.5904074, 53.8536907], [27.5903039, 53.8536276], [27.5901854, 53.8535715], [27.5900238, 53.8535245], [27.5898535, 53.8534947], [27.58964, 53.853474], [27.5893949, 53.8534454], [27.5890014, 53.8533875], [27.5884218, 53.8532992], [27.5881846, 53.8532633], [27.5880402, 53.8532432], [27.5878867, 53.8532332], [27.5877348, 53.853227], [27.58761, 53.8532203], [27.5875314, 53.853211], [27.5874608, 53.8531932], [27.5873822, 53.853159], [27.5873157, 53.8531367], [27.5872368, 53.8531208], [27.5871019, 53.8530924], [27.586969, 53.8530605], [27.586812, 53.8530169], [27.5866631, 53.8529705], [27.5865175, 53.8529137], [27.5863983, 53.852851], [27.5863059, 53.8527852], [27.5862191, 53.8527235], [27.5861323, 53.852669], [27.5860507, 53.8526274], [27.5859489, 53.8526004], [27.5858533, 53.8525896], [27.5857347, 53.852589], [27.5856392, 53.8525946], [27.5855797, 53.8526125], [27.5855532, 53.8526345], [27.5855506, 53.8526672], [27.5855696, 53.8527004], [27.5856015, 53.8527242], [27.585648, 53.8527409], [27.5857037, 53.8527492], [27.5857959, 53.8527491], [27.5859216, 53.8527376], [27.5860057, 53.8527318], [27.5860867, 53.8527341], [27.5861537, 53.8527488], [27.5862156, 53.8527781], [27.586266, 53.8528168], [27.586277, 53.8528455], [27.5862613, 53.8528714], [27.5862339, 53.8528916], [27.5861849, 53.8529038], [27.5861338, 53.8529005], [27.5860747, 53.8528821], [27.5860115, 53.8528688], [27.5859392, 53.8528632], [27.5858482, 53.8528666], [27.5857389, 53.8528715], [27.5856808, 53.8528655], [27.5856323, 53.8528501], [27.5856061, 53.8528263], [27.5855896, 53.8527876], [27.5855619, 53.8527485], [27.5855233, 53.8527111], [27.5854756, 53.8526946], [27.5854129, 53.8526811], [27.585017, 53.8526169], [27.5848458, 53.8525987], [27.5847325, 53.8525934], [27.5846193, 53.8525929], [27.5845237, 53.8525947], [27.5844406, 53.8525956], [27.5843592, 53.8525851], [27.5842807, 53.8525648], [27.584013, 53.8524756], [27.5838248, 53.8524169], [27.5836261, 53.8523655], [27.5834725, 53.852324], [27.5833904, 53.8522991], [27.5833066, 53.8522637], [27.5832262, 53.8522188], [27.5831551, 53.8521732], [27.5828736, 53.8519876], [27.5828292, 53.8519606], [27.5828012, 53.851949], [27.5827651, 53.8519452], [27.582733, 53.8519516], [27.5827088, 53.8519706], [27.5827009, 53.8519924], [27.5827018, 53.852022], [27.5826898, 53.8520405], [27.5826601, 53.8520553], [27.5826161, 53.8520614], [27.5825684, 53.8520616], [27.5825131, 53.8520542], [27.5824463, 53.8520419], [27.5823071, 53.8520061], [27.5822607, 53.8519952], [27.5822074, 53.8519884], [27.5821482, 53.8519881], [27.5820789, 53.8519876], [27.5820186, 53.8519832], [27.5819571, 53.8519741], [27.5818906, 53.851959], [27.5818207, 53.8519364], [27.5817555, 53.8519092], [27.5816602, 53.8518615], [27.5815158, 53.8517869], [27.5814445, 53.8517556], [27.581371, 53.8517296], [27.5812333, 53.8516873], [27.581021, 53.8516192], [27.5809543, 53.8515926], [27.5808948, 53.851565], [27.580841, 53.8515322], [27.5807926, 53.851493], [27.580744, 53.8514353], [27.5806982, 53.8513792], [27.5806563, 53.8513224], [27.5806182, 53.8512593], [27.5805935, 53.8512025], [27.580542, 53.8510682], [27.5804841, 53.850907], [27.5804457, 53.8508058], [27.580398, 53.8506982], [27.5803056, 53.8504714], [27.5802674, 53.8503586], [27.580233, 53.8502313], [27.5801972, 53.8500817], [27.5801839, 53.8500424], [27.5801585, 53.8500029], [27.580117, 53.8499698], [27.5800637, 53.8499553], [27.5799996, 53.8499472], [27.5799285, 53.8499441], [27.579842, 53.8499473], [27.5797675, 53.8499592], [27.5796924, 53.8499757], [27.5796281, 53.8499887], [27.5795517, 53.849993], [27.5794749, 53.8499921], [27.579307, 53.8499857], [27.5792356, 53.8499804], [27.5791716, 53.8499687], [27.5791051, 53.8499484], [27.5790247, 53.8499194], [27.5787784, 53.8498285], [27.5787069, 53.849809], [27.578635, 53.8497952], [27.5785722, 53.8497883], [27.5785012, 53.8497882], [27.5784251, 53.8497867], [27.5783828, 53.8497804], [27.5783547, 53.8497689], [27.578337, 53.8497504], [27.5783315, 53.8497264], [27.5783417, 53.8497048], [27.5783705, 53.8496847], [27.5784123, 53.8496643], [27.5784406, 53.8496454], [27.5784548, 53.8496183], [27.57844, 53.8495958], [27.5784058, 53.849577], [27.5783576, 53.8495637], [27.5782943, 53.849561], [27.5782335, 53.8495707], [27.5781716, 53.8495901], [27.5774254, 53.8498701], [27.5772999, 53.8499205], [27.57721, 53.8499639], [27.5771414, 53.8499915], [27.5770603, 53.8500242], [27.5770586, 53.8500367], [27.5770482, 53.8500551], [27.5770522, 53.8500744], [27.57707, 53.8500925], [27.5773309, 53.8502976], [27.5773868, 53.850343], [27.5774296, 53.8503896], [27.5774499, 53.8504273], [27.5774554, 53.8504656], [27.5774465, 53.850503], [27.5774243, 53.8505401], [27.577389, 53.850576], [27.5773437, 53.8506084], [27.5772966, 53.8506384], [27.5772399, 53.850669], [27.5770263, 53.850779], [27.5767998, 53.8508915], [27.5765892, 53.8509841], [27.5763921, 53.851061], [27.57619, 53.8511401], [27.5760898, 53.8511867], [27.575996, 53.8512429], [27.5759129, 53.8512982], [27.5758434, 53.8513483], [27.575612, 53.851536], [27.5755464, 53.8515798], [27.5754776, 53.8516179], [27.5753938, 53.8516567], [27.575317, 53.8516889], [27.5752252, 53.8517236], [27.5750972, 53.8517685], [27.5749981, 53.8517994], [27.5749367, 53.8518169], [27.574884, 53.8518321], [27.5748383, 53.8518486], [27.5748012, 53.8518653], [27.5747725, 53.8518818], [27.5747355, 53.851907], [27.5747008, 53.8519286], [27.5746629, 53.8519469], [27.5746208, 53.8519619], [27.5745719, 53.8519761], [27.5742749, 53.8520533], [27.5742294, 53.8520648], [27.574186, 53.8520738], [27.5741342, 53.8520794], [27.5740895, 53.8520791], [27.5740521, 53.8520742], [27.5740236, 53.8520655], [27.5739944, 53.8520558], [27.5739611, 53.8520503], [27.573921, 53.8520467], [27.5738802, 53.8520477], [27.5738434, 53.8520524], [27.5737937, 53.8520617], [27.5737441, 53.8520734], [27.573703, 53.852088], [27.5736646, 53.8521068], [27.5736357, 53.8521269], [27.5736085, 53.8521498], [27.5735816, 53.8521741], [27.5735537, 53.8521991], [27.5735191, 53.8522243], [27.5734658, 53.8522545], [27.5733983, 53.8522841], [27.573322, 53.8523116], [27.5731094, 53.8523751], [27.5729694, 53.8524162], [27.5728741, 53.8524391], [27.5727854, 53.8524511], [27.5726993, 53.8524551], [27.5726164, 53.8524517], [27.572441, 53.8524303], [27.5723516, 53.8524108], [27.5722739, 53.8523854], [27.5722022, 53.8523488], [27.5721549, 53.852301], [27.5721141, 53.8522475], [27.5720786, 53.8521856], [27.5720111, 53.8520271], [27.5719966, 53.8519969], [27.5719741, 53.8519733], [27.5719479, 53.8519538], [27.5719169, 53.8519396], [27.5718785, 53.85193], [27.5718382, 53.8519268], [27.571806, 53.8519279], [27.571845, 53.8519989], [27.5718976, 53.8521554], [27.5724142, 53.8547346], [27.5725538, 53.8551362], [27.5727165, 53.8552399], [27.5727604, 53.8552684], [27.5727535, 53.8553596], [27.572833, 53.8557547], [27.5730778, 53.8572197], [27.5730793, 53.8574759], [27.5729596, 53.8582241], [27.5728665, 53.8586297], [27.5727475, 53.8591706], [27.5726456, 53.8595731], [27.5728745, 53.8595898], [27.5729045, 53.8595768], [27.5729446, 53.859604], [27.5729646, 53.8596171], [27.5729833, 53.8596254], [27.5729556, 53.8596521], [27.5729431, 53.8597685]]], [[[27.5868813, 53.8663528], [27.5868919, 53.8663911], [27.5869722, 53.8664527], [27.5870856, 53.8665826], [27.5871408, 53.8666325], [27.5872055, 53.8666762], [27.5872626, 53.8667127], [27.5873162, 53.8667596], [27.5873546, 53.8668054], [27.5873912, 53.8668511], [27.5874449, 53.8669071], [27.5874983, 53.866956], [27.5877358, 53.8671843], [27.5878255, 53.8672653], [27.5879225, 53.8673473], [27.5879956, 53.8674041], [27.5880485, 53.867436], [27.5881022, 53.8674599], [27.5881479, 53.8674719], [27.5882036, 53.8674785], [27.5882496, 53.8674857], [27.588289, 53.8675008], [27.5883198, 53.8675226], [27.5883332, 53.8675478], [27.588348, 53.8675739], [27.5883782, 53.8675977], [27.5884235, 53.8676182], [27.5887974, 53.8677431], [27.5893724, 53.8679368], [27.5894855, 53.8679801], [27.5896604, 53.8680542], [27.5899116, 53.8681678], [27.5902325, 53.8683132], [27.5904045, 53.8683961], [27.5904878, 53.8684401], [27.5905517, 53.8684836], [27.5906108, 53.8685294], [27.5906792, 53.8685856], [27.5907241, 53.8686268], [27.5907565, 53.8686664], [27.5907819, 53.8687126], [27.5908007, 53.8687551], [27.5908178, 53.8688027], [27.5908286, 53.8688522], [27.5908332, 53.8688876], [27.5908286, 53.8689189], [27.5908157, 53.8689534], [27.5907878, 53.8690061], [27.5907661, 53.8690365], [27.5907347, 53.869068], [27.5906936, 53.8691046], [27.5905605, 53.8692204], [27.5904744, 53.8692831], [27.5903962, 53.8693365], [27.5903124, 53.8693814], [27.5902411, 53.8694132], [27.5901387, 53.8694496], [27.5900079, 53.8694871], [27.5898892, 53.8695139], [27.5897472, 53.8695397], [27.5896155, 53.8695584], [27.5894829, 53.8695729], [27.5893347, 53.8695838], [27.5891423, 53.8695984], [27.5889319, 53.8696161], [27.5888291, 53.8696285], [27.5887218, 53.8696477], [27.5886248, 53.8696701], [27.5885398, 53.8697003], [27.5884716, 53.8697314], [27.5884215, 53.869765], [27.5883846, 53.8698053], [27.588374, 53.8698341], [27.5883752, 53.8698562], [27.5883805, 53.869875], [27.5883834, 53.8698934], [27.5883785, 53.8699073], [27.588366, 53.8699147], [27.5883451, 53.8699158], [27.5883275, 53.8699114], [27.5883114, 53.8699002], [27.5882881, 53.8698855], [27.5882652, 53.8698774], [27.5882313, 53.8698738], [27.588189, 53.8698784], [27.5881444, 53.8698917], [27.5880998, 53.8699132], [27.5879324, 53.8699947], [27.5877829, 53.8700707], [27.5875864, 53.8701728], [27.5874227, 53.8702515], [27.5872441, 53.8703289], [27.5870452, 53.8704098], [27.5867252, 53.8705342], [27.5858553, 53.8708762], [27.5854198, 53.8710557], [27.5847718, 53.8713171], [27.5844921, 53.871432], [27.5842308, 53.8715459], [27.5840325, 53.8716317], [27.5839193, 53.8716829], [27.5838248, 53.8717272], [27.5837637, 53.871761], [27.583704, 53.8717952], [27.5836542, 53.8718274], [27.5836033, 53.8718665], [27.5835583, 53.8719124], [27.5835124, 53.8719615], [27.583477, 53.8720065], [27.5834458, 53.8720524], [27.5834244, 53.8721021], [27.5834157, 53.872156], [27.5834187, 53.8722092], [27.5834357, 53.872261], [27.5834593, 53.8723152], [27.5837222, 53.8728895], [27.5841415, 53.8738688], [27.5841651, 53.8739319], [27.5841804, 53.873982], [27.5841873, 53.8740183], [27.5844256, 53.8740707], [27.5844402, 53.8739472], [27.5844332, 53.8739073], [27.5844029, 53.8738674], [27.5842487, 53.8737751], [27.5842067, 53.8737407], [27.5841687, 53.8736953], [27.5841413, 53.8736168], [27.584139, 53.8735728], [27.5841343, 53.8735191], [27.5840293, 53.8732837], [27.583862, 53.8729187], [27.5837558, 53.8727371], [27.5835258, 53.8722906], [27.5835169, 53.8722123], [27.5835417, 53.8721007], [27.5836479, 53.8719505], [27.5837717, 53.8718503], [27.5844389, 53.8715248], [27.5863549, 53.8707299], [27.5864833, 53.8706886], [27.5865931, 53.8706721], [27.5868489, 53.8706498], [27.5869357, 53.8706348], [27.5870191, 53.8705954], [27.5871136, 53.8705188], [27.5873403, 53.8704044], [27.5878746, 53.8701331], [27.5881516, 53.8700637], [27.5884154, 53.8700174], [27.5887622, 53.8699582], [27.5888712, 53.8699377], [27.5892507, 53.8698438], [27.5894731, 53.8697975], [27.5896912, 53.8697551], [27.589798, 53.8697306], [27.5900859, 53.8696136], [27.5903388, 53.8694812], [27.5905002, 53.8693835], [27.5908644, 53.869125], [27.5909298, 53.8690697], [27.5911566, 53.8687033], [27.5911719, 53.8686248], [27.5911529, 53.8685576], [27.5910714, 53.8684916], [27.5909734, 53.8684332], [27.5908491, 53.8683728], [27.5906223, 53.8682802], [27.5903934, 53.8682134], [27.5900793, 53.8681324], [27.5898896, 53.8680732], [27.5897697, 53.8680051], [27.5896715, 53.867906], [27.5893292, 53.8674174], [27.5889781, 53.8669789], [27.5888581, 53.8668478], [27.5887796, 53.866741], [27.5887164, 53.8665533], [27.5886968, 53.8664311], [27.5886619, 53.8663257], [27.5886139, 53.8662717], [27.5885232, 53.8662139], [27.5883287, 53.8661823], [27.5884247, 53.8662272], [27.5885576, 53.8663344], [27.5886179, 53.8664066], [27.5886288, 53.8664773], [27.588644, 53.8665326], [27.5886288, 53.8665729], [27.5885764, 53.8665943], [27.5885393, 53.866611], [27.5883649, 53.8669389], [27.588354, 53.8669929], [27.5883574, 53.8670406], [27.5883714, 53.8670996], [27.5884303, 53.8671897], [27.5884543, 53.867236], [27.5884892, 53.8673028], [27.5885291, 53.8673341], [27.5885851, 53.8673504], [27.5888926, 53.867389], [27.5889582, 53.867405], [27.5890038, 53.8674288], [27.5890126, 53.8674751], [27.5889973, 53.8675343], [27.5889517, 53.8675743], [27.5888643, 53.867587], [27.5887989, 53.8675741], [27.5887361, 53.8675566], [27.5886462, 53.867542], [27.5885372, 53.8675343], [27.5884652, 53.8675111], [27.5883911, 53.8674687], [27.5882888, 53.8673797], [27.5882362, 53.8673182], [27.5882319, 53.8672565], [27.5882166, 53.8672205], [27.5881359, 53.8671267], [27.5881282, 53.8670721], [27.588149, 53.8670392], [27.5882297, 53.8670225], [27.5882559, 53.8669839], [27.5882297, 53.8669505], [27.5881185, 53.8669415], [27.5880367, 53.8669133], [27.5879963, 53.8668579], [27.5879833, 53.8667949], [27.5880441, 53.8666644], [27.5880661, 53.8666088], [27.5880256, 53.8665763], [27.5878768, 53.8665193], [27.587825, 53.8664876], [27.5876898, 53.8663873], [27.587645, 53.8663759], [27.5875895, 53.8663815], [27.5874908, 53.8664137], [27.587427, 53.8664162], [27.5873659, 53.8664014], [27.5873142, 53.8663755], [27.5872313, 53.8663152], [27.587183, 53.8663129], [27.5868813, 53.8663528]]], [[[27.5837969, 53.8739091], [27.5832769, 53.8738008], [27.581235, 53.8734052], [27.5809896, 53.8733692], [27.5807891, 53.8732323], [27.5810741, 53.8731182], [27.5812359, 53.8730726], [27.581426, 53.8729481], [27.5815808, 53.8730124], [27.5817814, 53.872863], [27.5821122, 53.8730124], [27.5821248, 53.8729949], [27.5822338, 53.8728442], [27.5823831, 53.8726742], [27.5826398, 53.8722919], [27.5821896, 53.872029], [27.5824113, 53.8718941], [27.5827315, 53.871751], [27.5830687, 53.8717679], [27.5832877, 53.8716212], [27.5834743, 53.8715332], [27.5836038, 53.87161], [27.5835198, 53.8716571], [27.5834296, 53.8717115], [27.5833294, 53.8717857], [27.5832337, 53.8718605], [27.5831564, 53.8719384], [27.5831064, 53.8720016], [27.5830703, 53.872066], [27.583053, 53.8721291], [27.5830511, 53.8721795], [27.5830628, 53.8722422], [27.5830922, 53.8723221], [27.5831326, 53.8724148], [27.5831826, 53.8725105], [27.5832218, 53.8725855], [27.5832475, 53.8726495], [27.5832704, 53.872722], [27.5832888, 53.8728079], [27.5833107, 53.8728658], [27.5833366, 53.8729137], [27.583383, 53.8729775], [27.5834171, 53.8730176], [27.5834496, 53.8730705], [27.5834983, 53.8731641], [27.5835246, 53.8732179], [27.5835442, 53.8732739], [27.5835599, 53.8733346], [27.5835768, 53.8733891], [27.5836754, 53.8736101], [27.5837745, 53.8738044], [27.5838399, 53.8739252], [27.5837969, 53.8739091]]], [[[27.5866813, 53.8706883], [27.5868277, 53.8706729], [27.5869059, 53.8706591], [27.5869607, 53.8706462], [27.5870305, 53.8706772], [27.5869264, 53.8706932], [27.5857438, 53.8713421], [27.5861979, 53.8716429], [27.5863571, 53.8716433], [27.5861484, 53.8717036], [27.5857107, 53.8713949], [27.5843202, 53.8720072], [27.5846818, 53.8722545], [27.584509, 53.8723109], [27.584509, 53.8731357], [27.5850154, 53.8731458], [27.5850795, 53.8722968], [27.585868, 53.8719853], [27.5859985, 53.8720382], [27.5853426, 53.8723976], [27.5852628, 53.8724738], [27.5854653, 53.8731425], [27.5855853, 53.8735964], [27.5856428, 53.873757], [27.5856517, 53.8737819], [27.5857707, 53.8737995], [27.5858317, 53.8741093], [27.5858183, 53.874143], [27.5857562, 53.8743161], [27.5856966, 53.8743272], [27.5852667, 53.8742223], [27.585104, 53.8742041], [27.5848688, 53.8741572], [27.5847482, 53.874118], [27.5846771, 53.8741077], [27.5844838, 53.8740611], [27.5844901, 53.8739298], [27.5844863, 53.873892], [27.5844143, 53.8738378], [27.5842479, 53.8737186], [27.5841984, 53.8736339], [27.5841717, 53.8734612], [27.5841361, 53.873374], [27.584097, 53.8732974], [27.5838837, 53.8728101], [27.5837266, 53.8725594], [27.5835818, 53.8722615], [27.5836095, 53.8720853], [27.5836896, 53.8719654], [27.5838375, 53.8718564], [27.584084, 53.8717365], [27.5853965, 53.8711824], [27.5862315, 53.8708136], [27.5864811, 53.8707219], [27.5865981, 53.8706956], [27.5866813, 53.8706883]]], [[[27.5827086, 53.8762405], [27.5826763, 53.8762473], [27.5826419, 53.8762435], [27.5825991, 53.8762081], [27.5825312, 53.8761586], [27.582657, 53.8761021], [27.5830234, 53.8759317], [27.5831073, 53.8758925], [27.5831725, 53.8758646], [27.5832378, 53.8758395], [27.5834744, 53.8757475], [27.5835358, 53.8757209], [27.5835903, 53.8756899], [27.5836309, 53.8756617], [27.5836606, 53.8756301], [27.5836819, 53.8755904], [27.5836986, 53.8755348], [27.5837133, 53.8755022], [27.5837394, 53.8754735], [27.5837732, 53.8754483], [27.5838198, 53.8754268], [27.5838601, 53.8754025], [27.5838921, 53.8753785], [27.5839128, 53.875351], [27.5839183, 53.8753248], [27.5839196, 53.8752966], [27.5839233, 53.8752663], [27.5839352, 53.8752292], [27.5839667, 53.8751728], [27.5840243, 53.8750994], [27.5840866, 53.8750135], [27.5841434, 53.8749211], [27.5841897, 53.8748344], [27.584219, 53.8747464], [27.5842418, 53.8746935], [27.5842587, 53.8746422], [27.5842685, 53.8745867], [27.5842729, 53.8745233], [27.5842689, 53.874449], [27.5842615, 53.8743726], [27.5842546, 53.8743192], [27.5843256, 53.874328], [27.5843525, 53.8743538], [27.584366, 53.8745067], [27.5843795, 53.8746656], [27.5843587, 53.8748751], [27.5843391, 53.8750151], [27.5842784, 53.8751402], [27.5839618, 53.8754997], [27.5838001, 53.8756963], [27.5837428, 53.8757559], [27.5836316, 53.8758214], [27.5834329, 53.875881], [27.5832779, 53.8759307], [27.5831129, 53.8760141], [27.5829646, 53.8760995], [27.5827086, 53.8762405]]], [[[27.5777721, 53.8762662], [27.5778322, 53.8763269], [27.5778822, 53.876384], [27.5779631, 53.8764812], [27.578045, 53.8765575], [27.5781515, 53.8766397], [27.5782608, 53.8767194], [27.5784061, 53.8767974], [27.5785339, 53.8768518], [27.5786558, 53.8768938], [27.5787726, 53.8769296], [27.5789007, 53.8769614], [27.5790285, 53.8769929], [27.5791187, 53.8770117], [27.5792416, 53.8770248], [27.5794805, 53.8770132], [27.5795299, 53.8770077], [27.5796216, 53.8770005], [27.5794463, 53.8769219], [27.5793212, 53.8769275], [27.5792114, 53.8769282], [27.5790961, 53.8769176], [27.578971, 53.8769005], [27.5788397, 53.8768761], [27.5787211, 53.8768407], [27.5786125, 53.8768052], [27.5785126, 53.8767655], [27.5784198, 53.8767148], [27.5783251, 53.8766632], [27.5782428, 53.8766065], [27.5781539, 53.8765404], [27.5780759, 53.8764681], [27.5779991, 53.8763844], [27.5778858, 53.8762434], [27.5778117, 53.8761507], [27.5777252, 53.8760355], [27.5776287, 53.8759023], [27.5775274, 53.8757366], [27.5774332, 53.8755562], [27.5773048, 53.8753076], [27.5772561, 53.8752238], [27.5772048, 53.8751676], [27.5771296, 53.8751155], [27.5770384, 53.8750696], [27.5769475, 53.8750394], [27.5768494, 53.8750248], [27.5767546, 53.8750287], [27.5766598, 53.8750462], [27.5765542, 53.8750739], [27.5764768, 53.8751078], [27.5763978, 53.8751453], [27.5763265, 53.8751766], [27.5762446, 53.8752089], [27.5761703, 53.8752433], [27.5761032, 53.8752892], [27.5760462, 53.875339], [27.5759043, 53.8754712], [27.5757772, 53.8756083], [27.5756678, 53.8757433], [27.5756135, 53.8757991], [27.5755521, 53.8758518], [27.5754896, 53.8758925], [27.5754075, 53.8759301], [27.5753208, 53.87596], [27.5749831, 53.8760586], [27.574869, 53.8760872], [27.5747447, 53.8761109], [27.5746207, 53.8761395], [27.5745196, 53.8761701], [27.5743006, 53.8762436], [27.5741134, 53.8763171], [27.5740009, 53.8763661], [27.5739005, 53.8764147], [27.5738078, 53.8764692], [27.5737296, 53.8765361], [27.5736569, 53.8766134], [27.5735895, 53.876699], [27.5733571, 53.8770763], [27.5733105, 53.8771823], [27.5732642, 53.8773058], [27.5732212, 53.8774699], [27.5731954, 53.8776387], [27.5731892, 53.8777724], [27.5732042, 53.8778764], [27.573227, 53.8779776], [27.5732677, 53.8780743], [27.573323, 53.878172], [27.5733964, 53.8782759], [27.5734803, 53.8783634], [27.5735871, 53.8784432], [27.5737132, 53.8785148], [27.5738708, 53.8786035], [27.573999, 53.8786806], [27.5741297, 53.878774], [27.5742391, 53.8788687], [27.5743289, 53.8789692], [27.5744045, 53.8790864], [27.574741, 53.8796913], [27.5749787, 53.880114], [27.5750412, 53.8802371], [27.5750895, 53.8803702], [27.5751373, 53.8805251], [27.5751803, 53.8806815], [27.5752197, 53.880851], [27.5752451, 53.8810051], [27.5752549, 53.8811375], [27.5752562, 53.881249], [27.575256, 53.8813384], [27.5752424, 53.8813971], [27.5752214, 53.8814366], [27.5751911, 53.881473], [27.5751532, 53.8815105], [27.5750274, 53.8816407], [27.5749909, 53.8816902], [27.5749646, 53.8817267], [27.5749293, 53.8817687], [27.5748806, 53.8818151], [27.5747034, 53.8819556], [27.574692, 53.8819762], [27.5746919, 53.8820025], [27.5747031, 53.8820294], [27.5747311, 53.8820674], [27.5747074, 53.8820869], [27.5745854, 53.8820796], [27.5745435, 53.8820823], [27.5745016, 53.8820894], [27.57446, 53.8821048], [27.5744206, 53.8821264], [27.5743878, 53.8821509], [27.5742068, 53.882288], [27.574139, 53.8823302], [27.5740687, 53.8823679], [27.5739914, 53.8824054], [27.5738748, 53.8824557], [27.5736339, 53.8825559], [27.5734673, 53.8826228], [27.5732873, 53.8827066], [27.5732172, 53.8827471], [27.5731519, 53.8827961], [27.5731111, 53.8828522], [27.5730915, 53.8829091], [27.5730971, 53.8829659], [27.5731173, 53.8830285], [27.5731629, 53.8831013], [27.5733195, 53.8833159], [27.5734733, 53.8835225], [27.573496, 53.8835425], [27.5735309, 53.8835601], [27.5735722, 53.8835753], [27.5736138, 53.883596], [27.5736425, 53.8836237], [27.5736744, 53.8836661], [27.5736957, 53.883687], [27.573729, 53.8837012], [27.5737735, 53.8837058], [27.5738206, 53.8837043], [27.5738623, 53.8837092], [27.5738993, 53.8837276], [27.5739189, 53.88375], [27.5739303, 53.8837718], [27.5739669, 53.8837664], [27.5739969, 53.8838374], [27.5739457, 53.8838449], [27.5739138, 53.8838496], [27.5738779, 53.8838589], [27.5738464, 53.8838744], [27.5738312, 53.8838982], [27.57383, 53.8839272], [27.5738434, 53.8839595], [27.5738738, 53.8839927], [27.5739045, 53.8840315], [27.5739242, 53.8840667], [27.573933, 53.8841033], [27.5739321, 53.8841399], [27.5739165, 53.884264], [27.5738877, 53.884366], [27.5738521, 53.8844454], [27.5737969, 53.8845193], [27.5737433, 53.8845761], [27.5736816, 53.8846319], [27.5736263, 53.884674], [27.5735738, 53.8847039], [27.5735279, 53.8847213], [27.5734731, 53.8847329], [27.5734185, 53.8847357], [27.5733554, 53.8847328], [27.5732936, 53.8847349], [27.5732227, 53.8847424], [27.5731692, 53.8847557], [27.5731062, 53.884768], [27.5730251, 53.8847774], [27.5729228, 53.8847849], [27.5727869, 53.8847897], [27.5726272, 53.8847927], [27.5724978, 53.8847942], [27.5724172, 53.8847884], [27.5723375, 53.8847787], [27.57226, 53.8847718], [27.572196, 53.88477], [27.5721228, 53.8847718], [27.5720842, 53.8847792], [27.57206, 53.8847899], [27.5720338, 53.8848063], [27.572002, 53.8848239], [27.5719599, 53.8848415], [27.571908, 53.8848603], [27.5718371, 53.8848818], [27.5717663, 53.8848994], [27.5716881, 53.8849188], [27.5716287, 53.8849365], [27.5715852, 53.8849552], [27.5715585, 53.8849744], [27.5715319, 53.8850014], [27.5715071, 53.8850356], [27.5714529, 53.8851149], [27.5714286, 53.8851601], [27.5714118, 53.8852047], [27.5714039, 53.8852487], [27.5713755, 53.8855188], [27.5713626, 53.8856848], [27.5713602, 53.8858004], [27.5713662, 53.8858665], [27.5713834, 53.8859201], [27.5714054, 53.8859651], [27.5714269, 53.8860005], [27.5714569, 53.8860391], [27.57153, 53.8861178], [27.5715561, 53.8861563], [27.5715678, 53.8861989], [27.5715649, 53.8862376], [27.5715541, 53.8862857], [27.5715573, 53.8863243], [27.5715739, 53.8863647], [27.5716129, 53.8864382], [27.5718673, 53.8864849], [27.5723548, 53.8865944], [27.5724211, 53.8865906], [27.5724493, 53.8865749], [27.5724802, 53.8865527], [27.5726124, 53.8863858], [27.5726274, 53.8863538], [27.5726141, 53.8863371], [27.5725793, 53.8863289], [27.5723566, 53.8862878], [27.5724137, 53.8862411], [27.5726796, 53.8862865], [27.5727237, 53.8862829], [27.57325, 53.8856376], [27.5737326, 53.8850372], [27.5736236, 53.8849463], [27.5736158, 53.8848981], [27.5738873, 53.8847887], [27.5740569, 53.8843731], [27.5741862, 53.8839315], [27.5746105, 53.8826475], [27.5747591, 53.8826522], [27.5750587, 53.8824885], [27.5751838, 53.8823456], [27.575575, 53.8818206], [27.5759116, 53.8813181], [27.5761661, 53.8809589], [27.575643, 53.8808579], [27.5760437, 53.8803177], [27.5756405, 53.8802223], [27.5752261, 53.8798737], [27.5751671, 53.8796405], [27.5750035, 53.8795235], [27.5747192, 53.8790697], [27.5746696, 53.8785479], [27.5741667, 53.8786483], [27.573939, 53.8785182], [27.5736654, 53.878374], [27.5735414, 53.8782494], [27.573481, 53.8781573], [27.5734126, 53.8779419], [27.5734314, 53.877766], [27.573593, 53.8773217], [27.5737627, 53.8769228], [27.5738807, 53.8766833], [27.5739813, 53.8766307], [27.5740798, 53.8765635], [27.5741683, 53.8765374], [27.5744835, 53.8763749], [27.5746317, 53.8763631], [27.5752452, 53.8761658], [27.5754283, 53.8762002], [27.5756107, 53.8762761], [27.5758152, 53.8760879], [27.5758702, 53.8760883], [27.5759607, 53.8759887], [27.5769112, 53.8760741], [27.577339, 53.8761642], [27.577553, 53.8762381], [27.5777052, 53.8763148], [27.5777721, 53.8762662]]], [[[27.5728845, 53.8776028], [27.5725899, 53.8777298], [27.5721909, 53.8775291], [27.5719496, 53.8773478], [27.5720279, 53.8770274], [27.5724466, 53.8767063], [27.5728769, 53.8767061], [27.5731334, 53.8768684], [27.5728845, 53.8776028]]], [[[27.5729493, 53.8807568], [27.5731024, 53.880759], [27.5732387, 53.880719], [27.5734248, 53.8806323], [27.5735366, 53.8805548], [27.5736927, 53.880317], [27.5737408, 53.8801794], [27.5737647, 53.8800196], [27.5737431, 53.8798413], [27.5736982, 53.879683], [27.5736206, 53.8795567], [27.5735029, 53.8794307], [27.5733372, 53.8792948], [27.5731999, 53.8792515], [27.5729457, 53.8792225], [27.5727113, 53.8792728], [27.572511, 53.8793386], [27.5723814, 53.8794214], [27.572328, 53.8794555], [27.5722156, 53.8795963], [27.5721339, 53.8798101], [27.5721153, 53.8799436], [27.5721363, 53.8800749], [27.5722276, 53.8803212], [27.5723507, 53.8805294], [27.5724389, 53.8805959], [27.5727872, 53.8807318], [27.5729493, 53.8807568]]], [[[27.5733338, 53.8837226], [27.573315, 53.8837773], [27.5733396, 53.8838886], [27.5733315, 53.8839593], [27.5733794, 53.8840421], [27.5733236, 53.8841584], [27.5732258, 53.8842617], [27.5730928, 53.8843527], [27.5729546, 53.8844071], [27.5727562, 53.8844567], [27.5725595, 53.8844772], [27.5723801, 53.8844871], [27.5721399, 53.8844989], [27.5720269, 53.884485], [27.5719499, 53.8844339], [27.5718987, 53.8843397], [27.5718825, 53.8842795], [27.5719363, 53.8841691], [27.5719729, 53.8840938], [27.5721205, 53.883986], [27.5721496, 53.8839672], [27.5723028, 53.8838681], [27.5725298, 53.8837871], [27.572732, 53.8837293], [27.5731655, 53.8836019], [27.5732627, 53.8835879], [27.5733005, 53.8836019], [27.5733231, 53.8836247], [27.5733428, 53.8836779], [27.5733338, 53.8837226]]], [[[27.570544, 53.8862587], [27.570998, 53.8863258], [27.570953, 53.8863044], [27.570984, 53.8862799], [27.5710101, 53.8862795], [27.5710296, 53.8862893], [27.57107, 53.8863099], [27.5710869, 53.8863296], [27.5710673, 53.8862895], [27.5710125, 53.886243], [27.5709265, 53.8861845], [27.5708583, 53.8861178], [27.5707962, 53.8860193], [27.5707596, 53.8859275], [27.5707328, 53.8858538], [27.5707109, 53.8857629], [27.5707135, 53.885652], [27.5707218, 53.8855691], [27.570767, 53.8853435], [27.5708008, 53.8852187], [27.5708425, 53.885096], [27.570859, 53.8850254], [27.5706338, 53.885028], [27.5705958, 53.885236], [27.5706683, 53.88531], [27.5705748, 53.8855186], [27.5705175, 53.8856042], [27.5704194, 53.8857555], [27.5702595, 53.8859864], [27.5701833, 53.8859691], [27.5701638, 53.8860044], [27.5701601, 53.8860311], [27.5701752, 53.8860554], [27.5702179, 53.8860742], [27.5703863, 53.8861095], [27.5704382, 53.8861534], [27.5704839, 53.8862154], [27.570544, 53.8862587]]], [[[27.5700653, 53.8848738], [27.5693758, 53.8848238], [27.5694273, 53.8845909], [27.5694675, 53.8843256], [27.5695153, 53.8840118], [27.5695492, 53.883997], [27.5696007, 53.8839899], [27.5696295, 53.8838129], [27.5695899, 53.8838073], [27.5695732, 53.8837992], [27.5695638, 53.8837844], [27.5695695, 53.8837723], [27.569592, 53.8837646], [27.5696423, 53.8837656], [27.5696456, 53.8837042], [27.5697004, 53.8836824], [27.5710604, 53.8836976], [27.5711437, 53.8836457], [27.5712178, 53.8828975], [27.5712735, 53.8822859], [27.5713475, 53.8822839], [27.5714208, 53.8822766], [27.5714967, 53.8823459], [27.5715815, 53.882393], [27.571668, 53.8824238], [27.5717605, 53.8824396], [27.5717114, 53.8829385], [27.5716671, 53.8833968], [27.5715969, 53.8837327], [27.5715464, 53.8839593], [27.5714995, 53.8840524], [27.571238, 53.8844569], [27.5708683, 53.884986], [27.5706321, 53.8849896], [27.5705903, 53.8849486], [27.5705347, 53.8849261], [27.5704547, 53.8849115], [27.5700653, 53.8848738]]], [[[27.5642756, 53.8880179], [27.5657863, 53.8871074], [27.5662259, 53.8872213], [27.5661485, 53.8873606], [27.5661452, 53.887588], [27.5663558, 53.8877528], [27.5665305, 53.8876824], [27.567292, 53.8875367], [27.5681216, 53.887401], [27.5685506, 53.8873468], [27.5690037, 53.8872822], [27.5690254, 53.8873655], [27.5703101, 53.8872842], [27.5704045, 53.8871047], [27.5705104, 53.8871214], [27.5705739, 53.887022], [27.5711665, 53.8871675], [27.5715742, 53.8879358], [27.5704852, 53.8879516], [27.5642756, 53.8880179]]], [[[27.5634256, 53.8938008], [27.5634903, 53.8937646], [27.5631942, 53.893581], [27.5629208, 53.8933683], [27.5628213, 53.8932575], [27.5627552, 53.8931717], [27.5626753, 53.8930589], [27.5626262, 53.8929629], [27.5625772, 53.8928477], [27.5625411, 53.8928892], [27.5624891, 53.8929133], [27.5624197, 53.8929363], [27.5623387, 53.8929447], [27.5622629, 53.8929405], [27.5622027, 53.8929281], [27.5621556, 53.8929063], [27.5621218, 53.8928716], [27.5621058, 53.8928297], [27.5621113, 53.8927932], [27.5621324, 53.8927594], [27.5621757, 53.8927274], [27.5622394, 53.8927038], [27.5622934, 53.8926831], [27.5623311, 53.8926569], [27.5623713, 53.8926191], [27.5624068, 53.8925718], [27.562667, 53.8921486], [27.5627108, 53.8921043], [27.5627802, 53.8920593], [27.5628637, 53.8920276], [27.5629166, 53.8920079], [27.5629663, 53.8919874], [27.5629983, 53.8919586], [27.5630366, 53.8919167], [27.5636291, 53.8914569], [27.5633267, 53.8913012], [27.5625515, 53.891679], [27.5619257, 53.892941], [27.5618507, 53.8930896], [27.5615565, 53.8937093], [27.561656, 53.8938295], [27.562492, 53.8941536], [27.5627327, 53.8941545], [27.5632083, 53.8939451], [27.5634256, 53.8938008]]], [[[27.5633656, 53.8945403], [27.5629968, 53.8943837], [27.5629636, 53.8943574], [27.5629573, 53.8943288], [27.562956, 53.8942946], [27.5629866, 53.8942572], [27.5633414, 53.8941068], [27.5634543, 53.8940798], [27.5635997, 53.8940256], [27.5636474, 53.894058], [27.5637207, 53.8940191], [27.5642119, 53.8943064], [27.5647099, 53.8945286], [27.5647005, 53.8945285], [27.564912, 53.8946196], [27.5656561, 53.894814], [27.5662245, 53.8949603], [27.5658218, 53.8952126], [27.5655552, 53.8953925], [27.5654878, 53.8954203], [27.5654573, 53.8954225], [27.5654184, 53.8954125], [27.564785, 53.8951478], [27.5645836, 53.8950619], [27.5645986, 53.8950467], [27.5647753, 53.8951162], [27.5654304, 53.895385], [27.5656595, 53.8952016], [27.5644599, 53.894678], [27.5642097, 53.8948715], [27.5644921, 53.8950027], [27.5644781, 53.8950184], [27.564217, 53.8949013], [27.5637913, 53.894723], [27.5633656, 53.8945403]]], [[[27.5665982, 53.894549], [27.5665804, 53.8945096], [27.5665446, 53.8944601], [27.5664614, 53.8944043], [27.5664485, 53.8944283], [27.566197, 53.894381], [27.5660528, 53.8942119], [27.5659223, 53.894249], [27.5658262, 53.8941408], [27.5658751, 53.8941263], [27.5655134, 53.8936751], [27.5646815, 53.8935334], [27.5642897, 53.8936869], [27.5644096, 53.8937843], [27.5645167, 53.8938562], [27.5645863, 53.8939029], [27.5647267, 53.893976], [27.5648488, 53.8940432], [27.5650616, 53.8941401], [27.5652744, 53.8942269], [27.565465, 53.8942926], [27.5656737, 53.8943642], [27.5658786, 53.8944314], [27.5660511, 53.8944849], [27.5661781, 53.8945229], [27.5663834, 53.8945785], [27.5664965, 53.8946025], [27.5665982, 53.894549]]], [[[27.581631, 53.8697164], [27.5822505, 53.8696518], [27.5827185, 53.8695702], [27.5831546, 53.8694166], [27.5835376, 53.8691688], [27.5839311, 53.8689274], [27.5843353, 53.8687988], [27.5847555, 53.8686702], [27.5852288, 53.8685322], [27.585296, 53.8684367], [27.5855476, 53.8685103], [27.5857497, 53.8685824], [27.5860597, 53.8685715], [27.5862989, 53.8684812], [27.5864947, 53.8683246], [27.5867811, 53.8682624], [27.5870007, 53.8682407], [27.5871355, 53.8682775], [27.5872685, 53.868417], [27.5874015, 53.8684647], [27.5875474, 53.8685761], [27.5876945, 53.8686186], [27.5881053, 53.8690467], [27.5879337, 53.8691834], [27.5878773, 53.8692493], [27.587863, 53.8693449], [27.5878994, 53.8694364], [27.587955, 53.8694839], [27.5880511, 53.8695207], [27.5881913, 53.8695342], [27.5883712, 53.8694902], [27.5884889, 53.8694444], [27.5886167, 53.8693886], [27.5886944, 53.8693401], [27.5887828, 53.8692852], [27.5888774, 53.8692223], [27.5891332, 53.869182], [27.5892219, 53.869181], [27.5892993, 53.8691634], [27.5893515, 53.8691387], [27.5893832, 53.8691101], [27.5894599, 53.8690562], [27.589676, 53.8689506], [27.5898223, 53.8688692], [27.5900623, 53.8687836], [27.5901028, 53.8687146], [27.5900442, 53.8686415], [27.5892726, 53.8681915], [27.5889722, 53.8681408], [27.5888138, 53.8679511], [27.5881374, 53.8677407], [27.5880039, 53.8676943], [27.5878867, 53.8676467], [27.5877744, 53.8675862], [27.5876766, 53.8675186], [27.5875954, 53.8674475], [27.5875172, 53.8673701], [27.587439, 53.867293], [27.5871991, 53.8670696], [27.5871285, 53.8670069], [27.5870629, 53.8669578], [27.5869901, 53.8669059], [27.5869244, 53.8668455], [27.5867987, 53.8667179], [27.5867294, 53.8666521], [27.5866492, 53.8665894], [27.5865798, 53.8665449], [27.5864934, 53.8665017], [27.58638, 53.8664729], [27.5862565, 53.8664585], [27.5861316, 53.8664502], [27.5860113, 53.8664511], [27.5858866, 53.8664622], [27.585777, 53.8664788], [27.5856905, 53.8665055], [27.5856045, 53.866543], [27.5855414, 53.866579], [27.5854821, 53.8666215], [27.5854321, 53.8666658], [27.5852131, 53.8669276], [27.585193, 53.8669702], [27.585183, 53.867016], [27.5851795, 53.8670534], [27.5851639, 53.8670976], [27.5851345, 53.8671387], [27.5850921, 53.8671757], [27.5850339, 53.8672123], [27.5849526, 53.8672489], [27.5848909, 53.8672684], [27.5848308, 53.867279], [27.5847592, 53.867287], [27.58469, 53.8673011], [27.5846286, 53.8673206], [27.584555, 53.8673632], [27.584008, 53.8676999], [27.5838778, 53.8677976], [27.583779, 53.8678787], [27.5837061, 53.8679537], [27.5836384, 53.8680381], [27.5835828, 53.8681176], [27.583539, 53.8681803], [27.5835023, 53.8682367], [27.5834566, 53.8682887], [27.5834003, 53.868339], [27.5833438, 53.8683835], [27.5832761, 53.8684296], [27.583206, 53.8684766], [27.5831786, 53.868496], [27.5831618, 53.8685201], [27.5831321, 53.8685447], [27.5830939, 53.868566], [27.5830384, 53.8685861], [27.5829852, 53.8686056], [27.5829292, 53.8686321], [27.5828615, 53.8686664], [27.5826356, 53.8687898], [27.5825944, 53.8688217], [27.5825606, 53.8688544], [27.5825328, 53.8688853], [27.5825105, 53.8689167], [27.5824415, 53.8690002], [27.5824116, 53.8690345], [27.5823674, 53.8690689], [27.5823215, 53.8691002], [27.5822674, 53.8691309], [27.5822105, 53.8691606], [27.5821042, 53.8692119], [27.582037, 53.8692409], [27.5819838, 53.8692669], [27.5819336, 53.8693025], [27.5818872, 53.869338], [27.5818347, 53.8693831], [27.5817542, 53.8694569], [27.581732, 53.8694886], [27.581721, 53.8695219], [27.5817252, 53.8695504], [27.5817294, 53.8695876], [27.5817205, 53.8696188], [27.5817001, 53.8696538], [27.5816727, 53.8696851], [27.581631, 53.8697164]]], [[[27.5793712, 53.8700783], [27.5792756, 53.8700519], [27.5792408, 53.870152], [27.5791687, 53.8701981], [27.5790577, 53.8702094], [27.5788618, 53.8701841], [27.57836, 53.8701144], [27.5773522, 53.8699628], [27.5772282, 53.8699521], [27.5771312, 53.8699218], [27.5770385, 53.8699302], [27.5767769, 53.869893], [27.5767047, 53.8698738], [27.5766552, 53.869834], [27.5766491, 53.8698116], [27.5767132, 53.869804], [27.5768102, 53.8698175], [27.5769158, 53.8698301], [27.5770955, 53.8698621], [27.5771141, 53.8698915], [27.5771497, 53.8698974], [27.5772082, 53.8698604], [27.5772747, 53.8698473], [27.5774379, 53.8698497], [27.5775399, 53.8697775], [27.5774018, 53.8696148], [27.5773399, 53.8695418], [27.576985, 53.8693397], [27.5768593, 53.8692571], [27.5766667, 53.8691304], [27.5764931, 53.8691776], [27.5764381, 53.8692215], [27.5764766, 53.8693005], [27.5765037, 53.8693611], [27.5764837, 53.8694216], [27.5764067, 53.8694679], [27.5763411, 53.8694384], [27.5763211, 53.869388], [27.5762997, 53.8693199], [27.5762341, 53.8692492], [27.5762954, 53.8691514], [27.576368, 53.8690634], [27.5763734, 53.8689467], [27.5763134, 53.8688456], [27.5763219, 53.8687038], [27.576152, 53.8685073], [27.5758525, 53.8685914], [27.5757155, 53.8685696], [27.5756398, 53.868503], [27.575687, 53.8684114], [27.5757285, 53.8683728], [27.5757098, 53.8683492], [27.5756471, 53.8683357], [27.5756586, 53.8683012], [27.5758797, 53.8675688], [27.5760622, 53.8669908], [27.5761146, 53.8664451], [27.5761793, 53.8658071], [27.576298, 53.8657717], [27.5765636, 53.8653345], [27.5764807, 53.8651673], [27.5770663, 53.8644821], [27.5772204, 53.8643809], [27.5781403, 53.8637768], [27.5785345, 53.863373], [27.5785383, 53.8633719], [27.5796998, 53.863037], [27.5800213, 53.8624351], [27.5802357, 53.8620395], [27.5803546, 53.8617417], [27.5806764, 53.8614628], [27.5805261, 53.8612973], [27.5803909, 53.8612623], [27.5803332, 53.8612038], [27.5804075, 53.8611456], [27.58036, 53.861116], [27.580297, 53.8610922], [27.5802594, 53.8611207], [27.5801809, 53.861141], [27.5800728, 53.8611077], [27.5800645, 53.8609852], [27.5801884, 53.8609435], [27.5803078, 53.8609316], [27.5804754, 53.860866], [27.5805625, 53.8608834], [27.580647, 53.8608558], [27.5807771, 53.8608436], [27.58082, 53.8608123], [27.580885, 53.8607906], [27.5809649, 53.8607885], [27.581006, 53.8607623], [27.5810681, 53.8607632], [27.5811435, 53.8607176], [27.5812264, 53.8607316], [27.5813063, 53.8607473], [27.5813618, 53.8607644], [27.5813925, 53.8607967], [27.5813659, 53.8608481], [27.581351, 53.8608898], [27.581341, 53.8609344], [27.5813482, 53.8609826], [27.581374, 53.8610224], [27.581416, 53.8610579], [27.5814848, 53.8611028], [27.5815341, 53.8611366], [27.5815707, 53.8611668], [27.5815931, 53.8611924], [27.5816096, 53.8612241], [27.5816152, 53.861255], [27.5816181, 53.8612883], [27.5816158, 53.8613252], [27.5816054, 53.8613641], [27.5815847, 53.8614073], [27.5815565, 53.8614478], [27.5815147, 53.861493], [27.5814515, 53.8615406], [27.581376, 53.8615851], [27.5812867, 53.861622], [27.5811966, 53.8616531], [27.5810765, 53.861688], [27.5809751, 53.8617174], [27.5808803, 53.8617485], [27.580803, 53.861781], [27.5807408, 53.861815], [27.5806671, 53.8618614], [27.5805955, 53.8619136], [27.5805373, 53.8619679], [27.5804776, 53.862041], [27.5804326, 53.8621267], [27.5804062, 53.8621979], [27.5803889, 53.8622693], [27.5803607, 53.8623509], [27.5802922, 53.8625256], [27.5802185, 53.8626847], [27.5801664, 53.8627847], [27.5801221, 53.8628716], [27.5800707, 53.8629648], [27.5800298, 53.8630259], [27.57998, 53.8630771], [27.5799191, 53.8631212], [27.5798505, 53.8631572], [27.5796411, 53.8632419], [27.5792122, 53.8633872], [27.5791052, 53.8634269], [27.5790006, 53.863471], [27.5789048, 53.8635203], [27.5787874, 53.8635897], [27.5786802, 53.8636637], [27.578572, 53.8637367], [27.5779462, 53.8641384], [27.5778425, 53.8642113], [27.5777375, 53.8642897], [27.5776534, 53.864358], [27.5775727, 53.864429], [27.5775109, 53.8644923], [27.5774639, 53.8645524], [27.5774208, 53.8646158], [27.5768472, 53.8656645], [27.5768031, 53.8657474], [27.5767627, 53.8658285], [27.5767327, 53.8659085], [27.5766231, 53.8662697], [27.5765971, 53.866358], [27.5765806, 53.8664367], [27.5765693, 53.8665107], [27.5765654, 53.8665861], [27.5765792, 53.8670076], [27.5765821, 53.8670866], [27.5765833, 53.867167], [27.5765783, 53.8672383], [27.5765684, 53.8673391], [27.5765386, 53.8677316], [27.5765313, 53.8678098], [27.5765288, 53.8678918], [27.5765317, 53.8679745], [27.5765392, 53.8680553], [27.5765605, 53.8681607], [27.5766086, 53.8683898], [27.5766329, 53.8684592], [27.5766695, 53.8685258], [27.5767105, 53.8685892], [27.5767654, 53.8686583], [27.5768385, 53.8687485], [27.5768965, 53.8688114], [27.5769546, 53.8688712], [27.5770212, 53.8689251], [27.5770924, 53.8689726], [27.5772688, 53.8690746], [27.5773401, 53.8691166], [27.577409, 53.8691531], [27.5774833, 53.8691832], [27.5775551, 53.8692087], [27.5776229, 53.8692282], [27.5776981, 53.8692489], [27.5777848, 53.8692699], [27.5778775, 53.8692876], [27.5780165, 53.8693116], [27.578094, 53.8693278], [27.5781588, 53.869345], [27.578209, 53.8693645], [27.5782539, 53.8693881], [27.5782943, 53.8694198], [27.5783335, 53.8694457], [27.5783739, 53.8694662], [27.5784198, 53.8694802], [27.5784731, 53.8694867], [27.5785324, 53.8694866], [27.5785982, 53.8694893], [27.5786417, 53.8694959], [27.5786843, 53.869509], [27.5787352, 53.8695314], [27.5787726, 53.8695425], [27.5788167, 53.869554], [27.5788552, 53.869561], [27.5788977, 53.8695646], [27.5789514, 53.8695663], [27.5789967, 53.8695689], [27.5790396, 53.8695742], [27.5791563, 53.8695921], [27.5791872, 53.8695981], [27.5792147, 53.8696065], [27.5792369, 53.8696168], [27.579258, 53.8696297], [27.5793176, 53.8696712], [27.5793433, 53.8696858], [27.5793683, 53.869695], [27.5793989, 53.8697011], [27.5794373, 53.8697012], [27.5794739, 53.869697], [27.5795198, 53.8696883], [27.5795712, 53.8696768], [27.5796369, 53.8696683], [27.5796883, 53.8696637], [27.5797435, 53.8696618], [27.5798054, 53.8696632], [27.579854, 53.8696683], [27.5798989, 53.8696794], [27.5799388, 53.8696934], [27.5799725, 53.8697111], [27.5800154, 53.8697415], [27.5800375, 53.8697569], [27.5800597, 53.8697678], [27.5800906, 53.869775], [27.5801222, 53.869779], [27.5801599, 53.8697791], [27.5801962, 53.8697815], [27.5802279, 53.8697859], [27.5802931, 53.8698014], [27.5803596, 53.8698105], [27.5804365, 53.8698166], [27.5804971, 53.8698225], [27.5805525, 53.8698332], [27.5806086, 53.8698486], [27.5805972, 53.8698702], [27.5802674, 53.8698997], [27.580162, 53.8699588], [27.5800476, 53.8700984], [27.5800476, 53.8701218], [27.5800347, 53.8701913], [27.5797713, 53.8701618], [27.5797082, 53.8702209], [27.5794752, 53.8702137], [27.5795501, 53.8701533], [27.5793712, 53.8700783]]], [[[27.5852658, 53.8664468], [27.5852091, 53.866475], [27.5851589, 53.8665093], [27.5851078, 53.8665579], [27.5850579, 53.8666132], [27.5850075, 53.8666785], [27.5849452, 53.8667563], [27.5848732, 53.8668367], [27.5847764, 53.866917], [27.5846744, 53.8669915], [27.5845446, 53.8670678], [27.5843928, 53.8671568], [27.5836382, 53.8675867], [27.5834285, 53.8677063], [27.5833235, 53.8677769], [27.5832511, 53.8678325], [27.5831944, 53.8678792], [27.5831462, 53.8679249], [27.5831104, 53.8679723], [27.5830818, 53.8680268], [27.5830429, 53.868114], [27.5830171, 53.8681662], [27.5829878, 53.8682129], [27.582954, 53.8682565], [27.5829121, 53.8682987], [27.5828561, 53.8683513], [27.5827987, 53.8683961], [27.5827416, 53.8684354], [27.5826848, 53.868468], [27.5826327, 53.8684917], [27.5823227, 53.8686265], [27.5822818, 53.8686544], [27.5822531, 53.868686], [27.582229, 53.8687166], [27.5822024, 53.8687395], [27.5821712, 53.8687579], [27.582123, 53.8687804], [27.5820847, 53.8688007], [27.5820483, 53.868824], [27.5820085, 53.8688543], [27.5819764, 53.868872], [27.5819446, 53.8688813], [27.5819115, 53.8688842], [27.5818608, 53.8688857], [27.5818532, 53.8688922], [27.5818452, 53.8688991], [27.5818523, 53.8689201], [27.5818548, 53.8689412], [27.5818505, 53.8689605], [27.5818359, 53.8689772], [27.5818066, 53.8690058], [27.5817776, 53.8690422], [27.5817436, 53.8690954], [27.5817179, 53.8691317], [27.5816781, 53.8691667], [27.5816329, 53.869197], [27.581587, 53.8692254], [27.5815457, 53.8692552], [27.5815099, 53.8692899], [27.5814758, 53.8693326], [27.5814312, 53.8693959], [27.5813887, 53.869451], [27.5813362, 53.8695074], [27.5812767, 53.8695611], [27.5812125, 53.8696019], [27.5811459, 53.8696392], [27.5810696, 53.869674], [27.5809967, 53.8697025], [27.580917, 53.869723], [27.580832, 53.8697326], [27.580738, 53.8697376], [27.5806438, 53.8697354], [27.5805637, 53.8697258], [27.5804847, 53.8697105], [27.5804437, 53.8696983], [27.5804059, 53.869681], [27.5803859, 53.8696643], [27.5803768, 53.8696422], [27.5803825, 53.8696234], [27.5803942, 53.8696011], [27.5803964, 53.8695787], [27.5803845, 53.8695554], [27.5803614, 53.8695368], [27.5803212, 53.8695198], [27.5802722, 53.869507], [27.5802197, 53.8695029], [27.5801719, 53.869507], [27.5801223, 53.869522], [27.5800599, 53.8695382], [27.5800029, 53.8695507], [27.5799295, 53.8695556], [27.5798512, 53.8695487], [27.5793818, 53.8694778], [27.5792315, 53.8694575], [27.5791017, 53.869435], [27.5789801, 53.8694078], [27.5788675, 53.8693775], [27.5787541, 53.8693444], [27.5786371, 53.8693075], [27.5785415, 53.8692767], [27.5780171, 53.869081], [27.5779166, 53.8690473], [27.5778134, 53.8690222], [27.5777029, 53.8690009], [27.5775913, 53.8689727], [27.5774916, 53.8689389], [27.5774015, 53.8689009], [27.5773121, 53.8688647], [27.5772391, 53.8688221], [27.577173, 53.8687732], [27.577113, 53.8687194], [27.5770499, 53.8686514], [27.5769975, 53.8685832], [27.5769439, 53.868507], [27.5769049, 53.8684267], [27.5768767, 53.8683439], [27.5768544, 53.8682643], [27.5768341, 53.8681811], [27.5768178, 53.8680819], [27.5768056, 53.8680033], [27.576797, 53.8679198], [27.5767965, 53.867841], [27.5768036, 53.8677363], [27.576826, 53.8675508], [27.576861, 53.867227], [27.5768711, 53.8671597], [27.5768772, 53.8670886], [27.5768777, 53.867017], [27.576862, 53.8666726], [27.5768774, 53.8665078], [27.5769009, 53.8663417], [27.5769747, 53.8659416], [27.5769831, 53.8659098], [27.5769985, 53.8658838], [27.5770301, 53.8658562], [27.577069, 53.8658264], [27.5771079, 53.8657969], [27.5771392, 53.8657615], [27.5771792, 53.8656922], [27.5772117, 53.8656024], [27.5772404, 53.8655223], [27.5772668, 53.8654419], [27.5773009, 53.8653366], [27.5773392, 53.8652466], [27.5773828, 53.8651557], [27.5776433, 53.864685], [27.5776819, 53.8646289], [27.5777366, 53.8645631], [27.5777912, 53.8645068], [27.5778623, 53.8644472], [27.5779883, 53.8643489], [27.5780687, 53.8642852], [27.5781597, 53.8642194], [27.578462, 53.8640267], [27.57879, 53.8638264], [27.5789328, 53.8637454], [27.5790698, 53.8636733], [27.579207, 53.8636046], [27.5794275, 53.8635009], [27.57947, 53.8634832], [27.5795073, 53.8634732], [27.5795468, 53.863467], [27.5795828, 53.8634657], [27.5796224, 53.8634641], [27.5796583, 53.8634598], [27.5796858, 53.8634534], [27.5797086, 53.8634436], [27.5797341, 53.8634252], [27.5797712, 53.8633983], [27.5798133, 53.863372], [27.5798652, 53.8633477], [27.5799394, 53.8633161], [27.5800015, 53.8632821], [27.5800561, 53.8632489], [27.5801197, 53.8632], [27.5801771, 53.8631457], [27.58024, 53.863078], [27.5803467, 53.8629582], [27.5804238, 53.8628637], [27.5804756, 53.8627872], [27.5805139, 53.862721], [27.580561, 53.8626218], [27.5806136, 53.8625144], [27.580677, 53.8623984], [27.5808984, 53.8620652], [27.5809316, 53.8620196], [27.5809678, 53.8619812], [27.5810228, 53.8619361], [27.5811024, 53.8618922], [27.5811828, 53.8618572], [27.5812588, 53.8618278], [27.581341, 53.8617984], [27.5814671, 53.8617568], [27.5815393, 53.8617325], [27.5815974, 53.8617057], [27.5816582, 53.8616776], [27.5817242, 53.8616395], [27.5819721, 53.8614714], [27.5820093, 53.8614419], [27.582031, 53.8614201], [27.5820437, 53.8613922], [27.5820448, 53.8613568], [27.582037, 53.8613207], [27.5820245, 53.8612851], [27.5820036, 53.8612558], [27.5819711, 53.8612245], [27.5819367, 53.8612005], [27.5819069, 53.8611755], [27.581884, 53.8611495], [27.5818666, 53.8611222], [27.5818542, 53.8610923], [27.5818494, 53.8610547], [27.5818512, 53.8610095], [27.5818472, 53.8609747], [27.5818377, 53.8609168], [27.581835, 53.8608851], [27.5818393, 53.8608548], [27.5818529, 53.8608246], [27.5819451, 53.8607019], [27.5819843, 53.8606614], [27.5820324, 53.8606246], [27.5820916, 53.8605908], [27.5821526, 53.8605601], [27.5822134, 53.8605305], [27.5822863, 53.8604983], [27.5823477, 53.860476], [27.5824375, 53.8604508], [27.5825278, 53.8604337], [27.5826126, 53.8604257], [27.582948, 53.8604052], [27.5830831, 53.8603947], [27.5831992, 53.860381], [27.583336, 53.8603553], [27.5834851, 53.8603222], [27.5836341, 53.8602856], [27.5837782, 53.860245], [27.5839386, 53.8601989], [27.5841129, 53.8601401], [27.5842752, 53.8600954], [27.5844035, 53.8600589], [27.5846387, 53.8600023], [27.5847085, 53.8599895], [27.5847769, 53.8599869], [27.584832, 53.8599937], [27.5848698, 53.8600025], [27.5849079, 53.8600154], [27.5849437, 53.8600221], [27.5849858, 53.8600244], [27.585038, 53.8600165], [27.5851017, 53.8600005], [27.585156, 53.8599829], [27.5854835, 53.8598426], [27.5855252, 53.8598255], [27.5855569, 53.859818], [27.5855921, 53.8598178], [27.585623, 53.8598256], [27.5856434, 53.8598438], [27.5856527, 53.8598685], [27.5856568, 53.8599022], [27.5856618, 53.8600258], [27.5856678, 53.8600906], [27.5856781, 53.8601465], [27.5857019, 53.8602182], [27.5857312, 53.8602784], [27.5857592, 53.8603267], [27.5857963, 53.8603695], [27.5858344, 53.8604072], [27.5859059, 53.8604615], [27.5859647, 53.8605063], [27.5860127, 53.8605495], [27.5860524, 53.8605933], [27.586069, 53.8606241], [27.5860748, 53.8606557], [27.586061, 53.8606856], [27.5860204, 53.8607115], [27.5859633, 53.8607285], [27.585891, 53.8607322], [27.5858186, 53.8607256], [27.5857414, 53.8607077], [27.5856803, 53.8606833], [27.5856163, 53.8606495], [27.5855605, 53.8606094], [27.5855221, 53.8605826], [27.5854826, 53.8605628], [27.5854493, 53.8605433], [27.5854253, 53.8605175], [27.5854097, 53.8604871], [27.5853864, 53.860466], [27.585348, 53.8604537], [27.5853059, 53.860453], [27.5852674, 53.8604594], [27.5852359, 53.8604738], [27.585216, 53.8604931], [27.5852055, 53.8605176], [27.5852061, 53.8605474], [27.5852207, 53.8605881], [27.5852472, 53.8606284], [27.5852868, 53.8606742], [27.5853488, 53.8607304], [27.5854202, 53.860781], [27.5855938, 53.8608779], [27.5856638, 53.860906], [27.5857509, 53.8609295], [27.5858423, 53.8609422], [27.5859483, 53.8609445], [27.5860355, 53.8609374], [27.5861214, 53.8609192], [27.5862053, 53.8608919], [27.5862732, 53.860855], [27.58634, 53.8608126], [27.5863933, 53.8607607], [27.5864282, 53.8607094], [27.5864444, 53.8606581], [27.586444, 53.8606252], [27.5864341, 53.8605908], [27.5864105, 53.8605543], [27.5863735, 53.8605193], [27.5863236, 53.8604873], [27.5862536, 53.8604518], [27.5861944, 53.8604187], [27.5861483, 53.8603863], [27.5861042, 53.8603454], [27.5860663, 53.8602896], [27.586035, 53.8602314], [27.5860106, 53.860164], [27.5859395, 53.8598673], [27.5859291, 53.8597959], [27.5859293, 53.8597308], [27.5859451, 53.8596603], [27.5860064, 53.859434], [27.5860227, 53.8594143], [27.5860449, 53.859401], [27.5860746, 53.859395], [27.5861082, 53.8593989], [27.5861367, 53.8594119], [27.5861567, 53.85943], [27.5861679, 53.8594529], [27.5861712, 53.8594809], [27.5861681, 53.85951], [27.5861608, 53.8595459], [27.5861628, 53.8595839], [27.5861768, 53.8596264], [27.5862036, 53.8596649], [27.5862398, 53.8597048], [27.5862829, 53.8597408], [27.5863322, 53.859774], [27.5863803, 53.8598011], [27.5864344, 53.8598208], [27.5864984, 53.8598313], [27.586561, 53.8598358], [27.5866184, 53.8598295], [27.5866549, 53.8598177], [27.5866833, 53.859793], [27.5866921, 53.8597602], [27.5866817, 53.8597281], [27.5866613, 53.8596985], [27.5866378, 53.8596749], [27.5865929, 53.8596442], [27.5865315, 53.8595974], [27.5864402, 53.8595218], [27.586262, 53.8593566], [27.5862076, 53.8592959], [27.5861555, 53.8592327], [27.5860672, 53.8590845], [27.585966, 53.858937], [27.5859103, 53.8588571], [27.5858564, 53.8587888], [27.5857982, 53.8587294], [27.5857347, 53.8586701], [27.5856673, 53.8586157], [27.5855846, 53.8585607], [27.5849324, 53.8581728], [27.5848589, 53.8581234], [27.5848024, 53.8580777], [27.5847581, 53.8580317], [27.5847206, 53.857984], [27.5846985, 53.8579361], [27.5846831, 53.857885], [27.5846824, 53.8578306], [27.5846924, 53.8577826], [27.5847125, 53.8577284], [27.5847527, 53.8576727], [27.5848145, 53.8576195], [27.5849067, 53.8575555], [27.5850112, 53.8574969], [27.5851332, 53.8574445], [27.5853311, 53.8573716], [27.5854938, 53.8573159], [27.5855856, 53.8572893], [27.5856777, 53.8572721], [27.5857667, 53.857263], [27.5858707, 53.8572649], [27.5859955, 53.8572724], [27.58613, 53.857285], [27.5862245, 53.8572913], [27.5862963, 53.8572949], [27.5863691, 53.8572946], [27.5864285, 53.8572869], [27.5864949, 53.8572714], [27.5865598, 53.8572605], [27.5866312, 53.8572586], [27.5867154, 53.8572658], [27.5873098, 53.8573295], [27.5875609, 53.8573525], [27.5878181, 53.8573737], [27.5882763, 53.8574062], [27.5884459, 53.857417], [27.5886107, 53.8574223], [27.5887587, 53.8574256], [27.5888958, 53.8574281], [27.5890206, 53.8574261], [27.5891653, 53.8574166], [27.5892916, 53.8574029], [27.5894176, 53.8573846], [27.589539, 53.8573653], [27.5896614, 53.8573428], [27.5897577, 53.8573158], [27.5898486, 53.8572854], [27.5899318, 53.8572509], [27.5900024, 53.8572164], [27.5900746, 53.8571754], [27.5901327, 53.8571372], [27.5904127, 53.8572302], [27.5903063, 53.8573131], [27.5902493, 53.8573673], [27.5901481, 53.8573475], [27.5900904, 53.8574025], [27.5901675, 53.8574464], [27.5900898, 53.8575281], [27.590014, 53.857615], [27.5899201, 53.8578207], [27.5898654, 53.8580012], [27.5898231, 53.8579812], [27.5897731, 53.8579788], [27.5897215, 53.8579974], [27.5897022, 53.858026], [27.5897163, 53.8580591], [27.5895734, 53.8580289], [27.5894207, 53.8580106], [27.5888345, 53.8580172], [27.5888391, 53.8578944], [27.5880218, 53.8578926], [27.5862347, 53.8579571], [27.5863071, 53.85835], [27.5878008, 53.8582618], [27.588837, 53.8582006], [27.5888371, 53.8580922], [27.5893991, 53.8580914], [27.5895385, 53.8581072], [27.5897868, 53.8581648], [27.5899467, 53.8581937], [27.5904874, 53.8583403], [27.5905782, 53.8583989], [27.5894837, 53.8597395], [27.5885532, 53.8608107], [27.5883268, 53.8610728], [27.58828, 53.8611206], [27.5881359, 53.8610713], [27.5880191, 53.8612022], [27.5879144, 53.8612163], [27.5872857, 53.8610255], [27.5872362, 53.8610903], [27.5870999, 53.8612579], [27.586702, 53.8617572], [27.5873641, 53.8619422], [27.5863929, 53.8630451], [27.5860257, 53.8633699], [27.585833, 53.863507], [27.585745, 53.8636254], [27.5856381, 53.8637488], [27.5854894, 53.8639261], [27.5853014, 53.8640362], [27.5851263, 53.8642158], [27.5849774, 53.8643069], [27.5847855, 53.8643918], [27.5846677, 53.8644736], [27.5846001, 53.8645886], [27.5845434, 53.8646979], [27.5844912, 53.8648391], [27.584411, 53.8649744], [27.5842054, 53.8651274], [27.5839672, 53.8652592], [27.5838456, 53.8653203], [27.583728, 53.8653732], [27.5836839, 53.8653982], [27.5835932, 53.865401], [27.583602, 53.8654269], [27.583658, 53.8654526], [27.5836784, 53.8654789], [27.5836822, 53.8655072], [27.583659, 53.8655289], [27.5836223, 53.8655415], [27.5835584, 53.865555], [27.5834721, 53.8656166], [27.5834164, 53.8656244], [27.5833673, 53.8656061], [27.5833628, 53.8655716], [27.5834033, 53.8655196], [27.5833702, 53.8654964], [27.5833218, 53.8654918], [27.5832669, 53.8655522], [27.5832495, 53.8656026], [27.5832801, 53.8656339], [27.5832235, 53.8657088], [27.5831655, 53.865763], [27.5830734, 53.8658088], [27.582926, 53.8658848], [27.5827259, 53.8659418], [27.5826231, 53.8659518], [27.5825191, 53.8659446], [27.5822983, 53.8659922], [27.5821674, 53.8660655], [27.5820507, 53.8661027], [27.5818489, 53.8660992], [27.5816761, 53.8660636], [27.5815116, 53.8659846], [27.5807409, 53.8662201], [27.5801474, 53.8664862], [27.5796798, 53.8667188], [27.5793465, 53.8669321], [27.579009, 53.86704], [27.5786553, 53.8670975], [27.5783138, 53.8670951], [27.5781228, 53.8671335], [27.5782041, 53.8673948], [27.5783789, 53.8676297], [27.5787936, 53.8679845], [27.5794318, 53.8684544], [27.5808999, 53.8687757], [27.5812644, 53.8685425], [27.5819555, 53.8681521], [27.5823046, 53.867909], [27.5827195, 53.8676832], [27.5832343, 53.8674446], [27.5848865, 53.8665743], [27.5849459, 53.866521], [27.5849647, 53.8664842], [27.5852658, 53.8664468]]]]}}, {"type": "Feature", "properties": {"name": "\u041f\u0430\u0440\u043a \u041f\u0435\u0440\u0430\u043c\u043e\u0433\u0456", "kind": "park", "osm_id": 99881325, "area": 0.0002016168107275007}, "geometry": {"type": "Polygon", "coordinates": [[[27.5470336, 53.917599], [27.5472587, 53.9176184], [27.5473551, 53.9176267], [27.5471766, 53.917769], [27.5467294, 53.9181463], [27.5460627, 53.9186735], [27.5453755, 53.9192216], [27.5474324, 53.9201081], [27.5471349, 53.9202914], [27.5470184, 53.9204235], [27.5467933, 53.9209273], [27.5466772, 53.9213537], [27.5466686, 53.9215847], [27.5467445, 53.9218671], [27.5468171, 53.9219748], [27.5470259, 53.9220613], [27.5461735, 53.9228793], [27.545378, 53.9236426], [27.5447745, 53.9235308], [27.5444331, 53.9234785], [27.5443321, 53.9234704], [27.5442366, 53.9234774], [27.5441398, 53.9235055], [27.5440751, 53.9235446], [27.544053, 53.9236118], [27.5440121, 53.923697], [27.5433517, 53.9239746], [27.5423605, 53.9246286], [27.5419143, 53.9252219], [27.5416258, 53.9260267], [27.541966, 53.9261632], [27.5418865, 53.9262411], [27.5418811, 53.9263001], [27.5419202, 53.9263155], [27.5382922, 53.9297275], [27.5382396, 53.9297146], [27.5380949, 53.9296616], [27.5378412, 53.9298791], [27.5379206, 53.9300122], [27.5376166, 53.9302936], [27.5375641, 53.9303422], [27.537541, 53.9303636], [27.5375069, 53.9303952], [27.5368749, 53.9302824], [27.5351989, 53.9299926], [27.535122, 53.9299842], [27.5346303, 53.9299041], [27.5340072, 53.9298378], [27.5337681, 53.9298246], [27.5334332, 53.9298062], [27.5327462, 53.9297816], [27.5315511, 53.9297399], [27.5313893, 53.9296925], [27.5307617, 53.9296641], [27.5305992, 53.9296834], [27.530302, 53.9296841], [27.5301087, 53.9296554], [27.5290684, 53.9296295], [27.5290692, 53.92962], [27.5290696, 53.9296151], [27.5290882, 53.9295525], [27.5290444, 53.9294029], [27.5289133, 53.929215], [27.5288852, 53.929091], [27.5288805, 53.9289625], [27.5285879, 53.9289411], [27.5286206, 53.9285717], [27.5285954, 53.9281736], [27.5285299, 53.927801], [27.52843, 53.9274465], [27.5283003, 53.9270751], [27.5279234, 53.9264027], [27.5273834, 53.9256417], [27.5267257, 53.9250226], [27.5261011, 53.9245903], [27.5260266, 53.9246298], [27.5259638, 53.9245826], [27.5246798, 53.9252167], [27.5244812, 53.9250691], [27.5243878, 53.9251159], [27.52431, 53.9250592], [27.5246911, 53.924864], [27.5240352, 53.9246837], [27.5249613, 53.924216], [27.5254105, 53.9239637], [27.5263261, 53.9234015], [27.5265723, 53.92324], [27.5267118, 53.9231393], [27.5269116, 53.9229983], [27.5272386, 53.9227561], [27.527668, 53.9224337], [27.5278557, 53.9223098], [27.5281119, 53.922102], [27.5283138, 53.9219436], [27.5285384, 53.9217677], [27.5287617, 53.9215949], [27.5290052, 53.9214022], [27.5295536, 53.9209916], [27.5296241, 53.9209376], [27.5301696, 53.9205196], [27.5303614, 53.9203598], [27.5304218, 53.9203094], [27.5316892, 53.9193417], [27.5318057, 53.9192551], [27.5345629, 53.9172078], [27.5351554, 53.9167742], [27.53528, 53.9168313], [27.5354009, 53.916745], [27.5353407, 53.9167017], [27.5353784, 53.9166842], [27.5354106, 53.9166722], [27.5354075, 53.9166335], [27.535326, 53.9165948], [27.5357886, 53.9162892], [27.5362478, 53.9160171], [27.5362815, 53.9159976], [27.5363738, 53.9159442], [27.5366035, 53.9158192], [27.5366957, 53.9157718], [27.5367513, 53.9157455], [27.5371081, 53.9155686], [27.5374648, 53.9154064], [27.5375255, 53.9154271], [27.5375459, 53.9154173], [27.5381667, 53.9151417], [27.5390781, 53.9147827], [27.5392726, 53.9147274], [27.5393718, 53.9147124], [27.5394805, 53.9147226], [27.5395717, 53.9147416], [27.5420397, 53.916001], [27.5421379, 53.9159975], [27.5427539, 53.9163008], [27.5429618, 53.9164048], [27.5433982, 53.916623], [27.5436517, 53.9167477], [27.5441087, 53.9169664], [27.5445928, 53.917142], [27.5448592, 53.9172065], [27.5450506, 53.9172637], [27.5454367, 53.9173653], [27.5459822, 53.917488], [27.5462036, 53.9175207], [27.5466326, 53.9175725], [27.546793, 53.9175853], [27.5470336, 53.917599]]]}}, {"type": "Feature", "properties": {"name": "\u041b\u043e\u0448\u044b\u0446\u043a\u0456 \u043f\u0430\u0440\u043a", "kind": "park", "osm_id": 8433815, "area": 0.00012727965190606483}, "geometry": {"type": "MultiPolygon", "coordinates": [[[[27.5729431, 53.8597685], [27.5735407, 53.8598001], [27.5746646, 53.8598893], [27.5754325, 53.8599457], [27.576036, 53.8599957], [27.5768872, 53.8600675], [27.5774638, 53.8601136], [27.5799286, 53.860286], [27.5807396, 53.8602404], [27.5814392, 53.8602087], [27.5814803, 53.8602092], [27.5819442, 53.8602226], [27.5822622, 53.8602485], [27.5824647, 53.8602714], [27.5825807, 53.8602683], [27.5828805, 53.8602668], [27.5829515, 53.8602597], [27.5830336, 53.8602421], [27.5831988, 53.8601959], [27.5834129, 53.8601273], [27.583883, 53.8599759], [27.5840171, 53.8599328], [27.5841503, 53.8598941], [27.5842852, 53.8598658], [27.5844204, 53.8598405], [27.5845644, 53.8598204], [27.5847381, 53.8598032], [27.5850091, 53.8597808], [27.5851408, 53.8597587], [27.5852778, 53.859721], [27.5854079, 53.8596728], [27.5855203, 53.8596142], [27.5856226, 53.8595402], [27.5856947, 53.85946], [27.5857418, 53.859387], [27.5857712, 53.8593099], [27.585772, 53.8592491], [27.5857582, 53.8592068], [27.5857338, 53.8591582], [27.5856845, 53.8590965], [27.5856757, 53.8590667], [27.5856758, 53.8590327], [27.5856733, 53.858993], [27.5856579, 53.8589532], [27.5856325, 53.8589146], [27.5856, 53.8588781], [27.5854832, 53.8587609], [27.5853887, 53.8586751], [27.5852992, 53.8586119], [27.5852045, 53.8585539], [27.5850979, 53.8584926], [27.5847083, 53.8582552], [27.5846222, 53.8582029], [27.5845543, 53.8581549], [27.5844953, 53.8581005], [27.5844439, 53.85804], [27.5843966, 53.8579833], [27.5843629, 53.8579496], [27.5843227, 53.857921], [27.5842802, 53.8579008], [27.5842284, 53.8578856], [27.5841627, 53.8578735], [27.5835896, 53.8577945], [27.5834318, 53.8577691], [27.5833296, 53.8577496], [27.5832443, 53.8577401], [27.5831479, 53.8577324], [27.5830546, 53.8577275], [27.5827467, 53.8577107], [27.5826545, 53.857703], [27.5825526, 53.8576905], [27.5824893, 53.8576843], [27.5824268, 53.857683], [27.5823459, 53.8576844], [27.5822682, 53.8576794], [27.5821891, 53.8576626], [27.5820776, 53.8576347], [27.5820057, 53.8576179], [27.5819168, 53.8576037], [27.5817875, 53.8576162], [27.5816162, 53.8575929], [27.5815207, 53.8575401], [27.5811151, 53.8574661], [27.5808051, 53.8574119], [27.580725, 53.8573955], [27.5806773, 53.85738], [27.5806249, 53.8573709], [27.5805595, 53.8573674], [27.5804856, 53.8573577], [27.5804456, 53.8573452], [27.5804095, 53.8573271], [27.580376, 53.8573017], [27.5802824, 53.8572091], [27.5802263, 53.8571471], [27.5801875, 53.8570861], [27.5801595, 53.857017], [27.5801368, 53.856938], [27.5801239, 53.8568567], [27.5801249, 53.8567836], [27.5801339, 53.8566995], [27.5801523, 53.8566165], [27.5801861, 53.8565317], [27.5802204, 53.8564455], [27.5802652, 53.8563649], [27.5803082, 53.8563038], [27.5804514, 53.8561182], [27.5804863, 53.8560798], [27.5805315, 53.8560451], [27.5805813, 53.8560204], [27.5806397, 53.8559989], [27.5807028, 53.8559784], [27.5807547, 53.8559557], [27.5807905, 53.855934], [27.5808122, 53.8559109], [27.5808352, 53.8558808], [27.5808673, 53.8558326], [27.5809024, 53.8557972], [27.5809538, 53.8557659], [27.5810175, 53.8557437], [27.5810983, 53.8557285], [27.5811839, 53.8557243], [27.5812756, 53.8557292], [27.5813686, 53.8557366], [27.5814712, 53.8557412], [27.5815855, 53.8557419], [27.5817017, 53.8557406], [27.5818204, 53.855745], [27.5819357, 53.8557576], [27.5820469, 53.85578], [27.5821359, 53.8558093], [27.5821953, 53.8558346], [27.5822559, 53.8558544], [27.5823281, 53.8558673], [27.5824713, 53.8558761], [27.5826382, 53.8558861], [27.5827274, 53.8558945], [27.5828059, 53.8559076], [27.5828774, 53.8559242], [27.5829726, 53.8559484], [27.5830563, 53.8559674], [27.5831495, 53.8559802], [27.583355, 53.8560009], [27.5834502, 53.8560139], [27.5835398, 53.8560322], [27.5836387, 53.8560573], [27.5838331, 53.8561132], [27.5839094, 53.856139], [27.5839755, 53.8561685], [27.5840355, 53.8562011], [27.5842226, 53.8563115], [27.5842739, 53.8563478], [27.5843159, 53.8563845], [27.58447, 53.8565149], [27.5845535, 53.8565907], [27.5846321, 53.8566633], [27.5847445, 53.8567697], [27.5848019, 53.8568241], [27.5848675, 53.8568763], [27.584945, 53.8569241], [27.5850318, 53.8569663], [27.5851189, 53.8570002], [27.5852166, 53.8570299], [27.5853385, 53.8570521], [27.5854683, 53.857068], [27.5855974, 53.8570732], [27.5857476, 53.8570722], [27.5859849, 53.8570625], [27.5861632, 53.8570517], [27.5863309, 53.8570477], [27.5865015, 53.8570495], [27.5866977, 53.8570573], [27.5868729, 53.8570695], [27.5870467, 53.8570874], [27.5872741, 53.8571209], [27.587476, 53.8571457], [27.5876559, 53.857163], [27.5878761, 53.8571795], [27.5881199, 53.8571884], [27.58842, 53.8571926], [27.5888819, 53.8571949], [27.5890631, 53.8571917], [27.5892444, 53.8571821], [27.5893928, 53.8571648], [27.5895386, 53.8571381], [27.589657, 53.8571073], [27.5897673, 53.8570685], [27.5898564, 53.857031], [27.5899318, 53.856987], [27.5899871, 53.856939], [27.5900238, 53.8568829], [27.5900407, 53.8568248], [27.590047, 53.856762], [27.590043, 53.8566947], [27.5900336, 53.856637], [27.5900146, 53.8565802], [27.5899994, 53.8565542], [27.589985, 53.8565454], [27.5899658, 53.8565408], [27.5899427, 53.8565395], [27.589915, 53.856538], [27.5898942, 53.8565335], [27.5898758, 53.8565272], [27.5898519, 53.8565208], [27.5898215, 53.8565171], [27.5897912, 53.8565177], [27.5897677, 53.8565238], [27.5897489, 53.8565334], [27.5897358, 53.8565419], [27.5897205, 53.856546], [27.5897048, 53.8565447], [27.5896915, 53.8565395], [27.5896841, 53.8565301], [27.5896812, 53.8565168], [27.5896821, 53.8564979], [27.5896886, 53.8564807], [27.5897012, 53.8564639], [27.5897228, 53.8564505], [27.5897499, 53.8564411], [27.5897823, 53.8564376], [27.5898155, 53.8564366], [27.5898418, 53.8564334], [27.5898608, 53.8564247], [27.5898738, 53.8564119], [27.5898784, 53.8563962], [27.5898721, 53.8563801], [27.5898582, 53.8563618], [27.5898342, 53.8563386], [27.5898103, 53.8563076], [27.5897835, 53.8562687], [27.5897601, 53.8562238], [27.5897499, 53.8561782], [27.5897464, 53.8561336], [27.5897521, 53.8560872], [27.589772, 53.8560193], [27.5898102, 53.8559346], [27.5898669, 53.8558331], [27.589978, 53.8556672], [27.5901624, 53.855392], [27.5902389, 53.8552592], [27.59031, 53.8551296], [27.5903618, 53.8549896], [27.590414, 53.8548417], [27.5904592, 53.8546837], [27.5905353, 53.8543004], [27.5905878, 53.8540289], [27.590583, 53.8539404], [27.5905577, 53.8538543], [27.5905047, 53.8537719], [27.5904074, 53.8536907], [27.5903039, 53.8536276], [27.5901854, 53.8535715], [27.5900238, 53.8535245], [27.5898535, 53.8534947], [27.58964, 53.853474], [27.5893949, 53.8534454], [27.5890014, 53.8533875], [27.5884218, 53.8532992], [27.5881846, 53.8532633], [27.5880402, 53.8532432], [27.5878867, 53.8532332], [27.5877348, 53.853227], [27.58761, 53.8532203], [27.5875314, 53.853211], [27.5874608, 53.8531932], [27.5873822, 53.853159], [27.5873157, 53.8531367], [27.5872368, 53.8531208], [27.5871019, 53.8530924], [27.586969, 53.8530605], [27.586812, 53.8530169], [27.5866631, 53.8529705], [27.5865175, 53.8529137], [27.5863983, 53.852851], [27.5863059, 53.8527852], [27.5862191, 53.8527235], [27.5861323, 53.852669], [27.5860507, 53.8526274], [27.5859489, 53.8526004], [27.5858533, 53.8525896], [27.5857347, 53.852589], [27.5856392, 53.8525946], [27.5855797, 53.8526125], [27.5855532, 53.8526345], [27.5855506, 53.8526672], [27.5855696, 53.8527004], [27.5856015, 53.8527242], [27.585648, 53.8527409], [27.5857037, 53.8527492], [27.5857959, 53.8527491], [27.5859216, 53.8527376], [27.5860057, 53.8527318], [27.5860867, 53.8527341], [27.5861537, 53.8527488], [27.5862156, 53.8527781], [27.586266, 53.8528168], [27.586277, 53.8528455], [27.5862613, 53.8528714], [27.5862339, 53.8528916], [27.5861849, 53.8529038], [27.5861338, 53.8529005], [27.5860747, 53.8528821], [27.5860115, 53.8528688], [27.5859392, 53.8528632], [27.5858482, 53.8528666], [27.5857389, 53.8528715], [27.5856808, 53.8528655], [27.5856323, 53.8528501], [27.5856061, 53.8528263], [27.5855896, 53.8527876], [27.5855619, 53.8527485], [27.5855233, 53.8527111], [27.5854756, 53.8526946], [27.5854129, 53.8526811], [27.585017, 53.8526169], [27.5848458, 53.8525987], [27.5847325, 53.8525934], [27.5846193, 53.8525929], [27.5845237, 53.8525947], [27.5844406, 53.8525956], [27.5843592, 53.8525851], [27.5842807, 53.8525648], [27.584013, 53.8524756], [27.5838248, 53.8524169], [27.5836261, 53.8523655], [27.5834725, 53.852324], [27.5833904, 53.8522991], [27.5833066, 53.8522637], [27.5832262, 53.8522188], [27.5831551, 53.8521732], [27.5828736, 53.8519876], [27.5828292, 53.8519606], [27.5828012, 53.851949], [27.5827651, 53.8519452], [27.582733, 53.8519516], [27.5827088, 53.8519706], [27.5827009, 53.8519924], [27.5827018, 53.852022], [27.5826898, 53.8520405], [27.5826601, 53.8520553], [27.5826161, 53.8520614], [27.5825684, 53.8520616], [27.5825131, 53.8520542], [27.5824463, 53.8520419], [27.5823071, 53.8520061], [27.5822607, 53.8519952], [27.5822074, 53.8519884], [27.5821482, 53.8519881], [27.5820789, 53.8519876], [27.5820186, 53.8519832], [27.5819571, 53.8519741], [27.5818906, 53.851959], [27.5818207, 53.8519364], [27.5817555, 53.8519092], [27.5816602, 53.8518615], [27.5815158, 53.8517869], [27.5814445, 53.8517556], [27.581371, 53.8517296], [27.5812333, 53.8516873], [27.581021, 53.8516192], [27.5809543, 53.8515926], [27.5808948, 53.851565], [27.580841, 53.8515322], [27.5807926, 53.851493], [27.580744, 53.8514353], [27.5806982, 53.8513792], [27.5806563, 53.8513224], [27.5806182, 53.8512593], [27.5805935, 53.8512025], [27.580542, 53.8510682], [27.5804841, 53.850907], [27.5804457, 53.8508058], [27.580398, 53.8506982], [27.5803056, 53.8504714], [27.5802674, 53.8503586], [27.580233, 53.8502313], [27.5801972, 53.8500817], [27.5801839, 53.8500424], [27.5801585, 53.8500029], [27.580117, 53.8499698], [27.5800637, 53.8499553], [27.5799996, 53.8499472], [27.5799285, 53.8499441], [27.579842, 53.8499473], [27.5797675, 53.8499592], [27.5796924, 53.8499757], [27.5796281, 53.8499887], [27.5795517, 53.849993], [27.5794749, 53.8499921], [27.579307, 53.8499857], [27.5792356, 53.8499804], [27.5791716, 53.8499687], [27.5791051, 53.8499484], [27.5790247, 53.8499194], [27.5787784, 53.8498285], [27.5787069, 53.849809], [27.578635, 53.8497952], [27.5785722, 53.8497883], [27.5785012, 53.8497882], [27.5784251, 53.8497867], [27.5783828, 53.8497804], [27.5783547, 53.8497689], [27.578337, 53.8497504], [27.5783315, 53.8497264], [27.5783417, 53.8497048], [27.5783705, 53.8496847], [27.5784123, 53.8496643], [27.5784406, 53.8496454], [27.5784548, 53.8496183], [27.57844, 53.8495958], [27.5784058, 53.849577], [27.5783576, 53.8495637], [27.5782943, 53.849561], [27.5782335, 53.8495707], [27.5781716, 53.8495901], [27.5774254, 53.8498701], [27.5772999, 53.8499205], [27.57721, 53.8499639], [27.5771414, 53.8499915], [27.5770603, 53.8500242], [27.5770586, 53.8500367], [27.5770482, 53.8500551], [27.5770522, 53.8500744], [27.57707, 53.8500925], [27.5773309, 53.8502976], [27.5773868, 53.850343], [27.5774296, 53.8503896], [27.5774499, 53.8504273], [27.5774554, 53.8504656], [27.5774465, 53.850503], [27.5774243, 53.8505401], [27.577389, 53.850576], [27.5773437, 53.8506084], [27.5772966, 53.8506384], [27.5772399, 53.850669], [27.5770263, 53.850779], [27.5767998, 53.8508915], [27.5765892, 53.8509841], [27.5763921, 53.851061], [27.57619, 53.8511401], [27.5760898, 53.8511867], [27.575996, 53.8512429], [27.5759129, 53.8512982], [27.5758434, 53.8513483], [27.575612, 53.851536], [27.5755464, 53.8515798], [27.5754776, 53.8516179], [27.5753938, 53.8516567], [27.575317, 53.8516889], [27.5752252, 53.8517236], [27.5750972, 53.8517685], [27.5749981, 53.8517994], [27.5749367, 53.8518169], [27.574884, 53.8518321], [27.5748383, 53.8518486], [27.5748012, 53.8518653], [27.5747725, 53.8518818], [27.5747355, 53.851907], [27.5747008, 53.8519286], [27.5746629, 53.8519469], [27.5746208, 53.8519619], [27.5745719, 53.8519761], [27.5742749, 53.8520533], [27.5742294, 53.8520648], [27.574186, 53.8520738], [27.5741342, 53.8520794], [27.5740895, 53.8520791], [27.5740521, 53.8520742], [27.5740236, 53.8520655], [27.5739944, 53.8520558], [27.5739611, 53.8520503], [27.573921, 53.8520467], [27.5738802, 53.8520477], [27.5738434, 53.8520524], [27.5737937, 53.8520617], [27.5737441, 53.8520734], [27.573703, 53.852088], [27.5736646, 53.8521068], [27.5736357, 53.8521269], [27.5736085, 53.8521498], [27.5735816, 53.8521741], [27.5735537, 53.8521991], [27.5735191, 53.8522243], [27.5734658, 53.8522545], [27.5733983, 53.8522841], [27.573322, 53.8523116], [27.5731094, 53.8523751], [27.5729694, 53.8524162], [27.5728741, 53.8524391], [27.5727854, 53.8524511], [27.5726993, 53.8524551], [27.5726164, 53.8524517], [27.572441, 53.8524303], [27.5723516, 53.8524108], [27.5722739, 53.8523854], [27.5722022, 53.8523488], [27.5721549, 53.852301], [27.5721141, 53.8522475], [27.5720786, 53.8521856], [27.5720111, 53.8520271], [27.5719966, 53.8519969], [27.5719741, 53.8519733], [27.5719479, 53.8519538], [27.5719169, 53.8519396], [27.5718785, 53.85193], [27.5718382, 53.8519268], [27.571806, 53.8519279], [27.571845, 53.8519989], [27.5718976, 53.8521554], [27.5724142, 53.8547346], [27.5725538, 53.8551362], [27.5727165, 53.8552399], [27.5727604, 53.8552684], [27.5727535, 53.8553596], [27.572833, 53.8557547], [27.5730778, 53.8572197], [27.5730793, 53.8574759], [27.5729596, 53.8582241], [27.5728665, 53.8586297], [27.5727475, 53.8591706], [27.5726456, 53.8595731], [27.5728745, 53.8595898], [27.5729045, 53.8595768], [27.5729446, 53.859604], [27.5729646, 53.8596171], [27.5729833, 53.8596254], [27.5729556, 53.8596521], [27.5729431, 53.8597685]]], [[[27.5816199, 53.8559092], [27.5816891, 53.8559316], [27.5817606, 53.8559548], [27.5818345, 53.8559741], [27.5819169, 53.8559872], [27.5820312, 53.8559993], [27.5827721, 53.8560668], [27.5828977, 53.8560824], [27.5830107, 53.8561018], [27.5834725, 53.8561952], [27.583599, 53.8562252], [27.5836954, 53.8562562], [27.5837914, 53.8562965], [27.5838743, 53.8563369], [27.5839421, 53.8563775], [27.5840098, 53.8564236], [27.5840664, 53.8564566], [27.5841132, 53.8564805], [27.5841607, 53.8565019], [27.584201, 53.8565203], [27.5842337, 53.8565368], [27.5842601, 53.856557], [27.5842744, 53.856573], [27.584279, 53.8565909], [27.5842746, 53.856608], [27.5842646, 53.8566234], [27.584252, 53.856643], [27.5842503, 53.8566619], [27.5842595, 53.8566818], [27.5842803, 53.8567], [27.5843161, 53.8567267], [27.5843363, 53.8567338], [27.5843616, 53.8567358], [27.5843902, 53.8567326], [27.5844275, 53.8567268], [27.5844457, 53.856726], [27.5844645, 53.856729], [27.5844819, 53.8567384], [27.5844947, 53.8567524], [27.5845113, 53.8567841], [27.5845129, 53.8568015], [27.5845083, 53.8568146], [27.5844974, 53.8568247], [27.5844905, 53.8568372], [27.5844958, 53.8568502], [27.5845119, 53.8568674], [27.5845266, 53.8568776], [27.584546, 53.856885], [27.5845722, 53.8568889], [27.5846072, 53.8568944], [27.58463, 53.8569], [27.5846512, 53.8569099], [27.5846687, 53.8569246], [27.584709, 53.8569676], [27.5847338, 53.8569871], [27.5847613, 53.8570023], [27.5847877, 53.8570195], [27.5848053, 53.8570361], [27.5848178, 53.8570556], [27.5848234, 53.8570753], [27.5848376, 53.8570949], [27.5848648, 53.8571093], [27.5849011, 53.8571185], [27.5849576, 53.8571289], [27.5849989, 53.8571392], [27.585041, 53.8571534], [27.5850782, 53.8571657], [27.5851207, 53.8571748], [27.585166, 53.8571807], [27.5852108, 53.8571843], [27.5852817, 53.8571857], [27.5853059, 53.8571875], [27.5853291, 53.8571917], [27.5853453, 53.8572012], [27.5853499, 53.8572147], [27.585345, 53.8572308], [27.5853279, 53.8572439], [27.5853046, 53.857254], [27.5849276, 53.8573806], [27.5848441, 53.8574144], [27.5847777, 53.8574461], [27.5847237, 53.8574805], [27.5846589, 53.8575275], [27.5846, 53.8575725], [27.5844926, 53.8576645], [27.5844255, 53.8577151], [27.5843381, 53.857756], [27.5842284, 53.857776], [27.5841247, 53.8577757], [27.5840191, 53.8577653], [27.5833961, 53.8576795], [27.583264, 53.857662], [27.5831319, 53.8576486], [27.5829457, 53.85763], [27.5825707, 53.8575886], [27.5823543, 53.857561], [27.5821729, 53.8575296], [27.5820065, 53.8574936], [27.5818206, 53.8574559], [27.5816668, 53.8574307], [27.5815269, 53.8574111], [27.5813911, 53.8573961], [27.5812471, 53.8573787], [27.5810962, 53.8573578], [27.5809522, 53.8573348], [27.5808044, 53.8573059], [27.5806786, 53.8572748], [27.5806006, 53.8572524], [27.5805428, 53.8572267], [27.5805108, 53.8572024], [27.5805025, 53.8571853], [27.5805125, 53.8571656], [27.580535, 53.8571544], [27.5805649, 53.8571482], [27.5805916, 53.8571381], [27.5806065, 53.8571198], [27.5806077, 53.8570948], [27.5805928, 53.8570709], [27.5805643, 53.8570528], [27.5805218, 53.8570402], [27.5804694, 53.8570352], [27.5804176, 53.8570334], [27.5803739, 53.8570267], [27.5803339, 53.8570125], [27.5803023, 53.8569919], [27.5802801, 53.8569661], [27.580269, 53.8569343], [27.5802684, 53.8568949], [27.5802723, 53.8568557], [27.5802796, 53.8568117], [27.5802966, 53.8567786], [27.5803314, 53.8567357], [27.5803739, 53.8566943], [27.5804153, 53.8566501], [27.5804455, 53.8566035], [27.58047, 53.8565499], [27.5804752, 53.8565252], [27.5804675, 53.8565004], [27.5804555, 53.8564724], [27.5804484, 53.8564481], [27.5804442, 53.8564194], [27.5804532, 53.8563878], [27.5804832, 53.8563446], [27.5805126, 53.8563125], [27.5805478, 53.856286], [27.5805971, 53.8562618], [27.5806603, 53.8562318], [27.5807071, 53.8562031], [27.5807428, 53.8561748], [27.580908, 53.8560221], [27.580961, 53.8559796], [27.581015, 53.8559449], [27.5810877, 53.8559088], [27.5811699, 53.8558857], [27.5812625, 53.8558743], [27.581355, 53.8558736], [27.5814533, 53.8558798], [27.5815413, 53.8558928], [27.5816199, 53.8559092]]], [[[27.5786382, 53.8495683], [27.578663, 53.8495958], [27.5787326, 53.8496484], [27.5788048, 53.8496998], [27.5788694, 53.8497404], [27.5789231, 53.8497668], [27.5789858, 53.8497913], [27.5790511, 53.8498103], [27.5791244, 53.8498263], [27.5792031, 53.8498358], [27.5792862, 53.8498412], [27.5793907, 53.8498427], [27.5797381, 53.8498418], [27.5798316, 53.8498442], [27.5799297, 53.8498479], [27.5800278, 53.8498539], [27.5800853, 53.8498566], [27.5801245, 53.8498516], [27.580165, 53.8498373], [27.5801946, 53.8498203], [27.5802135, 53.8497962], [27.5802106, 53.8497733], [27.5801965, 53.8497529], [27.5801671, 53.8497361], [27.5801219, 53.8497261], [27.5800671, 53.8497245], [27.5800126, 53.8497256], [27.5799476, 53.8497246], [27.5798721, 53.8497173], [27.5798013, 53.8497018], [27.579727, 53.8496802], [27.5796481, 53.8496486], [27.5795665, 53.8496071], [27.5794735, 53.8495523], [27.5794057, 53.8495147], [27.5793328, 53.8494801], [27.5792547, 53.8494487], [27.5791675, 53.8494238], [27.5790616, 53.84941], [27.5789648, 53.8494081], [27.5788589, 53.849417], [27.5787682, 53.8494331], [27.578706, 53.8494503], [27.5786646, 53.8494685], [27.5786375, 53.8494902], [27.5786241, 53.8495131], [27.5786235, 53.8495407], [27.5786382, 53.8495683]]]]}}, {"type": "Feature", "properties": {"name": "\u0421\u0435\u0432\u0430\u0441\u0442\u043e\u043f\u0430\u043b\u044c\u0441\u043a\u0456 \u043f\u0430\u0440\u043a", "kind": "park", "osm_id": 9577162, "area": 0.00012211474722789717}, "geometry": {"type": "MultiPolygon", "coordinates": [[[[27.6088391, 53.9420781], [27.6093311, 53.9425268], [27.6109999, 53.944086], [27.6113768, 53.9442964], [27.6127287, 53.9456342], [27.613714, 53.9467749], [27.6138339, 53.9468224], [27.6139722, 53.9467835], [27.6137635, 53.9465276], [27.6146016, 53.9462929], [27.614763, 53.9464947], [27.6159305, 53.9461467], [27.6172819, 53.9457446], [27.6182437, 53.9454515], [27.6210897, 53.9443664], [27.6210977, 53.9442666], [27.621101, 53.9442246], [27.620731, 53.9438974], [27.6204575, 53.9436555], [27.6212912, 53.9432752], [27.6213175, 53.9431434], [27.6216416, 53.9427961], [27.6210159, 53.9423329], [27.6224128, 53.9419686], [27.6224785, 53.9417083], [27.6232197, 53.9414376], [27.6232639, 53.9414735], [27.6240395, 53.942015], [27.6250864, 53.9416496], [27.6255922, 53.9418429], [27.6262592, 53.9413021], [27.6265226, 53.9412755], [27.6267098, 53.9411394], [27.6274156, 53.9407849], [27.6279821, 53.9406223], [27.6282184, 53.9406125], [27.6283931, 53.940645], [27.6295224, 53.9400203], [27.6296521, 53.9401052], [27.6306111, 53.939623], [27.6313971, 53.9400027], [27.6314145, 53.9395472], [27.6314548, 53.9391272], [27.6314869, 53.938813], [27.6315338, 53.9385224], [27.6315647, 53.9383401], [27.6316237, 53.9380536], [27.6322168, 53.935268], [27.6321384, 53.9352211], [27.6304414, 53.9356033], [27.6302817, 53.9356279], [27.6301693, 53.9356399], [27.6300266, 53.9356349], [27.6298598, 53.9356078], [27.6297245, 53.9355706], [27.6276851, 53.9348944], [27.6263922, 53.9358591], [27.6245847, 53.9371323], [27.6234649, 53.9377157], [27.6212569, 53.9387919], [27.6208258, 53.9389555], [27.6191871, 53.9393866], [27.6141933, 53.9406507], [27.6141545, 53.9406614], [27.6131946, 53.9409255], [27.612427, 53.9411177], [27.612378, 53.9411181], [27.6088391, 53.9420781]]], [[[27.6325371, 53.934273], [27.6325558, 53.9342159], [27.632584, 53.9341274], [27.6326301, 53.9340443], [27.6327129, 53.9340279], [27.6328384, 53.9340683], [27.6353068, 53.9350041], [27.6360209, 53.935283], [27.6371936, 53.9357125], [27.6372343, 53.9357302], [27.637273, 53.9357469], [27.6372949, 53.9357653], [27.6373075, 53.9357862], [27.6373043, 53.9358049], [27.6372963, 53.9358247], [27.6372829, 53.935842], [27.6338735, 53.9388995], [27.6335481, 53.9388434], [27.6327656, 53.9387698], [27.6318548, 53.9386244], [27.63168, 53.9385209], [27.6317521, 53.9380691], [27.6325055, 53.9344294], [27.6325371, 53.934273]]]]}}, {"type": "Feature", "properties": {"name": "\u041f\u0430\u0440\u043a \u0456\u043c\u044f 50-\u0433\u043e\u0434\u0434\u0437\u044f \u041a\u0430\u0441\u0442\u0440\u044b\u0447\u043d\u0456\u043a\u0430", "kind": "park", "osm_id": 15326935, "area": 0.00010450158379171626}, "geometry": {"type": "MultiPolygon", "coordinates": [[[[27.6173742, 53.8828243], [27.6176694, 53.8829303], [27.6176751, 53.882982], [27.6177014, 53.8832334], [27.6204218, 53.8842769], [27.6204832, 53.8842811], [27.6205297, 53.8842615], [27.6209143, 53.883935], [27.6266929, 53.8780989], [27.6268699, 53.8778143], [27.6269075, 53.8775613], [27.6268914, 53.8773842], [27.6268259, 53.8771686], [27.6251483, 53.8773796], [27.6249223, 53.8773796], [27.6247406, 53.8773695], [27.624485, 53.877349], [27.624154, 53.8773112], [27.6238906, 53.877248], [27.623693, 53.8774505], [27.6226452, 53.8776686], [27.6229169, 53.8781326], [27.6229294, 53.8781524], [27.6229344, 53.8781603], [27.6234408, 53.8789629], [27.6226037, 53.8791243], [27.6224908, 53.8790813], [27.6223438, 53.8790095], [27.6218839, 53.8781578], [27.6218163, 53.8780853], [27.6217433, 53.8780707], [27.6216422, 53.8778418], [27.6203316, 53.8781128], [27.6202523, 53.8782278], [27.620195, 53.8783064], [27.6188121, 53.878586], [27.618859, 53.8786868], [27.6182071, 53.8788102], [27.6175773, 53.8776856], [27.6172878, 53.8777399], [27.6172079, 53.8776045], [27.615789, 53.8778887], [27.6159198, 53.8779803], [27.6154184, 53.8780862], [27.6153123, 53.8782459], [27.6159803, 53.8794444], [27.6159942, 53.8795078], [27.6159744, 53.8796268], [27.6159926, 53.8796792], [27.6160295, 53.8797223], [27.6161256, 53.8797546], [27.6160883, 53.879893], [27.6162685, 53.8801569], [27.6162926, 53.8801964], [27.6171186, 53.880241], [27.6182706, 53.8805014], [27.6183882, 53.8805738], [27.6187173, 53.8804717], [27.6188567, 53.880631], [27.6186162, 53.8807077], [27.6187749, 53.8808691], [27.6189161, 53.8810489], [27.6189487, 53.8812593], [27.6188506, 53.8816729], [27.6186658, 53.882101], [27.6185748, 53.8822573], [27.618441, 53.8823819], [27.6183581, 53.8824858], [27.6182503, 53.882621], [27.6180764, 53.8826657], [27.6179018, 53.88263], [27.6177656, 53.8827045], [27.617631, 53.8826864], [27.6173742, 53.8828243]]], [[[27.6292726, 53.8878242], [27.6245368, 53.8861086], [27.6241723, 53.8859778], [27.6239961, 53.8858475], [27.6239928, 53.8857617], [27.6242385, 53.8857189], [27.6243282, 53.8856697], [27.6243149, 53.8855953], [27.6242222, 53.885536], [27.6240952, 53.8855223], [27.6239219, 53.8855129], [27.6237766, 53.8854908], [27.6236741, 53.8854915], [27.6234868, 53.8854679], [27.6234026, 53.8855353], [27.623387, 53.8856154], [27.6233028, 53.885655], [27.6231493, 53.8856115], [27.6230216, 53.8855377], [27.6229429, 53.8854634], [27.6229843, 53.8853891], [27.6231145, 53.8853601], [27.6232182, 53.8852951], [27.623236, 53.8852148], [27.6232624, 53.8851405], [27.6232845, 53.8850827], [27.6232637, 53.8850324], [27.6232054, 53.8849802], [27.6231148, 53.884928], [27.622967, 53.884892], [27.6228149, 53.8848686], [27.6225579, 53.8848723], [27.6222552, 53.8849026], [27.6221992, 53.8848925], [27.6215818, 53.8846932], [27.6210846, 53.8844888], [27.6276352, 53.87796], [27.6290709, 53.8777093], [27.6289847, 53.8775386], [27.6303994, 53.8772182], [27.6305313, 53.8774656], [27.6310608, 53.8773675], [27.6315117, 53.8772734], [27.6320532, 53.8782362], [27.6318855, 53.8784204], [27.6314094, 53.8788064], [27.6315914, 53.8788844], [27.6314778, 53.8791349], [27.6296841, 53.8807713], [27.6287574, 53.8815522], [27.6292622, 53.8817778], [27.6311633, 53.8825543], [27.6314107, 53.8827194], [27.6317273, 53.8832428], [27.6319521, 53.8834341], [27.6332626, 53.8839597], [27.6327504, 53.884188], [27.631188, 53.8856098], [27.6320899, 53.8859648], [27.6319454, 53.8860966], [27.6326627, 53.8863593], [27.6325113, 53.8865089], [27.6324165, 53.8865869], [27.6311721, 53.8863149], [27.6304812, 53.8869295], [27.6298909, 53.8874546], [27.6297719, 53.8874085], [27.6292726, 53.8878242]]]]}}, {"type": "Feature", "properties": {"name": "\u041f\u0430\u0440\u043a \u0413\u0440\u044d\u043a\u0430\u0432\u0430\u0439", "kind": "park", "osm_id": 23973853, "area": 9.166236225155444e-05}, "geometry": {"type": "Polygon", "coordinates": [[[27.6164717, 53.8482883], [27.6164182, 53.8483109], [27.6163561, 53.8483277], [27.6162865, 53.8483361], [27.6162092, 53.8483363], [27.6161288, 53.8483307], [27.6160511, 53.8483215], [27.6159734, 53.8483076], [27.6158893, 53.8482904], [27.6158178, 53.8482723], [27.6157315, 53.8482471], [27.6155903, 53.8481993], [27.6154915, 53.8481714], [27.6153917, 53.8481508], [27.6152813, 53.8481406], [27.6151627, 53.8481437], [27.6150433, 53.8481473], [27.6149291, 53.8481426], [27.6148063, 53.848135], [27.614664, 53.8481222], [27.6145404, 53.8481032], [27.6141868, 53.8480361], [27.6139921, 53.8480003], [27.6138417, 53.8479792], [27.613694, 53.8479645], [27.613525, 53.8479529], [27.6133439, 53.8479416], [27.6131505, 53.8479335], [27.6129858, 53.8479278], [27.6128928, 53.8479169], [27.6128016, 53.8478946], [27.6127319, 53.8478639], [27.6126816, 53.8478176], [27.6126564, 53.8477667], [27.6126329, 53.8477199], [27.6125949, 53.847677], [27.6125452, 53.8476423], [27.612485, 53.8476159], [27.6124062, 53.8476], [27.6123221, 53.8475925], [27.6122289, 53.8475902], [27.6119675, 53.8475837], [27.6118998, 53.8475821], [27.6118414, 53.847576], [27.6117878, 53.8475637], [27.6117271, 53.8475461], [27.6116292, 53.8475156], [27.6115467, 53.8474945], [27.6114532, 53.847476], [27.6113503, 53.8474511], [27.6112411, 53.8474164], [27.611099, 53.8473639], [27.6104724, 53.8471502], [27.6103113, 53.8470991], [27.6101395, 53.8470546], [27.6099395, 53.847011], [27.6097608, 53.8469786], [27.6095644, 53.8469441], [27.6093496, 53.8469057], [27.6091314, 53.846859], [27.6089417, 53.8468152], [27.6087118, 53.8467618], [27.6084199, 53.8466858], [27.6082537, 53.8466195], [27.6081153, 53.8465415], [27.6080096, 53.8464567], [27.6079346, 53.8463627], [27.6078586, 53.8462584], [27.6077988, 53.8461804], [27.607731, 53.8461182], [27.6076561, 53.846063], [27.6075954, 53.8460295], [27.6074514, 53.8459515], [27.6073133, 53.8458624], [27.6072029, 53.8457851], [27.6069318, 53.8455718], [27.6068297, 53.845489], [27.6067083, 53.8453904], [27.6066268, 53.8453343], [27.6065454, 53.845279], [27.606479, 53.8452446], [27.6064124, 53.8452201], [27.6063387, 53.8452], [27.6062699, 53.8451811], [27.6062051, 53.8451566], [27.6061462, 53.8451299], [27.6060915, 53.845096], [27.6060443, 53.8450522], [27.6060088, 53.845002], [27.6052683, 53.8437674], [27.6052119, 53.8436734], [27.6051703, 53.8436232], [27.6051277, 53.843583], [27.6050716, 53.843555], [27.6050027, 53.8435334], [27.6049168, 53.8435144], [27.6048307, 53.8435062], [27.6047691, 53.8434919], [27.6047111, 53.8434712], [27.6046438, 53.8434458], [27.6045684, 53.8434215], [27.6044817, 53.8434004], [27.604426, 53.8433874], [27.6043646, 53.8433731], [27.6042756, 53.8433483], [27.6042025, 53.8433204], [27.6041516, 53.8432966], [27.6041042, 53.8432688], [27.6040653, 53.8432339], [27.6040401, 53.8432143], [27.604009, 53.8431996], [27.6039686, 53.8431931], [27.60392, 53.843197], [27.6038833, 53.8432133], [27.6038595, 53.8432351], [27.6038474, 53.8432669], [27.6038354, 53.8433255], [27.6038207, 53.8433626], [27.6037849, 53.8433996], [27.603743, 53.8434282], [27.6036941, 53.8434529], [27.6036276, 53.8434776], [27.603558, 53.8434987], [27.6034684, 53.8435189], [27.6033885, 53.843529], [27.6033087, 53.8435302], [27.6032276, 53.84352], [27.6031614, 53.8435019], [27.6030932, 53.8434783], [27.6030251, 53.8434431], [27.6029679, 53.8434034], [27.6027969, 53.8432716], [27.60273, 53.8432139], [27.6026674, 53.8431534], [27.6026092, 53.8430963], [27.6025487, 53.8430261], [27.6024882, 53.8429535], [27.6024494, 53.8428943], [27.6024165, 53.8428393], [27.6023739, 53.8427624], [27.6023029, 53.8426258], [27.6022366, 53.8425003], [27.60221, 53.8424352], [27.6021914, 53.8423765], [27.6021852, 53.8423189], [27.6021966, 53.8422702], [27.6022199, 53.8422135], [27.6022699, 53.8421088], [27.6022798, 53.8420749], [27.6022724, 53.842035], [27.6022474, 53.8419962], [27.6021978, 53.8419643], [27.6021393, 53.8419345], [27.6020495, 53.8419057], [27.6015598, 53.8417517], [27.6014439, 53.8417114], [27.601368, 53.8416745], [27.6013071, 53.8416289], [27.6012713, 53.8415758], [27.6012515, 53.8415154], [27.6012505, 53.841447], [27.6013553, 53.8408674], [27.6013992, 53.840632], [27.6014034, 53.8405751], [27.6013999, 53.8405307], [27.6013893, 53.8404932], [27.6013621, 53.8404568], [27.6013261, 53.8404312], [27.6012744, 53.8404127], [27.6012192, 53.8404039], [27.6011386, 53.8404106], [27.6010587, 53.8404278], [27.6009895, 53.8404611], [27.6009245, 53.8404978], [27.6008804, 53.8405368], [27.6008549, 53.8405868], [27.6008429, 53.8406521], [27.6008259, 53.8409043], [27.6008019, 53.8410264], [27.60078, 53.8410931], [27.6007486, 53.8412207], [27.6007345, 53.8412984], [27.6007314, 53.841378], [27.6007257, 53.8416229], [27.6007068, 53.8416781], [27.6006627, 53.8417249], [27.6005979, 53.8417599], [27.600515, 53.8417854], [27.6004538, 53.8417929], [27.6004015, 53.8417897], [27.6003511, 53.8417918], [27.6002953, 53.8418088], [27.6002466, 53.8418354], [27.6001962, 53.8418651], [27.6001242, 53.8418928], [27.6000395, 53.8419098], [27.5999585, 53.8419183], [27.5997513, 53.8419374], [27.5996379, 53.8419587], [27.599528, 53.8419895], [27.5994541, 53.842016], [27.5993785, 53.8420511], [27.5993173, 53.8420936], [27.5992761, 53.842151], [27.599256, 53.8421956], [27.599256, 53.8422435], [27.5992704, 53.8422923], [27.5992938, 53.842354], [27.599301, 53.8424231], [27.5992992, 53.8424794], [27.599283, 53.8425506], [27.5992506, 53.8426611], [27.599247, 53.8427355], [27.599256, 53.8427982], [27.5992794, 53.8428471], [27.5992812, 53.8428949], [27.599265, 53.8429416], [27.599247, 53.8429916], [27.599202, 53.8430968], [27.5991714, 53.8431669], [27.5991534, 53.8432307], [27.5991263, 53.8432998], [27.5990831, 53.8433614], [27.5990345, 53.8434198], [27.5989768, 53.8434751], [27.5989084, 53.8435303], [27.5988598, 53.8435824], [27.5988238, 53.8436313], [27.5988075, 53.8436866], [27.5987769, 53.8437439], [27.5987235, 53.8438176], [27.5986725, 53.8438948], [27.5986346, 53.843965], [27.5986022, 53.8440319], [27.5985788, 53.8440967], [27.598559, 53.8441817], [27.5985572, 53.844254], [27.5985752, 53.8442976], [27.598604, 53.8443348], [27.5986202, 53.844373], [27.598622, 53.8444113], [27.5986112, 53.8444453], [27.5985842, 53.8444857], [27.5985644, 53.8445313], [27.5985554, 53.8445749], [27.5985626, 53.8446355], [27.5985968, 53.8446929], [27.598604, 53.8447556], [27.5985968, 53.8448087], [27.598577, 53.8448916], [27.5985554, 53.8449702], [27.598532, 53.8450287], [27.5984977, 53.8450945], [27.5984923, 53.8451615], [27.5984923, 53.8452189], [27.5985086, 53.8452741], [27.5985158, 53.8453272], [27.5984977, 53.8453984], [27.5984725, 53.8454558], [27.5984293, 53.8455121], [27.5983789, 53.8455886], [27.5983393, 53.8456598], [27.5983104, 53.8457247], [27.5982834, 53.8457937], [27.5982636, 53.845849], [27.5982312, 53.845901], [27.5981916, 53.8459467], [27.5981357, 53.8460009], [27.5980977, 53.8460605], [27.5980745, 53.8461178], [27.5980637, 53.8461763], [27.5980525, 53.8462793], [27.5980256, 53.846361], [27.5979842, 53.8464746], [27.5979283, 53.846571], [27.5978663, 53.846665], [27.5977959, 53.846759], [27.5977049, 53.8468566], [27.5975994, 53.8469481], [27.5975063, 53.8470299], [27.5974194, 53.8470848], [27.5973718, 53.8471276], [27.5973345, 53.8471739], [27.597289, 53.8472289], [27.5972483, 53.8472993], [27.5971981, 53.8473576], [27.5971291, 53.8474177], [27.5978814, 53.8477555], [27.5987053, 53.8478882], [27.5990253, 53.8467577], [27.5991496, 53.8465706], [27.5992523, 53.8458074], [27.5992184, 53.8456758], [27.5992041, 53.8455939], [27.5992287, 53.8455014], [27.5994487, 53.8450153], [27.5994175, 53.8447317], [27.5993623, 53.8444481], [27.5994819, 53.8442861], [27.5999246, 53.8441964], [27.6005504, 53.844286], [27.6011377, 53.8444493], [27.6015221, 53.8446084], [27.6019052, 53.844767], [27.6019962, 53.8450092], [27.6018916, 53.845525], [27.6018649, 53.8457759], [27.6017991, 53.8458999], [27.6016529, 53.8460269], [27.6017282, 53.8461315], [27.6020648, 53.8461177], [27.6021757, 53.8461132], [27.6030653, 53.8461834], [27.6045831, 53.8463031], [27.6047246, 53.8463145], [27.6048003, 53.8463206], [27.6062862, 53.8464652], [27.6063737, 53.846472], [27.6057535, 53.8483367], [27.605737, 53.848362], [27.605689, 53.8484358], [27.6056216, 53.8484248], [27.6048252, 53.848283], [27.6047831, 53.8483648], [27.6048299, 53.8485607], [27.6046005, 53.8485936], [27.6042954, 53.8486462], [27.6042632, 53.8487263], [27.6039255, 53.8491592], [27.6126056, 53.851624], [27.6127463, 53.8516676], [27.6134569, 53.8518762], [27.6141108, 53.8520819], [27.6147556, 53.8522678], [27.6149376, 53.8522908], [27.6150198, 53.8523135], [27.6151986, 53.8522702], [27.6159881, 53.8524829], [27.6175372, 53.8529281], [27.6190637, 53.853367], [27.6223902, 53.8543249], [27.6228185, 53.8544545], [27.6227879, 53.8544952], [27.623843, 53.8548147], [27.6239265, 53.8548848], [27.6239863, 53.8548907], [27.6240925, 53.854924], [27.6241467, 53.8548797], [27.6244529, 53.8549659], [27.6245854, 53.8548044], [27.6246441, 53.854738], [27.624705, 53.8546781], [27.6247617, 53.8546296], [27.6248184, 53.8545915], [27.6248876, 53.85456], [27.6249607, 53.8545368], [27.6250619, 53.8545176], [27.6251216, 53.8545152], [27.6251785, 53.8545188], [27.6252355, 53.8545251], [27.6252962, 53.8545298], [27.6253628, 53.8545256], [27.6254187, 53.854512], [27.6254739, 53.8544938], [27.6255337, 53.8544722], [27.6255972, 53.8544537], [27.6256843, 53.8544373], [27.6258105, 53.8544184], [27.6259212, 53.8543981], [27.6260206, 53.8543694], [27.6260963, 53.8543341], [27.6261635, 53.8542926], [27.6262052, 53.8542545], [27.6262216, 53.8542174], [27.626217, 53.854181], [27.6262008, 53.854146], [27.6261646, 53.8541145], [27.6261071, 53.8540842], [27.6260413, 53.8540579], [27.6259775, 53.854038], [27.6259111, 53.8540243], [27.6258307, 53.8540147], [27.6257379, 53.8540092], [27.6256371, 53.8540062], [27.625379, 53.8540039], [27.6252401, 53.8540046], [27.6251002, 53.8540083], [27.6249557, 53.8540141], [27.6247023, 53.8540225], [27.6244295, 53.854029], [27.6243199, 53.8540271], [27.6242079, 53.8540203], [27.6240982, 53.85401], [27.6240013, 53.8539938], [27.6239115, 53.8539666], [27.6238267, 53.8539338], [27.6237477, 53.8538927], [27.6235281, 53.8537737], [27.6234575, 53.8537173], [27.6234114, 53.8536572], [27.6233918, 53.8536017], [27.623363, 53.8535455], [27.6233206, 53.8534951], [27.6232685, 53.8534463], [27.6231887, 53.8533993], [27.6231032, 53.8533583], [27.6230134, 53.8533277], [27.6228993, 53.8532913], [27.622816, 53.8532596], [27.6227362, 53.8532276], [27.6226536, 53.8532005], [27.6225706, 53.8531784], [27.6224916, 53.8531569], [27.6223997, 53.8531259], [27.6223191, 53.8530949], [27.6222396, 53.8530572], [27.6221682, 53.8530154], [27.6220949, 53.8529688], [27.6220078, 53.8529165], [27.6218886, 53.8528504], [27.621744, 53.8527761], [27.621602, 53.852704], [27.6214593, 53.8526234], [27.6213172, 53.8525424], [27.6212123, 53.8524787], [27.6211189, 53.8524156], [27.6210872, 53.8523938], [27.6209927, 53.8523195], [27.6209646, 53.8522903], [27.6209079, 53.8522392], [27.6208773, 53.8522128], [27.6207668, 53.8520932], [27.6207335, 53.8520667], [27.620657, 53.8519657], [27.6206415, 53.8519507], [27.6206223, 53.8519371], [27.6205961, 53.8519255], [27.6205658, 53.8519202], [27.620528, 53.8519197], [27.6204919, 53.8519236], [27.6204557, 53.8519311], [27.6204141, 53.8519432], [27.6203747, 53.8519572], [27.6203268, 53.8519775], [27.6202472, 53.8519783], [27.620204, 53.8519687], [27.6200132, 53.8519296], [27.6199474, 53.8519167], [27.619909, 53.8519075], [27.6198665, 53.8518955], [27.6198187, 53.8518778], [27.6197735, 53.8518558], [27.6197017, 53.8518143], [27.6196478, 53.8517793], [27.6196163, 53.8517593], [27.6196029, 53.8517489], [27.6195924, 53.8517362], [27.6195835, 53.8517199], [27.6195686, 53.851694], [27.6195464, 53.851662], [27.6195056, 53.8515931], [27.6194847, 53.8515532], [27.6194731, 53.8515131], [27.619468, 53.8514627], [27.619471, 53.8514118], [27.619481, 53.8513568], [27.6194998, 53.8512864], [27.6195413, 53.8511107], [27.6195541, 53.8510481], [27.6195597, 53.8509943], [27.6195587, 53.8509596], [27.6195525, 53.850925], [27.6195416, 53.8508967], [27.6195202, 53.8508688], [27.6194954, 53.8508373], [27.6194826, 53.850805], [27.6194819, 53.8507674], [27.6194944, 53.8507308], [27.6195185, 53.850696], [27.619551, 53.8506696], [27.6195965, 53.8506491], [27.6196429, 53.8506411], [27.6196878, 53.8506426], [27.6197306, 53.8506498], [27.6197759, 53.850663], [27.6198193, 53.8506754], [27.6198635, 53.8506829], [27.6199098, 53.850686], [27.6199576, 53.8506812], [27.6199961, 53.8506674], [27.6200254, 53.8506468], [27.6200489, 53.8506209], [27.6201215, 53.8505212], [27.6201412, 53.8504753], [27.6201454, 53.8504286], [27.6201424, 53.8503758], [27.6201264, 53.8503268], [27.6200944, 53.8502699], [27.6200509, 53.850211], [27.6196129, 53.8496665], [27.6195695, 53.8496235], [27.6195284, 53.8495946], [27.6194778, 53.8495749], [27.6194224, 53.8495599], [27.6193591, 53.8495501], [27.6192887, 53.8495474], [27.6192093, 53.8495454], [27.6191404, 53.8495408], [27.6190679, 53.8495288], [27.6189999, 53.8495182], [27.6189586, 53.8495054], [27.6189172, 53.8494846], [27.6188843, 53.8494593], [27.6188611, 53.8494305], [27.6188436, 53.8493966], [27.6187971, 53.8491867], [27.6187749, 53.8491352], [27.6187361, 53.849084], [27.6186827, 53.8490384], [27.6186079, 53.8489919], [27.6185141, 53.8489504], [27.6183325, 53.8488916], [27.6182588, 53.8488606], [27.618193, 53.8488198], [27.6181282, 53.84877], [27.6180579, 53.8487224], [27.6180175, 53.8487035], [27.6179687, 53.8486892], [27.6179214, 53.8486844], [27.6178741, 53.848688], [27.617828, 53.8486999], [27.617796, 53.8487187], [27.6177803, 53.848743], [27.6177743, 53.8487729], [27.6177832, 53.8489336], [27.6177937, 53.8489901], [27.6178069, 53.849033], [27.6178117, 53.8490643], [27.6178061, 53.8490899], [27.61779, 53.849116], [27.6177614, 53.8491353], [27.6177153, 53.8491559], [27.6176533, 53.8491735], [27.6176029, 53.8491812], [27.6175524, 53.8491833], [27.6175107, 53.8491782], [27.6174703, 53.8491637], [27.6174422, 53.8491433], [27.6174176, 53.8491178], [27.6173541, 53.8490403], [27.6172878, 53.8489637], [27.617195, 53.8488631], [27.6171247, 53.8487788], [27.617081, 53.8487019], [27.6170475, 53.8486258], [27.6170459, 53.8485748], [27.6170553, 53.8485234], [27.6170717, 53.8484689], [27.6171091, 53.8484089], [27.6171467, 53.8483663], [27.617186, 53.848331], [27.6172304, 53.8483059], [27.6172819, 53.8482912], [27.6173472, 53.8482845], [27.6173975, 53.8482885], [27.6174461, 53.8482998], [27.6174853, 53.8483174], [27.6175352, 53.8483457], [27.6175895, 53.848378], [27.6176444, 53.8484023], [27.6177132, 53.8484175], [27.6177966, 53.8484255], [27.6178814, 53.8484223], [27.6179708, 53.8484072], [27.6180717, 53.8483815], [27.6181622, 53.8483505], [27.618248, 53.8483176], [27.6183378, 53.8482768], [27.618429, 53.8482328], [27.6185817, 53.8481469], [27.6186642, 53.8481097], [27.6187486, 53.8480829], [27.61883, 53.8480553], [27.6188832, 53.8480296], [27.6189221, 53.8479968], [27.6189518, 53.8479595], [27.6189644, 53.847913], [27.6189708, 53.8478611], [27.6189816, 53.8476777], [27.6189917, 53.8476328], [27.6190152, 53.8475803], [27.6190541, 53.8475288], [27.6190952, 53.8474868], [27.6191286, 53.8474448], [27.6191544, 53.8473974], [27.6191816, 53.8473332], [27.6191899, 53.8472795], [27.6191755, 53.8472213], [27.6191512, 53.8471655], [27.6191102, 53.8470982], [27.61906, 53.8470356], [27.6189929, 53.846965], [27.618915, 53.8468918], [27.618825, 53.846819], [27.6187268, 53.8467508], [27.6185886, 53.8466836], [27.6184383, 53.8466237], [27.6181925, 53.8465257], [27.6180928, 53.8464991], [27.6179838, 53.8464825], [27.6178743, 53.8464731], [27.6177756, 53.8464809], [27.6176794, 53.8465068], [27.6175852, 53.8465468], [27.617484, 53.8465963], [27.6174267, 53.8466172], [27.6173774, 53.8466339], [27.617322, 53.8466569], [27.6172757, 53.8466815], [27.6172328, 53.8467102], [27.6167085, 53.8471247], [27.6166484, 53.8471971], [27.6165964, 53.8472735], [27.616568, 53.8473517], [27.6165654, 53.8474257], [27.6165946, 53.8474901], [27.6166425, 53.8475517], [27.6167632, 53.8476754], [27.6168138, 53.8477318], [27.6168446, 53.8477848], [27.6168568, 53.8478377], [27.6168482, 53.8478949], [27.61683, 53.8479436], [27.6167949, 53.847994], [27.6167385, 53.8480633], [27.6166852, 53.8481153], [27.6166349, 53.8481664], [27.6166122, 53.8481846], [27.6165723, 53.8482165], [27.6164717, 53.8482883]]]}}, {"type": "Feature", "properties": {"name": "\u041f\u0430\u0440\u043a \u041a\u0443\u0440\u0430\u0441\u043e\u045e\u0448\u0447\u044b\u043d\u0430", "kind": "park", "osm_id": 550454929, "area": 6.182394349707465e-05}, "geometry": {"type": "Polygon", "coordinates": [[[27.5153504, 53.8516155], [27.5160727, 53.8510533], [27.5163321, 53.8509743], [27.5169097, 53.8508253], [27.5170735, 53.8507585], [27.5168319, 53.8505757], [27.5171555, 53.8503131], [27.5176115, 53.8500997], [27.5181822, 53.8500078], [27.5189905, 53.8500086], [27.5193155, 53.8500546], [27.5202399, 53.8508165], [27.5216025, 53.850806], [27.5216264, 53.8508064], [27.5221252, 53.8510663], [27.5247511, 53.8496027], [27.5247198, 53.8492086], [27.525002, 53.8489675], [27.5252063, 53.8487609], [27.5253028, 53.8484413], [27.5254196, 53.8477894], [27.5254825, 53.8468896], [27.5253864, 53.8460934], [27.5252484, 53.8456402], [27.5251268, 53.8453401], [27.5248557, 53.8452971], [27.524167, 53.8453559], [27.5240533, 53.8450841], [27.5243514, 53.8450387], [27.5242024, 53.8445395], [27.5248509, 53.8444435], [27.5247162, 53.8441051], [27.5246763, 53.8440818], [27.5246127, 53.8440502], [27.5245069, 53.8440329], [27.524253, 53.8439774], [27.5223787, 53.843991], [27.5176137, 53.844049], [27.5143612, 53.8441298], [27.514379, 53.8448568], [27.5137543, 53.8448538], [27.5137167, 53.8451059], [27.5131611, 53.8451087], [27.5127149, 53.8448533], [27.512472, 53.8446969], [27.5124595, 53.8442807], [27.5122299, 53.8442797], [27.5122273, 53.8441602], [27.5114307, 53.8441643], [27.5115142, 53.8444136], [27.5119346, 53.8455479], [27.5120964, 53.8456653], [27.511976, 53.8459387], [27.5121307, 53.8462888], [27.5120704, 53.8464406], [27.5122831, 53.8467857], [27.5120056, 53.8468625], [27.5121813, 53.8472415], [27.5124478, 53.8472435], [27.512472, 53.8477103], [27.5126651, 53.8480932], [27.5126892, 53.8483385], [27.5124881, 53.8490094], [27.512182, 53.8489834], [27.5121287, 53.8491895], [27.5117675, 53.8497081], [27.5113421, 53.8498515], [27.511045, 53.8501781], [27.5103145, 53.8503411], [27.5107627, 53.8510262], [27.511193, 53.8516776], [27.5114544, 53.8520533], [27.5119684, 53.8527204], [27.5120964, 53.8526945], [27.5120257, 53.8525899], [27.5119852, 53.8525034], [27.5119626, 53.8524011], [27.5119634, 53.8523084], [27.5119953, 53.8521957], [27.5120331, 53.8521078], [27.5120896, 53.852013], [27.5121703, 53.8519193], [27.512234, 53.8518449], [27.5122883, 53.8514468], [27.5125938, 53.8510255], [27.5130848, 53.8506446], [27.5135562, 53.850382], [27.5137321, 53.8503446], [27.5138519, 53.8503295], [27.5139385, 53.8502637], [27.5139716, 53.850195], [27.5140845, 53.8499815], [27.5146792, 53.8496637], [27.5150353, 53.8494609], [27.514541, 53.8493623], [27.5143147, 53.8493536], [27.5139832, 53.8491596], [27.5141217, 53.8488494], [27.5141829, 53.8485429], [27.5141408, 53.8481847], [27.5140431, 53.8474063], [27.5141353, 53.8471359], [27.5143371, 53.8467585], [27.51437, 53.8464619], [27.5142395, 53.8460665], [27.514259, 53.8459818], [27.5145383, 53.8459149], [27.5146762, 53.8459541], [27.5148998, 53.8459908], [27.5151062, 53.8459993], [27.5157539, 53.8459749], [27.5161002, 53.846025], [27.5162731, 53.8460966], [27.5170232, 53.8470095], [27.5172609, 53.8476751], [27.5174278, 53.8476805], [27.5180211, 53.8473847], [27.5182693, 53.8473181], [27.5185177, 53.8472995], [27.5187746, 53.8473304], [27.5189989, 53.8474006], [27.5191264, 53.8474852], [27.5192808, 53.8476056], [27.519544, 53.8478259], [27.5197863, 53.847961], [27.5200782, 53.8480842], [27.5205089, 53.8481935], [27.5209179, 53.8483289], [27.5212587, 53.8484602], [27.5213048, 53.8486777], [27.5216614, 53.8488061], [27.521942, 53.8488785], [27.5222946, 53.8488828], [27.5226766, 53.8487609], [27.5230998, 53.8485828], [27.5232603, 53.8485657], [27.523776, 53.8486346], [27.5239074, 53.8486891], [27.5241749, 53.8490507], [27.5243249, 53.8492043], [27.5243273, 53.8494073], [27.5241423, 53.8496098], [27.5223244, 53.8505477], [27.5220763, 53.8506272], [27.5217585, 53.8506818], [27.5215574, 53.8506763], [27.5211792, 53.8505765], [27.5209212, 53.8504685], [27.5201375, 53.8500054], [27.5194261, 53.8496518], [27.5192513, 53.8496172], [27.5190206, 53.849589], [27.5186683, 53.8495632], [27.5184539, 53.8495721], [27.5182696, 53.8495278], [27.5180949, 53.8495487], [27.5179337, 53.8495922], [27.5178846, 53.8496446], [27.517617, 53.8496929], [27.517475, 53.8496905], [27.5172318, 53.8497716], [27.5171165, 53.8498285], [27.5170136, 53.8498878], [27.5168018, 53.8501101], [27.5166749, 53.8502011], [27.5166216, 53.850276], [27.5159239, 53.8508431], [27.5157443, 53.8509432], [27.5153027, 53.8512901], [27.5150255, 53.851369], [27.5148753, 53.8515035], [27.5146978, 53.8515897], [27.5142895, 53.8517419], [27.5141268, 53.8518061], [27.5139708, 53.851912], [27.5133051, 53.8526963], [27.5131385, 53.8528308], [27.5129419, 53.8530064], [27.5128095, 53.853132], [27.5126961, 53.8531562], [27.5123794, 53.8531256], [27.5123951, 53.8532469], [27.5129665, 53.8538828], [27.5131891, 53.8541245], [27.513747, 53.853934], [27.5138021, 53.8529677], [27.5141162, 53.8526532], [27.5150469, 53.851946], [27.515189, 53.8516896], [27.5153504, 53.8516155]]]}}, {"type": "Feature", "properties": {"name": "\u0411\u0456\u044f\u043b\u0430\u0433\u0456\u0447\u043d\u044b \u0437\u0430\u043a\u0430\u0437\u043d\u0456\u043a \u00ab\u041b\u0435\u0431\u044f\u0434\u0437\u0456\u043d\u044b\u00bb", "kind": "nature_reserve", "osm_id": 5637028, "area": 5.835266529174987e-05}, "geometry": {"type": "Polygon", "coordinates": [[[27.4493409, 53.9492411], [27.4458904, 53.9462093], [27.4489027, 53.9398146], [27.4516398, 53.9403289], [27.4518875, 53.9404688], [27.4521067, 53.9405926], [27.4528857, 53.940705], [27.4534386, 53.9408204], [27.4517901, 53.9441751], [27.4518042, 53.9442439], [27.4519072, 53.9442586], [27.4519961, 53.9442398], [27.4520672, 53.9442419], [27.4520956, 53.9442774], [27.4521702, 53.9442753], [27.4522235, 53.9442711], [27.4543239, 53.9446355], [27.4552344, 53.9438472], [27.455355, 53.9438206], [27.4556214, 53.9438087], [27.4557571, 53.9437821], [27.4558928, 53.9437378], [27.4560184, 53.9436845], [27.4561592, 53.9436815], [27.4565964, 53.9437348], [27.4567171, 53.9438797], [27.4567321, 53.9443738], [27.4566718, 53.9444448], [27.4567522, 53.9445986], [27.4569533, 53.9446459], [27.4571694, 53.9446666], [27.4573755, 53.9446518], [27.4575614, 53.9446548], [27.4578228, 53.9446696], [27.4579685, 53.9447051], [27.4580238, 53.944782], [27.4581545, 53.944853], [27.4584151, 53.9448675], [27.4586018, 53.9448855], [27.4587978, 53.9448648], [27.4590341, 53.9448944], [27.4591597, 53.9449565], [27.4571968, 53.9458661], [27.4569267, 53.9458452], [27.4567845, 53.9458954], [27.4567276, 53.9459581], [27.4565926, 53.9459916], [27.4565286, 53.9460167], [27.4565428, 53.946138], [27.4565499, 53.9461798], [27.4534395, 53.9475246], [27.4521857, 53.9481501], [27.452136, 53.9481166], [27.4493409, 53.9492411]]]}}, {"type": "Feature", "properties": {"name": "\u041f\u0430\u0440\u043a \u041c\u0456\u0445\u0430\u0456\u043b\u0430 \u041f\u0430\u045e\u043b\u0430\u0432\u0430", "kind": "park", "osm_id": 80243457, "area": 5.8333368656349194e-05}, "geometry": {"type": "Polygon", "coordinates": [[[27.4518879, 53.8551145], [27.4516865, 53.8550991], [27.4495882, 53.8547806], [27.4493594, 53.8549297], [27.4493063, 53.8550883], [27.4490753, 53.8552842], [27.447238, 53.8543223], [27.4472406, 53.8542005], [27.4494508, 53.852938], [27.4502549, 53.8530978], [27.450218, 53.8540581], [27.4516739, 53.8543473], [27.4518206, 53.8543367], [27.4525789, 53.8543348], [27.4542716, 53.8542558], [27.4547662, 53.8543767], [27.4559643, 53.8542329], [27.4575265, 53.8541099], [27.4589106, 53.8541606], [27.4593969, 53.8541546], [27.459756, 53.8541398], [27.4601059, 53.8541093], [27.4610038, 53.8539766], [27.4618417, 53.8538188], [27.4621268, 53.8537647], [27.4624885, 53.8537301], [27.4628247, 53.8537425], [27.4631929, 53.8537839], [27.4636427, 53.853827], [27.4641124, 53.8538637], [27.4647033, 53.8538491], [27.4650092, 53.8538246], [27.4652797, 53.853782], [27.4654887, 53.8537398], [27.4656754, 53.8536858], [27.4657821, 53.853645], [27.4659251, 53.8535741], [27.466084, 53.8535181], [27.466181, 53.8534735], [27.4663189, 53.8534915], [27.4666304, 53.853829], [27.4667472, 53.8539444], [27.4669063, 53.8540663], [27.467084, 53.8541978], [27.4675225, 53.8543937], [27.4679129, 53.8545325], [27.4681882, 53.8545958], [27.4685556, 53.8546808], [27.4688335, 53.8547128], [27.4692554, 53.8547382], [27.4693104, 53.8547373], [27.4696977, 53.8547307], [27.4699208, 53.8547101], [27.4702046, 53.8546725], [27.4705415, 53.8546114], [27.4718015, 53.8543306], [27.472075, 53.8542947], [27.47284, 53.8541234], [27.4730837, 53.8540568], [27.474016, 53.8538616], [27.4750706, 53.8536562], [27.4752201, 53.8537045], [27.4752463, 53.8537561], [27.4752892, 53.853765], [27.4758098, 53.8536628], [27.475816, 53.8536624], [27.4758215, 53.8536628], [27.4758579, 53.8536709], [27.4758629, 53.8536738], [27.4758663, 53.853677], [27.4761296, 53.8542351], [27.4763965, 53.8549554], [27.4764131, 53.8550162], [27.4764232, 53.8552612], [27.4769933, 53.8567241], [27.4770614, 53.8568559], [27.4771432, 53.8570085], [27.4772966, 53.8572616], [27.4773069, 53.8572903], [27.4772933, 53.8573497], [27.4772568, 53.8573925], [27.4771783, 53.8574118], [27.477103, 53.8574254], [27.4720461, 53.8582505], [27.4713473, 53.8583656], [27.4710754, 53.8584145], [27.4707837, 53.8584681], [27.4705437, 53.8585076], [27.470427, 53.8585247], [27.4703848, 53.8585193], [27.470351, 53.8584995], [27.4701992, 53.8582089], [27.4701212, 53.8580527], [27.4700441, 53.8578857], [27.4702135, 53.8578488], [27.469856, 53.8571854], [27.4697248, 53.8572041], [27.4697073, 53.8572056], [27.4696879, 53.8572066], [27.4696545, 53.8571383], [27.469625, 53.8570904], [27.4695904, 53.8570476], [27.46927, 53.8567766], [27.4690796, 53.8566701], [27.4689893, 53.8566273], [27.4689008, 53.8565909], [27.4686834, 53.8565213], [27.4685092, 53.8564794], [27.4682697, 53.8564364], [27.4678862, 53.8563967], [27.4663321, 53.8563902], [27.4659464, 53.8563423], [27.4656393, 53.8562797], [27.4655005, 53.8562488], [27.4653102, 53.8561879], [27.4634241, 53.8555578], [27.4630891, 53.8554614], [27.4626629, 53.8553648], [27.4621903, 53.8553116], [27.4616954, 53.8552953], [27.461137, 53.8552996], [27.4607277, 53.8553145], [27.4602808, 53.8553573], [27.4598805, 53.8554343], [27.459846, 53.8554078], [27.4598048, 53.8553823], [27.4597592, 53.8553617], [27.4597094, 53.8553429], [27.45961, 53.8553146], [27.4592973, 53.8552781], [27.4581163, 53.8551682], [27.4568295, 53.8550623], [27.456324, 53.8550385], [27.4559013, 53.8550256], [27.4552498, 53.8550457], [27.4520161, 53.8551721], [27.4518879, 53.8551145]]]}}, {"type": "Feature", "properties": {"name": "", "kind": "park", "osm_id": 173141246, "area": 5.14927705808077e-05}, "geometry": {"type": "Polygon", "coordinates": [[[27.6418837, 53.9287421], [27.647978, 53.927452], [27.6483208, 53.9274111], [27.6490873, 53.9273319], [27.6497196, 53.9272868], [27.6498154, 53.9272753], [27.6498628, 53.927254], [27.6499017, 53.9272295], [27.6499258, 53.9272066], [27.6499326, 53.9271709], [27.6498893, 53.9269409], [27.6489812, 53.9270486], [27.6486555, 53.9267542], [27.6484869, 53.9265012], [27.6482609, 53.9260053], [27.6481302, 53.9258313], [27.6478119, 53.9252864], [27.6466098, 53.9250951], [27.6463194, 53.9249932], [27.6458959, 53.9248945], [27.6456103, 53.9247395], [27.6451828, 53.9245158], [27.6445562, 53.923771], [27.6441721, 53.9236942], [27.6438057, 53.9236877], [27.6437802, 53.9233478], [27.6440356, 53.9231401], [27.6442775, 53.9231207], [27.644493, 53.9230929], [27.6445614, 53.9230517], [27.6437125, 53.9227308], [27.6430267, 53.9224276], [27.6429119, 53.922456], [27.6425268, 53.9221949], [27.6423671, 53.9219988], [27.6422401, 53.9218162], [27.6421096, 53.9216089], [27.6420594, 53.9215002], [27.6420047, 53.9213383], [27.6409624, 53.9196916], [27.6398683, 53.9198434], [27.6378533, 53.9200918], [27.6380322, 53.9206], [27.6377929, 53.9206289], [27.6376096, 53.9201214], [27.6375348, 53.9201325], [27.6375016, 53.9202105], [27.639639, 53.9258309], [27.6397347, 53.926188], [27.6397953, 53.9264252], [27.6398589, 53.9267052], [27.6399185, 53.927074], [27.6399672, 53.9273992], [27.6399712, 53.927774], [27.639976, 53.9280615], [27.6400881, 53.9281522], [27.6409397, 53.9283276], [27.6410813, 53.9283734], [27.6412511, 53.9284439], [27.6413567, 53.9284961], [27.6414318, 53.9285421], [27.641483, 53.9285864], [27.6415441, 53.9286447], [27.6415829, 53.9286789], [27.6416329, 53.9287091], [27.6416845, 53.9287257], [27.6417285, 53.9287412], [27.6417898, 53.9287532], [27.6418456, 53.928746], [27.6418837, 53.9287421]]]}}, {"type": "Feature", "properties": {"name": "\u041f\u0430\u0440\u043a 900-\u0433\u043e\u0434\u0434\u0437\u044f \u041c\u0456\u043d\u0441\u043a\u0430", "kind": "park", "osm_id": 23554339, "area": 4.976162495040626e-05}, "geometry": {"type": "Polygon", "coordinates": [[[27.6331054, 53.8507213], [27.6329932, 53.8504007], [27.6328525, 53.8499571], [27.6325553, 53.8490112], [27.6325211, 53.8488758], [27.632371, 53.8483395], [27.6320077, 53.8469211], [27.6318298, 53.8462306], [27.6315949, 53.8462069], [27.6304489, 53.8463189], [27.6300711, 53.8460804], [27.6291682, 53.8461333], [27.6286045, 53.8461103], [27.6279917, 53.845937], [27.627846, 53.8458707], [27.6278165, 53.8458508], [27.6276586, 53.8457538], [27.627501, 53.845626], [27.627345, 53.8455676], [27.627186, 53.8450021], [27.6270854, 53.8446212], [27.626635, 53.8428422], [27.62664, 53.842738], [27.6266502, 53.8426199], [27.6266755, 53.8425065], [27.6267219, 53.8423977], [27.6267839, 53.8422915], [27.626861, 53.8421901], [27.6269495, 53.8420947], [27.6270579, 53.8420048], [27.6271721, 53.8419177], [27.6273016, 53.8418377], [27.6274394, 53.8417666], [27.6275974, 53.8416967], [27.6276232, 53.8416662], [27.6275394, 53.8413551], [27.6273644, 53.8412575], [27.6272833, 53.8412769], [27.6271617, 53.8411454], [27.6264269, 53.8407261], [27.6263666, 53.8406739], [27.6263197, 53.8406043], [27.6262947, 53.8405335], [27.6262858, 53.8399556], [27.6262821, 53.8398169], [27.6262072, 53.8397709], [27.6237326, 53.8397789], [27.6212167, 53.839787], [27.6212274, 53.8400053], [27.6209592, 53.8403851], [27.6211523, 53.8407618], [27.621789, 53.8409611], [27.6219722, 53.8409557], [27.6221809, 53.8409569], [27.6223873, 53.8409736], [27.6225838, 53.8410012], [27.6227382, 53.8410302], [27.6229205, 53.841073], [27.6231618, 53.8411319], [27.6234544, 53.841214], [27.6237704, 53.8413112], [27.6240718, 53.8414155], [27.6243335, 53.8415199], [27.6245951, 53.8416481], [27.6248254, 53.841798], [27.6250086, 53.8419456], [27.6252156, 53.8421242], [27.6254148, 53.8423185], [27.625708, 53.8426115], [27.6258345, 53.8427517], [27.625918, 53.8428746], [27.6259508, 53.8429758], [27.625952, 53.8430705], [27.6259527, 53.8431634], [27.6259453, 53.8432872], [27.6259376, 53.8434248], [27.6259306, 53.8435752], [27.6259411, 53.8441849], [27.6259357, 53.8443004], [27.6259165, 53.8444079], [27.6258869, 53.8445213], [27.6258372, 53.8446443], [27.6258144, 53.8447237], [27.6258059, 53.8448008], [27.6258054, 53.84488], [27.6258137, 53.8450862], [27.6258035, 53.8451967], [27.6257799, 53.8452977], [27.6257278, 53.8454335], [27.6256475, 53.8456449], [27.625584, 53.8458039], [27.6254961, 53.8460025], [27.6253121, 53.8464056], [27.625152, 53.8467395], [27.6250677, 53.84688], [27.624969, 53.8470253], [27.6248711, 53.84717], [27.6247588, 53.8473286], [27.6246415, 53.8474772], [27.6245203, 53.8476231], [27.6243467, 53.8478124], [27.6242075, 53.8479525], [27.6240839, 53.8480833], [27.6239533, 53.8482265], [27.6238545, 53.8483419], [27.6237944, 53.8484315], [27.6237899, 53.8484592], [27.6237684, 53.848458], [27.6237031, 53.8485462], [27.6236449, 53.8486272], [27.6235872, 53.8487225], [27.6235656, 53.8488101], [27.6235751, 53.8488826], [27.6236149, 53.8489557], [27.6236893, 53.849025], [27.623794, 53.8490898], [27.6239223, 53.8491488], [27.6240593, 53.8492064], [27.6241943, 53.8492557], [27.6243464, 53.849299], [27.6244522, 53.8493308], [27.6245299, 53.8493618], [27.6245852, 53.8493928], [27.6246292, 53.849435], [27.6246517, 53.8494825], [27.6246721, 53.8495265], [27.6246986, 53.8495664], [27.6247464, 53.849602], [27.6248162, 53.8496204], [27.6248961, 53.8496323], [27.6249629, 53.8496448], [27.6250399, 53.8496684], [27.6250994, 53.8497046], [27.6251475, 53.849744], [27.6251845, 53.8497951], [27.6252293, 53.8498403], [27.6252843, 53.8498885], [27.6253598, 53.8499372], [27.6254458, 53.8499773], [27.6255398, 53.8500135], [27.6256758, 53.8500559], [27.6258176, 53.8501], [27.6259607, 53.8501528], [27.6261875, 53.8502438], [27.6264118, 53.8503411], [27.6266283, 53.8503926], [27.6268059, 53.8504972], [27.6269266, 53.8505614], [27.6270578, 53.8506174], [27.6271836, 53.8506589], [27.6273137, 53.8506916], [27.6274684, 53.8507193], [27.6276307, 53.8507391], [27.6278106, 53.8507504], [27.6279749, 53.8507477], [27.628148, 53.8507387], [27.6283193, 53.8507301], [27.6285064, 53.8507187], [27.6287234, 53.8507026], [27.6289403, 53.8506898], [27.6290128, 53.8506897], [27.6290889, 53.8506979], [27.6291596, 53.8507109], [27.6292224, 53.8507263], [27.6292906, 53.8507422], [27.6293654, 53.8507554], [27.629448, 53.8507631], [27.6295405, 53.8507643], [27.6296417, 53.8507587], [27.6296964, 53.8507572], [27.6297499, 53.8507587], [27.6298081, 53.8507671], [27.6298843, 53.8507844], [27.6299901, 53.8508168], [27.630009, 53.8508828], [27.6300815, 53.8509135], [27.630158, 53.8509351], [27.6302512, 53.8509444], [27.6303485, 53.8509409], [27.6304454, 53.850929], [27.6305326, 53.8509087], [27.6305942, 53.850886], [27.6306446, 53.8508624], [27.6307064, 53.8508273], [27.6307574, 53.8508011], [27.6308152, 53.8507786], [27.6308796, 53.8507639], [27.630954, 53.8507536], [27.6310265, 53.8507523], [27.6310936, 53.850758], [27.6311594, 53.8507688], [27.6312613, 53.8507906], [27.6312891, 53.8507957], [27.6313188, 53.8508004], [27.6313735, 53.850803], [27.6314415, 53.8507981], [27.6315118, 53.8507815], [27.6315874, 53.8507534], [27.6316576, 53.8507332], [27.6317281, 53.8507215], [27.6318189, 53.8507177], [27.6319179, 53.8507192], [27.6320618, 53.8507255], [27.6322506, 53.85074], [27.6323373, 53.8507458], [27.6324221, 53.8507474], [27.6325081, 53.8507458], [27.6325694, 53.8507489], [27.6326329, 53.8507647], [27.6331054, 53.8507213]]]}}, {"type": "Feature", "properties": {"name": "\u041f\u0430\u0440\u043a \u0426\u0456\u0432\u0430\u043b\u0456", "kind": "park", "osm_id": 95616800, "area": 4.88555767788057e-05}, "geometry": {"type": "Polygon", "coordinates": [[[27.4632399, 53.9157766], [27.4631964, 53.9157635], [27.4631442, 53.9157598], [27.463067, 53.9153288], [27.4630023, 53.915109], [27.4629333, 53.9148653], [27.4630279, 53.9148566], [27.4639333, 53.9148286], [27.4641219, 53.9148241], [27.4639899, 53.9128295], [27.4627771, 53.9128283], [27.4628666, 53.9142071], [27.4628368, 53.9142025], [27.4627998, 53.9141755], [27.462703, 53.9124015], [27.4626523, 53.9123608], [27.4623047, 53.9122852], [27.4622253, 53.9122679], [27.4620875, 53.9122197], [27.4619769, 53.9121412], [27.4619844, 53.9121112], [27.4623583, 53.9119481], [27.4623992, 53.9117006], [27.4623738, 53.9113838], [27.4624681, 53.9111619], [27.4624195, 53.910968], [27.4623348, 53.9107408], [27.4623737, 53.9105219], [27.4623908, 53.9103015], [27.4623314, 53.9096669], [27.4623368, 53.9091353], [27.4622865, 53.9090043], [27.4622194, 53.9089579], [27.4621748, 53.9088832], [27.4621932, 53.9088052], [27.4624881, 53.9082835], [27.4624604, 53.9075037], [27.4625225, 53.9073313], [27.4654758, 53.9076754], [27.4654763, 53.9080066], [27.4654547, 53.9080435], [27.465427, 53.9080655], [27.4654022, 53.908079], [27.465383, 53.908087], [27.4653171, 53.9080872], [27.4652943, 53.9080809], [27.4652803, 53.9080655], [27.4652747, 53.9080487], [27.465261, 53.9079632], [27.4652524, 53.907877], [27.4652312, 53.9078375], [27.4651958, 53.9078074], [27.4651442, 53.9077887], [27.4644957, 53.9076991], [27.4644412, 53.9077007], [27.4643978, 53.9077093], [27.4643665, 53.9077204], [27.4643331, 53.9077415], [27.4643025, 53.9077655], [27.4642873, 53.9077939], [27.4642862, 53.9080708], [27.4643102, 53.9080859], [27.4645223, 53.9080826], [27.4644899, 53.9081064], [27.4646217, 53.9098359], [27.4645111, 53.9098675], [27.464464, 53.9099095], [27.4645098, 53.9100937], [27.4645861, 53.9106271], [27.4646085, 53.9106585], [27.4645223, 53.9108037], [27.4657132, 53.9108605], [27.4658312, 53.9116695], [27.46596, 53.9122951], [27.4678094, 53.9122737], [27.4677719, 53.9108319], [27.4679192, 53.9102661], [27.4685367, 53.9098308], [27.4689848, 53.9096991], [27.4690375, 53.9095235], [27.471416, 53.9095371], [27.4714842, 53.9095358], [27.4725313, 53.9095159], [27.4725895, 53.9095487], [27.4726251, 53.9095833], [27.4725952, 53.9098148], [27.4725527, 53.9101694], [27.4725125, 53.9105151], [27.4724605, 53.9109034], [27.4724051, 53.9113246], [27.4722307, 53.9126113], [27.4721416, 53.9133377], [27.472038, 53.9140617], [27.4720033, 53.9143558], [27.4719842, 53.9143783], [27.4719479, 53.9143959], [27.4718486, 53.9144165], [27.4716878, 53.914461], [27.4709066, 53.9145735], [27.468554, 53.914961], [27.4677338, 53.9150873], [27.4637263, 53.9157765], [27.4636701, 53.915768], [27.4634133, 53.9158161], [27.4632399, 53.9157766]]]}}, {"type": "Feature", "properties": {"name": "", "kind": "park", "osm_id": 173830769, "area": 4.795582515271235e-05}, "geometry": {"type": "Polygon", "coordinates": [[[27.5354987, 53.92519], [27.5355368, 53.9250741], [27.5355487, 53.9249502], [27.5355509, 53.924802], [27.535558, 53.9246402], [27.5355349, 53.9244389], [27.5355078, 53.9243459], [27.5354645, 53.9242572], [27.5354059, 53.9241758], [27.5353168, 53.9240822], [27.535223, 53.9240021], [27.5350693, 53.9238878], [27.5349109, 53.9237781], [27.5347779, 53.923671], [27.5346449, 53.923554], [27.5343697, 53.9233008], [27.5341728, 53.9231104], [27.5341132, 53.9230585], [27.5340384, 53.9230128], [27.5339134, 53.9229567], [27.5338515, 53.9229302], [27.5338024, 53.9228978], [27.5337477, 53.9228434], [27.5337143, 53.9227931], [27.5337041, 53.9227385], [27.5337155, 53.9226854], [27.5337276, 53.9226335], [27.533713, 53.9225881], [27.5336696, 53.9225327], [27.5335881, 53.9224731], [27.5335156, 53.9224229], [27.5334659, 53.9223662], [27.5334517, 53.9223007], [27.5334656, 53.9222385], [27.5335139, 53.9221523], [27.5335777, 53.9220717], [27.533674, 53.9219911], [27.5338303, 53.9218884], [27.5339754, 53.9218177], [27.5341466, 53.9217515], [27.5343506, 53.9217051], [27.5345364, 53.9216805], [27.5347118, 53.9216627], [27.5348837, 53.9216633], [27.5350276, 53.921681], [27.5351752, 53.9217123], [27.5353688, 53.921778], [27.5355367, 53.9218411], [27.535694, 53.9219138], [27.5358634, 53.9220003], [27.53602, 53.9220902], [27.5362081, 53.922197], [27.536332, 53.9222648], [27.5364303, 53.9223244], [27.5365567, 53.9224146], [27.5365877, 53.9224308], [27.5366191, 53.9224424], [27.5366525, 53.9224486], [27.5366839, 53.9224496], [27.5367141, 53.922447], [27.5367653, 53.9224385], [27.5368251, 53.9224315], [27.5368554, 53.922434], [27.5368786, 53.9224422], [27.5368927, 53.9224554], [27.5368914, 53.9224688], [27.5368787, 53.9224781], [27.5368557, 53.9224836], [27.5368291, 53.9224875], [27.5368018, 53.9224967], [27.5367902, 53.9225122], [27.5367973, 53.9225283], [27.5368184, 53.9225437], [27.5369635, 53.9226361], [27.5371055, 53.9227304], [27.5372393, 53.9228415], [27.5373638, 53.9229581], [27.5376367, 53.9232353], [27.5377181, 53.9233303], [27.5377939, 53.9234267], [27.5378635, 53.923524], [27.5380135, 53.9237458], [27.5380747, 53.9238144], [27.5381503, 53.9238859], [27.5382218, 53.9239415], [27.5383071, 53.9239943], [27.5384202, 53.9240524], [27.5389168, 53.9243024], [27.5390227, 53.9243505], [27.5391187, 53.9243975], [27.5391931, 53.9244281], [27.5392664, 53.9244517], [27.5393335, 53.924468], [27.5394396, 53.9244829], [27.5395444, 53.9244919], [27.5396465, 53.9244964], [27.5397423, 53.9244942], [27.5398279, 53.9244876], [27.5399211, 53.9244735], [27.5404914, 53.9243392], [27.5406128, 53.9243102], [27.5407102, 53.9242845], [27.5408008, 53.9242555], [27.5408979, 53.9242301], [27.5409826, 53.9242126], [27.5410607, 53.9241999], [27.5411275, 53.9241931], [27.5412064, 53.924188], [27.5413133, 53.9241821], [27.5414183, 53.9241582], [27.5415244, 53.9241236], [27.5420374, 53.9238837], [27.5422753, 53.9237726], [27.5424685, 53.9236789], [27.542591, 53.9236198], [27.5427736, 53.9235287], [27.5429107, 53.9234432], [27.5430977, 53.923322], [27.5431947, 53.9232463], [27.5432837, 53.9231706], [27.5434523, 53.9230144], [27.5441545, 53.9223779], [27.5442589, 53.9222833], [27.5450919, 53.9226254], [27.5455996, 53.9221772], [27.5447937, 53.9219104], [27.5466858, 53.920197], [27.5467218, 53.9200732], [27.5467165, 53.9199974], [27.5466467, 53.9199437], [27.5465394, 53.9198774], [27.5464322, 53.91983], [27.5462927, 53.9197636], [27.5461425, 53.9197131], [27.5460513, 53.9196689], [27.5460217, 53.9196356], [27.5460283, 53.9195978], [27.5459869, 53.9195678], [27.5460352, 53.9195109], [27.547124, 53.9199735], [27.5474362, 53.9201062], [27.5471358, 53.9202855], [27.5470188, 53.9204272], [27.5467972, 53.9209234], [27.5466807, 53.9213463], [27.5466692, 53.9215765], [27.5467437, 53.9218653], [27.5467181, 53.9219445], [27.5465808, 53.922114], [27.5464098, 53.922265], [27.5459062, 53.9227386], [27.5449992, 53.9235744], [27.5447745, 53.9235308], [27.5444331, 53.9234785], [27.5443321, 53.9234704], [27.5442366, 53.9234774], [27.5441398, 53.9235055], [27.5440751, 53.9235446], [27.544053, 53.9236118], [27.5440121, 53.923697], [27.5433517, 53.9239746], [27.5423605, 53.9246286], [27.5419143, 53.9252219], [27.5416258, 53.9260267], [27.541966, 53.9261632], [27.5418865, 53.9262411], [27.5418811, 53.9263001], [27.5419202, 53.9263155], [27.5382922, 53.9297275], [27.5382396, 53.9297146], [27.5380949, 53.9296616], [27.5378412, 53.9298791], [27.5379206, 53.9300122], [27.5376166, 53.9302936], [27.5375641, 53.9303422], [27.537541, 53.9303636], [27.5368932, 53.9301967], [27.5352528, 53.9299046], [27.5353083, 53.9297869], [27.5353769, 53.9296059], [27.5344757, 53.9293423], [27.5344254, 53.9295302], [27.5350839, 53.9297213], [27.5350833, 53.9298768], [27.5339859, 53.9297128], [27.5332066, 53.9296569], [27.5309233, 53.9295775], [27.5308988, 53.9291547], [27.532651, 53.9288195], [27.5336029, 53.9282469], [27.5346539, 53.9282995], [27.5357011, 53.927127], [27.5361544, 53.9262768], [27.5362011, 53.9258697], [27.5360798, 53.9255437], [27.5359226, 53.9253671], [27.5356968, 53.9252509], [27.5354987, 53.92519]]]}}, {"type": "Feature", "properties": {"name": "", "kind": "park", "osm_id": 991966409, "area": 4.634875517695036e-05}, "geometry": {"type": "Polygon", "coordinates": [[[27.5629757, 53.9441958], [27.5631255, 53.9436946], [27.5636619, 53.9437578], [27.5641863, 53.9426741], [27.5642602, 53.9425213], [27.5642502, 53.9415077], [27.5652832, 53.9414894], [27.5652852, 53.9414382], [27.5651445, 53.9414215], [27.5651073, 53.9414085], [27.5650618, 53.9413926], [27.5650075, 53.94136], [27.5649675, 53.9413192], [27.5649322, 53.941265], [27.5649066, 53.9411288], [27.5648822, 53.9410034], [27.5648316, 53.9408472], [27.5648235, 53.9404402], [27.5649062, 53.9402467], [27.5647413, 53.9400703], [27.5643759, 53.9402007], [27.5642653, 53.9401206], [27.5640976, 53.9401855], [27.5635863, 53.9403846], [27.563456, 53.9404391], [27.5631764, 53.9405697], [27.5629618, 53.9406461], [27.562818, 53.9406821], [27.5626371, 53.9407015], [27.5625937, 53.9407041], [27.5625942, 53.940799], [27.5619799, 53.9408], [27.5619806, 53.9407056], [27.5605068, 53.9407047], [27.5594114, 53.9407058], [27.5590491, 53.9407061], [27.5568315, 53.9407293], [27.5562201, 53.9406995], [27.5556405, 53.9406712], [27.5552377, 53.9406121], [27.5548358, 53.9405531], [27.5537939, 53.9403774], [27.5531946, 53.9402636], [27.552326, 53.9400867], [27.552114, 53.9400435], [27.5513936, 53.9398814], [27.5504922, 53.9396796], [27.5494582, 53.9394725], [27.5484029, 53.9392333], [27.5474498, 53.9390151], [27.5473717, 53.939122], [27.5458633, 53.9387443], [27.5459146, 53.9386766], [27.5454961, 53.9385878], [27.5452991, 53.9385273], [27.5450645, 53.9384718], [27.5445527, 53.9383426], [27.5444235, 53.9383108], [27.5443995, 53.9383818], [27.5443787, 53.9384226], [27.5442485, 53.93866], [27.5436846, 53.939163], [27.5435835, 53.9392533], [27.5447841, 53.9398303], [27.5451995, 53.9400385], [27.5454418, 53.9394041], [27.5456401, 53.9393959], [27.5458905, 53.9394697], [27.5460128, 53.9395619], [27.5461162, 53.9398703], [27.5468144, 53.939979], [27.5471797, 53.9401261], [27.5476024, 53.9402318], [27.5477981, 53.9404157], [27.5479928, 53.9406801], [27.5480003, 53.9408313], [27.5479215, 53.9409925], [27.5478238, 53.9411228], [27.5508027, 53.9417528], [27.5507705, 53.9418415], [27.5507469, 53.9418839], [27.551482, 53.9420611], [27.5524574, 53.9422632], [27.55264, 53.9427805], [27.5527443, 53.9428093], [27.5533414, 53.9427539], [27.5537909, 53.9426868], [27.5547095, 53.9426237], [27.5553831, 53.9426173], [27.5560108, 53.9427006], [27.5563669, 53.9427677], [27.5568075, 53.9432015], [27.5574219, 53.9432995], [27.5580349, 53.9434012], [27.5585062, 53.9434673], [27.5590516, 53.9435078], [27.5602725, 53.9436845], [27.5604159, 53.9437073], [27.5616617, 53.9438763], [27.5622146, 53.9439672], [27.5627388, 53.9441543], [27.5629757, 53.9441958]]]}}, {"type": "Feature", "properties": {"name": "", "kind": "park", "osm_id": 23408969, "area": 4.3008394754906476e-05}, "geometry": {"type": "Polygon", "coordinates": [[[27.695057, 53.8833047], [27.6952829, 53.8838014], [27.6957437, 53.8835663], [27.695819, 53.8830585], [27.6957142, 53.8826947], [27.6958697, 53.8826158], [27.6960251, 53.8821455], [27.6963474, 53.8818566], [27.6963081, 53.8814403], [27.6961425, 53.8814297], [27.6961596, 53.8811715], [27.696382, 53.8811088], [27.6963579, 53.880151], [27.6962391, 53.8794069], [27.6960028, 53.879304], [27.6959397, 53.878663], [27.6961516, 53.8785222], [27.6959443, 53.8779266], [27.6952214, 53.8764088], [27.6951187, 53.8761882], [27.6950278, 53.8760324], [27.6943522, 53.8745727], [27.6930016, 53.8728325], [27.6920884, 53.8716557], [27.6916233, 53.8709907], [27.6913445, 53.8710321], [27.6914809, 53.8712649], [27.6915418, 53.8713777], [27.6915902, 53.8714904], [27.6916244, 53.8716066], [27.6916378, 53.8717178], [27.6916511, 53.8718278], [27.6916519, 53.8719427], [27.691548, 53.8724974], [27.6914075, 53.8729498], [27.6906714, 53.8739811], [27.6906138, 53.8742266], [27.6905808, 53.8745977], [27.6909592, 53.8778164], [27.6908882, 53.8781065], [27.6908373, 53.8782698], [27.6910738, 53.8794297], [27.6912447, 53.8795475], [27.6912984, 53.8795971], [27.6911209, 53.8797237], [27.6909738, 53.8798352], [27.6907683, 53.8798916], [27.6907887, 53.880185], [27.690502, 53.880371], [27.6900384, 53.8804243], [27.6908286, 53.8808233], [27.6912721, 53.8805631], [27.6917253, 53.8805641], [27.692442, 53.8809261], [27.6930218, 53.8812253], [27.692297, 53.8817542], [27.6937805, 53.8825031], [27.6937467, 53.8825254], [27.6942361, 53.882781], [27.695057, 53.8833047]]]}}, {"type": "Feature", "properties": {"name": "\u041f\u0430\u0440\u043a \u0456\u043c\u044f \u0427\u044b\u043d\u0433\u0456\u0437\u0430 \u0410\u0439\u0442\u043c\u0430\u0442\u0430\u0432\u0430", "kind": "park", "osm_id": 85693965, "area": 4.2282699723728e-05}, "geometry": {"type": "Polygon", "coordinates": [[[27.6080554, 53.8746247], [27.6076066, 53.8748665], [27.6071439, 53.8751252], [27.6066606, 53.8753922], [27.6064974, 53.8755063], [27.6061676, 53.8757634], [27.6060614, 53.8758462], [27.6059522, 53.8759313], [27.6058309, 53.8760259], [27.6054227, 53.876344], [27.6054087, 53.8763523], [27.6053891, 53.8763534], [27.6053211, 53.87634], [27.605223, 53.8763207], [27.6050535, 53.8762874], [27.6047759, 53.8762477], [27.6043516, 53.876187], [27.6040952, 53.8761566], [27.6037735, 53.8761235], [27.6034157, 53.8761017], [27.6030367, 53.8760913], [27.6026061, 53.8760847], [27.6017336, 53.8760865], [27.6016852, 53.876074], [27.6016382, 53.8760531], [27.601588, 53.8760073], [27.6015788, 53.8759488], [27.6015887, 53.8759149], [27.6016155, 53.8758785], [27.6026084, 53.8753167], [27.6027984, 53.8752084], [27.603202, 53.8749795], [27.6037612, 53.8746635], [27.6041522, 53.8744308], [27.6042478, 53.8743383], [27.6043712, 53.8742216], [27.6045955, 53.8740594], [27.6056108, 53.8745366], [27.6075612, 53.8731356], [27.6097636, 53.871553], [27.609027, 53.8712023], [27.6092559, 53.8708643], [27.6093559, 53.8707469], [27.6098922, 53.8703304], [27.6099545, 53.870349], [27.610373, 53.870484], [27.6104223, 53.8704423], [27.6106824, 53.8702731], [27.6107531, 53.8702202], [27.6106162, 53.8701567], [27.6119862, 53.869131], [27.6119029, 53.8690923], [27.6118157, 53.8690564], [27.6117309, 53.8690168], [27.6119006, 53.8688965], [27.6121753, 53.8687773], [27.6133874, 53.8683098], [27.6136544, 53.8681607], [27.613861, 53.8680072], [27.6139561, 53.8679189], [27.6149937, 53.8666753], [27.6150826, 53.8666922], [27.6151022, 53.8668053], [27.6151408, 53.8668822], [27.6152147, 53.8669827], [27.6152701, 53.8670262], [27.6153217, 53.867037], [27.6153831, 53.8670404], [27.6158048, 53.8670125], [27.6162326, 53.8669852], [27.6163613, 53.8669645], [27.6164075, 53.8669466], [27.6168825, 53.8665595], [27.6169267, 53.8665073], [27.6189201, 53.8672189], [27.6191392, 53.8672911], [27.6191005, 53.8673442], [27.6188364, 53.8672829], [27.6186275, 53.8675692], [27.6186617, 53.8675768], [27.6185837, 53.8677212], [27.6184575, 53.8676793], [27.6181492, 53.8679592], [27.6180659, 53.8680348], [27.6178609, 53.8682306], [27.6167701, 53.8693951], [27.617497, 53.8701294], [27.6138677, 53.8710003], [27.6127593, 53.8721921], [27.6127928, 53.8725763], [27.6128879, 53.8727854], [27.6130139, 53.8730124], [27.6120087, 53.8732089], [27.6118751, 53.872979], [27.6113161, 53.8730842], [27.6113343, 53.8731136], [27.6102973, 53.8733254], [27.6100689, 53.8734837], [27.6100569, 53.8735069], [27.6100499, 53.8735205], [27.6101461, 53.8736816], [27.6103913, 53.8740922], [27.6104116, 53.8741263], [27.6103653, 53.8741354], [27.6102992, 53.8741485], [27.6095907, 53.8742886], [27.6088795, 53.8744292], [27.6083232, 53.8745392], [27.6081661, 53.8745767], [27.6080554, 53.8746247]]]}}, {"type": "Feature", "properties": {"name": "\u041f\u0430\u0440\u043a 60-\u0433\u043e\u0434\u0434\u0437\u044f \u041a\u0430\u0441\u0442\u0440\u044b\u0447\u043d\u0456\u043a\u0430", "kind": "park", "osm_id": 23558822, "area": 4.1554883637218154e-05}, "geometry": {"type": "Polygon", "coordinates": [[[27.4838975, 53.9234637], [27.483794, 53.9233872], [27.4837978, 53.9233274], [27.4837427, 53.9233283], [27.4837297, 53.9233884], [27.4833672, 53.9234074], [27.4825979, 53.9226122], [27.4821095, 53.9221153], [27.4818362, 53.9218411], [27.4814742, 53.9214834], [27.4814348, 53.9214403], [27.4810383, 53.9210129], [27.4805011, 53.9204707], [27.480285, 53.9202783], [27.4802919, 53.9202595], [27.4802517, 53.9202171], [27.4802251, 53.9202058], [27.4800209, 53.9199506], [27.4799416, 53.919827], [27.479876, 53.9196937], [27.4797423, 53.9193565], [27.4796034, 53.9190138], [27.4795645, 53.9188977], [27.4795773, 53.9186693], [27.479604, 53.9184166], [27.4796525, 53.918152], [27.4796857, 53.9181472], [27.4797286, 53.9181296], [27.4797552, 53.91811], [27.4797723, 53.9180844], [27.4798122, 53.9180809], [27.4798098, 53.9180507], [27.4797798, 53.9180518], [27.4797745, 53.9180321], [27.4799003, 53.9180012], [27.4801421, 53.9180284], [27.481924, 53.9181071], [27.4836953, 53.9181649], [27.4839018, 53.9166619], [27.4839047, 53.9166407], [27.4839485, 53.9163615], [27.4840975, 53.9154113], [27.4875802, 53.9155253], [27.4875265, 53.9167057], [27.4873363, 53.9178085], [27.4874393, 53.9181318], [27.4876331, 53.9186098], [27.4884685, 53.9201708], [27.4883871, 53.9209726], [27.4883732, 53.9222176], [27.4877785, 53.9222461], [27.4867713, 53.9222875], [27.4866548, 53.9222923], [27.4865024, 53.921367], [27.4864918, 53.9213027], [27.484915, 53.9214339], [27.4843053, 53.9220583], [27.4845118, 53.9228907], [27.4846142, 53.923314], [27.4846407, 53.9234011], [27.4840249, 53.9234573], [27.4838975, 53.9234637]]]}}, {"type": "Feature", "properties": {"name": "\u041b\u0435\u0441\u0430\u043f\u0430\u0440\u043a \u0421\u0446\u044f\u043f\u044f\u043d\u043a\u0430", "kind": "park", "osm_id": 58774364, "area": 3.95992043422666e-05}, "geometry": {"type": "Polygon", "coordinates": [[[27.670085, 53.9067533], [27.6702667, 53.9067196], [27.6706432, 53.9070463], [27.6711802, 53.9073388], [27.6716901, 53.907586], [27.6722116, 53.9077701], [27.6723174, 53.9078492], [27.6724235, 53.9078725], [27.6724961, 53.9079205], [27.6726753, 53.908071], [27.6727732, 53.9082293], [27.6729599, 53.9083359], [27.6728499, 53.9084154], [27.6729356, 53.9085244], [27.6729791, 53.9085869], [27.6716305, 53.9080935], [27.6710818, 53.90793], [27.6696522, 53.9075041], [27.669109, 53.9079898], [27.668727, 53.9083314], [27.66717, 53.9097236], [27.6667546, 53.9095821], [27.666302, 53.9097791], [27.666108, 53.9098907], [27.6661845, 53.9099744], [27.6664509, 53.910013], [27.6665953, 53.9101114], [27.6664419, 53.9102735], [27.6666495, 53.9104091], [27.6669137, 53.9104963], [27.6671955, 53.9103081], [27.6676219, 53.9101998], [27.6677845, 53.9102858], [27.6670048, 53.9110402], [27.6650315, 53.910286], [27.6648087, 53.9094312], [27.663574, 53.90927], [27.6627603, 53.9095494], [27.661881, 53.9091837], [27.6598818, 53.9088219], [27.6595513, 53.9090388], [27.6595212, 53.9089187], [27.6592528, 53.908576], [27.6611661, 53.9069659], [27.6614424, 53.9067501], [27.664258, 53.9045047], [27.664691, 53.9041064], [27.6650459, 53.9034623], [27.6651067, 53.9033196], [27.6657242, 53.9036045], [27.6667153, 53.9041618], [27.6681443, 53.9050515], [27.6686841, 53.905429], [27.6682581, 53.9056401], [27.6676558, 53.9054465], [27.6665717, 53.9051757], [27.6662217, 53.9044707], [27.6662726, 53.9053594], [27.665948, 53.9055206], [27.6657443, 53.9049019], [27.6653943, 53.904707], [27.6648278, 53.9049507], [27.6656382, 53.9055093], [27.6654401, 53.9056507], [27.6655194, 53.9058176], [27.6656747, 53.9058474], [27.6659735, 53.9057306], [27.6662975, 53.9057729], [27.6666314, 53.905975], [27.6666228, 53.9061704], [27.6667668, 53.906193], [27.6669518, 53.9061637], [27.6670556, 53.9062169], [27.6672361, 53.9062461], [27.6673805, 53.906177], [27.6675385, 53.906193], [27.6677744, 53.9061599], [27.667904, 53.9059617], [27.6681401, 53.9058034], [27.6684861, 53.9058367], [27.6687073, 53.9057942], [27.6689457, 53.9059378], [27.6693458, 53.9059568], [27.6694609, 53.9062967], [27.6698373, 53.9066087], [27.670085, 53.9067533]]]}}, {"type": "Feature", "properties": {"name": "\u041f\u043e\u043b\u0430\u0446\u043a\u0456 \u043f\u0430\u0440\u043a", "kind": "park", "osm_id": 256078918, "area": 3.9260768517124234e-05}, "geometry": {"type": "Polygon", "coordinates": [[[27.6228436, 53.9551131], [27.6233423, 53.9550878], [27.6233765, 53.9551427], [27.6234075, 53.9551863], [27.6239635, 53.9550985], [27.6248473, 53.9550612], [27.6254353, 53.9550007], [27.6259368, 53.9549108], [27.6266034, 53.9547163], [27.6292478, 53.9538483], [27.630278, 53.9533486], [27.6312829, 53.9529224], [27.6327926, 53.9522821], [27.6342538, 53.9515535], [27.6349426, 53.9512186], [27.6354077, 53.9510429], [27.6363744, 53.9507052], [27.6388316, 53.9500614], [27.6389284, 53.9500343], [27.6386113, 53.9496728], [27.6387479, 53.9496226], [27.6384086, 53.9492417], [27.638624, 53.9491806], [27.6383104, 53.9488221], [27.6393967, 53.9484937], [27.6402161, 53.9484442], [27.6407003, 53.9485726], [27.6408867, 53.9488199], [27.64101, 53.9486242], [27.6410221, 53.9483232], [27.6410225, 53.9477252], [27.6410103, 53.9476054], [27.6403011, 53.9475133], [27.6382273, 53.9481243], [27.6365475, 53.9486078], [27.6355253, 53.948902], [27.6302276, 53.9504268], [27.6299272, 53.9505973], [27.629734, 53.9507804], [27.6292201, 53.9513193], [27.6288972, 53.9514938], [27.6219782, 53.9536742], [27.622175, 53.9538806], [27.6229652, 53.9536489], [27.623522, 53.9537225], [27.6236615, 53.9538045], [27.6238332, 53.9540129], [27.6237474, 53.9543412], [27.6235076, 53.9544677], [27.6232214, 53.9545135], [27.6221601, 53.9544802], [27.6220792, 53.9544777], [27.6228436, 53.9551131]]]}}, {"type": "Feature", "properties": {"name": "\u0410\u043d\u0442\u043e\u043d\u0430\u045e\u0441\u043a\u0456 \u043f\u0430\u0440\u043a", "kind": "park", "osm_id": 100144265, "area": 3.667603721169144e-05}, "geometry": {"type": "Polygon", "coordinates": [[[27.597706, 53.891842], [27.5977072, 53.8920552], [27.5974953, 53.8921706], [27.5974256, 53.8923397], [27.5972432, 53.8925752], [27.5969186, 53.8929324], [27.5965002, 53.8932296], [27.5959665, 53.8934445], [27.5952447, 53.8936172], [27.5952205, 53.8936803], [27.5956925, 53.8936866], [27.5964865, 53.893655], [27.5975272, 53.8935159], [27.5999353, 53.8931829], [27.6043463, 53.8925776], [27.6042322, 53.8923765], [27.6040766, 53.8923239], [27.6020761, 53.8923779], [27.6019442, 53.8922868], [27.6019247, 53.89202], [27.6019232, 53.8918591], [27.6017906, 53.8918168], [27.6016546, 53.8917124], [27.6014219, 53.8896185], [27.6013716, 53.8889583], [27.6012137, 53.8871648], [27.6012467, 53.8863685], [27.6013302, 53.8847184], [27.6013808, 53.8837295], [27.6014816, 53.8835433], [27.6017558, 53.8833175], [27.6021978, 53.8830496], [27.6020123, 53.8828382], [27.6020653, 53.8828231], [27.6021318, 53.8828018], [27.6007054, 53.8811972], [27.6006605, 53.881243], [27.6005884, 53.881217], [27.6005128, 53.8811567], [27.599789, 53.8813864], [27.5981584, 53.8819111], [27.5984511, 53.8822216], [27.5990036, 53.8828192], [27.5991323, 53.8830406], [27.5991323, 53.8833125], [27.5988439, 53.8846186], [27.5986258, 53.8857676], [27.5987568, 53.8858711], [27.5988085, 53.8858717], [27.5987819, 53.8860172], [27.599813, 53.886035], [27.5998283, 53.8862826], [27.5993273, 53.8862728], [27.5993234, 53.8865661], [27.5986692, 53.8865708], [27.5986157, 53.8865863], [27.5984046, 53.8876307], [27.5984328, 53.88821], [27.5983354, 53.8887203], [27.598182, 53.8893727], [27.5982952, 53.8896989], [27.5980568, 53.8905843], [27.599109, 53.8907286], [27.5988738, 53.8918596], [27.5988278, 53.8918565], [27.597706, 53.891842]]]}}, {"type": "Feature", "properties": {"name": "\u041f\u0430\u0440\u043a \u0423\u0440\u0443\u0447\u0447\u0430", "kind": "park", "osm_id": 9577157, "area": 3.364445456099929e-05}, "geometry": {"type": "Polygon", "coordinates": [[[27.6787888, 53.9469774], [27.678442, 53.946845], [27.6782222, 53.9467248], [27.678025, 53.9466007], [27.6778398, 53.9464538], [27.6775206, 53.9461571], [27.677198, 53.9457875], [27.6768289, 53.9453808], [27.6766162, 53.9451611], [27.6764272, 53.9450019], [27.6761504, 53.9448093], [27.6757341, 53.9446276], [27.6754772, 53.944544], [27.6750271, 53.944436], [27.6745168, 53.9443571], [27.6740844, 53.9443277], [27.6736969, 53.9443261], [27.6736498, 53.944316], [27.6733978, 53.944334], [27.6732874, 53.944351], [27.6730545, 53.9443877], [27.6728234, 53.9444355], [27.6725003, 53.9445128], [27.6724577, 53.9445061], [27.6723383, 53.9445487], [27.6722847, 53.9445858], [27.6720448, 53.944673], [27.6715538, 53.9448407], [27.6715161, 53.9448752], [27.6683219, 53.9460243], [27.6683158, 53.9460191], [27.6683096, 53.9460137], [27.6681156, 53.945841], [27.6680785, 53.9457313], [27.6680934, 53.9456019], [27.668152, 53.9454646], [27.6682654, 53.9453338], [27.6684639, 53.9451982], [27.6686592, 53.9450852], [27.6700689, 53.9445026], [27.6706793, 53.9442027], [27.6712066, 53.9438793], [27.6714767, 53.9436569], [27.6720738, 53.9430697], [27.6721121, 53.9430243], [27.6722208, 53.9428955], [27.6723175, 53.9427809], [27.6724043, 53.9426577], [27.6724904, 53.9425358], [27.6725555, 53.9424439], [27.6725882, 53.9424083], [27.672627, 53.9423751], [27.6726306, 53.9423728], [27.672729, 53.9423082], [27.6727895, 53.9422711], [27.67285, 53.9422373], [27.6729139, 53.9422087], [27.6729768, 53.9421816], [27.6730394, 53.9421582], [27.6731004, 53.9421382], [27.6731767, 53.9421147], [27.6732561, 53.9420954], [27.6734011, 53.9420627], [27.6735411, 53.9420425], [27.6736984, 53.9420287], [27.6737884, 53.9420238], [27.673872, 53.9420213], [27.6739696, 53.9420249], [27.6740444, 53.9420295], [27.6743641, 53.9420712], [27.6748834, 53.9421391], [27.6751829, 53.9421852], [27.6757182, 53.9422677], [27.6762582, 53.9423459], [27.6774152, 53.942507], [27.677915, 53.9425823], [27.6784008, 53.9426598], [27.6789144, 53.9427573], [27.6790694, 53.9428241], [27.6800929, 53.9431259], [27.6801981, 53.9431621], [27.6803038, 53.9432083], [27.6804889, 53.9432933], [27.6807447, 53.9434914], [27.6815868, 53.9439694], [27.6825104, 53.9442865], [27.6826841, 53.9443309], [27.6827407, 53.9444361], [27.6827777, 53.944518], [27.6827873, 53.9445782], [27.6806659, 53.9469052], [27.6803819, 53.9472096], [27.6803201, 53.9472382], [27.6799145, 53.9472759], [27.6797383, 53.9472653], [27.6792631, 53.9471349], [27.6787888, 53.9469774]]]}}, {"type": "Feature", "properties": {"name": "\u041f\u0430\u0440\u043a \u0413\u043e\u0440\u043a\u0430\u0433\u0430", "kind": "park", "osm_id": 30951233, "area": 3.329970866161602e-05}, "geometry": {"type": "Polygon", "coordinates": [[[27.571575, 53.9067247], [27.5716574, 53.9067315], [27.5717331, 53.9067067], [27.571811, 53.9067166], [27.5725611, 53.9070894], [27.5727078, 53.9069838], [27.572675, 53.9069674], [27.5726406, 53.9069501], [27.5727151, 53.9068904], [27.5728008, 53.9068248], [27.5728138, 53.906815], [27.572824, 53.9068195], [27.5728673, 53.9067864], [27.572961, 53.906714], [27.5730546, 53.906643], [27.5731035, 53.9066057], [27.5730949, 53.9066018], [27.5731086, 53.9065916], [27.5731675, 53.906551], [27.5732618, 53.9065238], [27.5733464, 53.9065251], [27.5734659, 53.9065499], [27.5740259, 53.9060386], [27.5753533, 53.9048599], [27.576651, 53.9036685], [27.5766711, 53.9036473], [27.5780913, 53.9023596], [27.5775479, 53.9020946], [27.5751656, 53.90093], [27.5739672, 53.9003336], [27.573952, 53.9003469], [27.5739061, 53.9003252], [27.5737447, 53.9002539], [27.5737099, 53.9002353], [27.573697, 53.9002193], [27.5737042, 53.9002116], [27.5736923, 53.9002053], [27.573029, 53.8998887], [27.5727812, 53.8997784], [27.572197, 53.9001473], [27.5716919, 53.9004593], [27.5713357, 53.9007336], [27.5710939, 53.9009536], [27.5709948, 53.9010212], [27.5701455, 53.9018068], [27.5694268, 53.9024769], [27.5692005, 53.9027851], [27.5690582, 53.9031269], [27.569066, 53.903176], [27.56908, 53.903203], [27.5691111, 53.9032414], [27.5694665, 53.903458], [27.5703411, 53.9039467], [27.5707917, 53.9042131], [27.5707803, 53.9042706], [27.5708045, 53.9042921], [27.5708354, 53.9043205], [27.570894, 53.9043718], [27.5709911, 53.9044562], [27.5710296, 53.9044426], [27.5710901, 53.9044212], [27.5712061, 53.9045397], [27.5712785, 53.9046214], [27.5713152, 53.9046669], [27.5713477, 53.9047136], [27.5713741, 53.9047573], [27.5713955, 53.9048029], [27.5714126, 53.9048541], [27.5714321, 53.904919], [27.5714553, 53.9049859], [27.5715759, 53.9052695], [27.5716869, 53.905521], [27.571788, 53.9057397], [27.5718043, 53.9057788], [27.5718189, 53.9058177], [27.5718282, 53.9058527], [27.5718334, 53.9058939], [27.5718335, 53.9059437], [27.5717917, 53.9061894], [27.5717679, 53.9062537], [27.5717411, 53.9063108], [27.571708, 53.906368], [27.5716547, 53.906434], [27.5715918, 53.9064896], [27.5715181, 53.9065458], [27.5714412, 53.9066011], [27.5713993, 53.9066317], [27.571575, 53.9067247]]]}}, {"type": "Feature", "properties": {"name": "", "kind": "park", "osm_id": 172615283, "area": 3.240543503579829e-05}, "geometry": {"type": "Polygon", "coordinates": [[[27.4984487, 53.9414607], [27.4983086, 53.9413474], [27.4982316, 53.9413612], [27.4981901, 53.9413155], [27.4973246, 53.9402822], [27.4974187, 53.939919], [27.4975521, 53.9398435], [27.4973769, 53.9397373], [27.4971991, 53.9397558], [27.4969899, 53.9397373], [27.4967415, 53.9396589], [27.496127, 53.9390108], [27.4958968, 53.9388419], [27.4953112, 53.9384121], [27.494213, 53.937038], [27.494185, 53.9370087], [27.4941907, 53.9369893], [27.4942002, 53.9369769], [27.494236, 53.9369646], [27.494498, 53.9369022], [27.494728, 53.9368395], [27.4958534, 53.9365315], [27.4968331, 53.9362339], [27.4977912, 53.9359054], [27.4979753, 53.9358346], [27.4985003, 53.9356622], [27.4993844, 53.9353754], [27.4994112, 53.9352949], [27.5008231, 53.9348119], [27.5017203, 53.934489], [27.5023054, 53.9342935], [27.5024457, 53.9344302], [27.5019314, 53.9345548], [27.5015044, 53.9347366], [27.5014764, 53.9347888], [27.5015136, 53.9349373], [27.5016788, 53.9350945], [27.5018782, 53.9351622], [27.5019872, 53.9352293], [27.5020036, 53.9353317], [27.5020127, 53.9353583], [27.5018999, 53.9354296], [27.5018402, 53.9354686], [27.5017932, 53.935487], [27.5017133, 53.9355156], [27.5016018, 53.9355412], [27.5013621, 53.9356079], [27.5012872, 53.9356417], [27.5012224, 53.9356835], [27.5011852, 53.9357262], [27.5011527, 53.9357727], [27.5011356, 53.9358083], [27.5011312, 53.9358714], [27.5011356, 53.9359409], [27.5011527, 53.9359977], [27.5011946, 53.9360894], [27.5012759, 53.9361768], [27.5013287, 53.9362409], [27.5013686, 53.9362933], [27.5013697, 53.9363082], [27.5013751, 53.9363352], [27.5013731, 53.9363655], [27.5013453, 53.9364145], [27.5012951, 53.9364654], [27.5008868, 53.9368566], [27.5008394, 53.9369375], [27.5008225, 53.936989], [27.5008151, 53.9370404], [27.5008097, 53.9371315], [27.5008421, 53.9372351], [27.5008742, 53.9373584], [27.5008769, 53.937425], [27.5008634, 53.9374723], [27.5008238, 53.9375245], [27.5007829, 53.9375631], [27.5007472, 53.9375911], [27.5006532, 53.9376555], [27.5008344, 53.9376626], [27.5009304, 53.9376703], [27.5010271, 53.9376866], [27.5011504, 53.93771], [27.5012929, 53.9377465], [27.5014105, 53.9377875], [27.5015031, 53.9378167], [27.5015721, 53.9378353], [27.5016593, 53.9378542], [27.5017238, 53.9378663], [27.5018438, 53.9378732], [27.5019735, 53.9378748], [27.5020771, 53.9378615], [27.5021772, 53.9378443], [27.5022819, 53.9378226], [27.5024682, 53.937785], [27.5025451, 53.9377732], [27.5026722, 53.9377644], [27.502851, 53.9377622], [27.5030281, 53.9377644], [27.5031596, 53.9377864], [27.5032925, 53.937817], [27.5033784, 53.9378449], [27.5034569, 53.9378797], [27.5035212, 53.9379133], [27.5035947, 53.9379572], [27.5037326, 53.9380421], [27.5037966, 53.9380845], [27.503897, 53.9381396], [27.5038976, 53.9381704], [27.5039533, 53.9382043], [27.5040002, 53.9382047], [27.5044138, 53.9384598], [27.5045912, 53.9385581], [27.5045449, 53.9385861], [27.5044427, 53.9384983], [27.5043628, 53.9384718], [27.5042704, 53.9384127], [27.504155, 53.9383711], [27.5039211, 53.9382128], [27.5038251, 53.9381656], [27.5036906, 53.9381111], [27.5035475, 53.9380854], [27.5034567, 53.9380957], [27.5033293, 53.9380947], [27.5031894, 53.9381479], [27.5031595, 53.9381994], [27.5031633, 53.9382454], [27.5032358, 53.9382998], [27.5033514, 53.9382864], [27.5035092, 53.938272], [27.5036687, 53.9383194], [27.5036897, 53.9383853], [27.503789, 53.9384529], [27.5038588, 53.9384868], [27.5039043, 53.9385116], [27.5040024, 53.9386048], [27.5040714, 53.9386092], [27.5042929, 53.9387322], [27.504285, 53.9387368], [27.5042283, 53.9387198], [27.5041665, 53.9387172], [27.5041177, 53.9387286], [27.5040663, 53.9387396], [27.5040179, 53.938738], [27.5039862, 53.9387263], [27.5039352, 53.9387194], [27.5038363, 53.9387192], [27.5037591, 53.9387082], [27.5036761, 53.9386968], [27.5035462, 53.9386777], [27.5033769, 53.9386505], [27.5032625, 53.9386483], [27.5032073, 53.9386598], [27.503151, 53.9386884], [27.5030875, 53.9387303], [27.5030381, 53.9387693], [27.5030097, 53.9387918], [27.5030097, 53.9388258], [27.5030097, 53.9388851], [27.50311, 53.9389483], [27.5032573, 53.9389748], [27.5033264, 53.9389669], [27.5033786, 53.9389423], [27.5035356, 53.9388833], [27.5036431, 53.9388562], [27.503764, 53.9388437], [27.5039118, 53.9388618], [27.5039675, 53.9388731], [27.5040116, 53.9388969], [27.5040845, 53.9389127], [27.5041536, 53.938924], [27.5042266, 53.9389236], [27.504271, 53.9389919], [27.5043706, 53.9389946], [27.5043939, 53.9390721], [27.5043873, 53.939221], [27.504221, 53.9392316], [27.5040257, 53.9392522], [27.5038343, 53.9392835], [27.5036388, 53.9393235], [27.5034432, 53.9393756], [27.5031253, 53.9394724], [27.5028648, 53.939554], [27.5026327, 53.9396452], [27.5024876, 53.939712], [27.5023772, 53.9397861], [27.5022921, 53.9398623], [27.5022362, 53.9399349], [27.5022044, 53.940002], [27.5012543, 53.9402649], [27.5006442, 53.9402643], [27.4997904, 53.9403054], [27.4991489, 53.940811], [27.4987327, 53.9410778], [27.4985686, 53.9413484], [27.4985021, 53.9414345], [27.4984487, 53.9414607]]]}}, {"type": "Feature", "properties": {"name": "\u041f\u0430\u0440\u043a \u0423\u0433\u0430 \u0427\u0430\u0432\u0435\u0441\u0430", "kind": "park", "osm_id": 9084399, "area": 3.2043732630882005e-05}, "geometry": {"type": "Polygon", "coordinates": [[[27.4288828, 53.921843], [27.4288128, 53.9218062], [27.4287553, 53.9216982], [27.4284507, 53.920843], [27.4283754, 53.9205679], [27.4282652, 53.9201788], [27.4281315, 53.9196219], [27.4284345, 53.9196103], [27.4284259, 53.9195573], [27.4283877, 53.9193634], [27.4284211, 53.9193362], [27.4284005, 53.9192401], [27.4282763, 53.9192497], [27.4282625, 53.9192349], [27.4282507, 53.9191609], [27.4282783, 53.9191395], [27.4284409, 53.9191296], [27.4284205, 53.9190025], [27.4282499, 53.919007], [27.4280235, 53.9190168], [27.4279166, 53.9183375], [27.4279869, 53.9182818], [27.4280694, 53.9182527], [27.4287536, 53.9182013], [27.4287534, 53.9182063], [27.4292613, 53.918175], [27.4306353, 53.9180878], [27.4305834, 53.9178736], [27.430532, 53.9178766], [27.4303419, 53.9169972], [27.4302528, 53.9164956], [27.4310057, 53.9164395], [27.4320877, 53.9163887], [27.4321358, 53.9163894], [27.432825, 53.9163777], [27.4338158, 53.9163632], [27.434239, 53.9163562], [27.4342399, 53.9164117], [27.4341443, 53.916464], [27.4341811, 53.9167646], [27.4342771, 53.9168439], [27.4342897, 53.9172474], [27.434332, 53.917298], [27.4343432, 53.9175443], [27.4338914, 53.9176839], [27.434058, 53.9186161], [27.4340672, 53.9186677], [27.4346406, 53.9186545], [27.4349519, 53.9191146], [27.4366534, 53.918966], [27.4368806, 53.9196048], [27.4372914, 53.9207709], [27.4346551, 53.9211266], [27.4324893, 53.921418], [27.4324307, 53.9213851], [27.432344, 53.9213661], [27.4322688, 53.9213623], [27.432123, 53.9213864], [27.4320893, 53.9213988], [27.4320602, 53.9214154], [27.4320245, 53.9214395], [27.4320004, 53.9214664], [27.4319758, 53.921477], [27.4314151, 53.9215319], [27.4306361, 53.9216261], [27.4297799, 53.9217344], [27.4288828, 53.921843]]]}}, {"type": "Feature", "properties": {"name": "", "kind": "park", "osm_id": 549784392, "area": 3.12813820073643e-05}, "geometry": {"type": "Polygon", "coordinates": [[[27.6618149, 53.8807897], [27.6617231, 53.8782519], [27.6661454, 53.8740432], [27.6668121, 53.8734676], [27.6664349, 53.869847], [27.666352, 53.8685936], [27.665212, 53.868121], [27.6655076, 53.8677131], [27.6658128, 53.867701], [27.6661883, 53.8675897], [27.6687194, 53.8653297], [27.6696563, 53.8651261], [27.6707774, 53.8657749], [27.6703588, 53.8659336], [27.6696979, 53.8655793], [27.6681303, 53.8666024], [27.6680056, 53.8666774], [27.6675196, 53.8671259], [27.6671065, 53.8675694], [27.666856, 53.8680333], [27.6668204, 53.8689939], [27.6672028, 53.8699529], [27.6682631, 53.8717028], [27.6691936, 53.8734449], [27.6687972, 53.8740076], [27.6678381, 53.8756468], [27.6684126, 53.8759645], [27.6618149, 53.8807897]]]}}, {"type": "Feature", "properties": {"name": "\u041f\u0430\u0440\u043a \u0414\u0440\u0443\u0436\u0431\u044b \u041d\u0430\u0440\u043e\u0434\u0430\u045e", "kind": "park", "osm_id": 6661315, "area": 3.0756493629269244e-05}, "geometry": {"type": "Polygon", "coordinates": [[[27.5734278, 53.931802], [27.5735707, 53.9317849], [27.5739115, 53.9317442], [27.5751186, 53.9315999], [27.5755687, 53.9315123], [27.5756866, 53.9314482], [27.5758421, 53.9311064], [27.575406, 53.9307767], [27.5742369, 53.9297322], [27.5739819, 53.9293239], [27.5735992, 53.928537], [27.5730267, 53.9280457], [27.5722051, 53.927624], [27.5714266, 53.9266906], [27.56982, 53.9271498], [27.5698473, 53.9271905], [27.5691555, 53.9273968], [27.5687139, 53.9275253], [27.5681466, 53.9276905], [27.568355, 53.9277408], [27.568947, 53.9277175], [27.5692476, 53.9278989], [27.5691611, 53.9281398], [27.5686786, 53.9283442], [27.5681854, 53.9284792], [27.5677221, 53.9285485], [27.5676771, 53.9292652], [27.5674086, 53.9298309], [27.5674074, 53.9302681], [27.5671217, 53.9305941], [27.5669894, 53.9308061], [27.5663227, 53.9308188], [27.5663041, 53.9305482], [27.5660504, 53.9305484], [27.5660463, 53.9318627], [27.5703688, 53.9318272], [27.5708343, 53.9318233], [27.5710425, 53.9318216], [27.5731109, 53.9318046], [27.5734278, 53.931802]]]}}, {"type": "Feature", "properties": {"name": "\u041b\u0435\u0441\u0430\u043f\u0430\u0440\u043a \u0410\u043d\u0433\u0430\u0440\u0441\u043a\u0430\u044f-2", "kind": "park", "osm_id": 23408977, "area": 2.8287168902352278e-05}, "geometry": {"type": "Polygon", "coordinates": [[[27.6847626, 53.8794974], [27.6848126, 53.8797737], [27.6839125, 53.8803815], [27.6835466, 53.8804711], [27.6836619, 53.8807228], [27.6834554, 53.880847], [27.6830359, 53.880882], [27.6825405, 53.8812828], [27.6825031, 53.8814674], [27.6822353, 53.8814937], [27.6818533, 53.8818267], [27.6814349, 53.8815998], [27.6812581, 53.8816196], [27.6811042, 53.881466], [27.6811393, 53.8813016], [27.6809744, 53.8812195], [27.6802665, 53.8810752], [27.6801968, 53.8807653], [27.680221, 53.8805892], [27.6801201, 53.8802595], [27.6801921, 53.8800406], [27.6814291, 53.8802645], [27.681713, 53.8802072], [27.6816468, 53.8790951], [27.6817417, 53.8783273], [27.6818796, 53.8781641], [27.6825652, 53.8782881], [27.6827878, 53.8785602], [27.6832395, 53.8787093], [27.6830517, 53.8783649], [27.6833551, 53.8778934], [27.6850183, 53.878271], [27.685069, 53.877622], [27.68569, 53.8774673], [27.6854875, 53.8772693], [27.685183, 53.8768832], [27.6856874, 53.8765444], [27.6864427, 53.8765747], [27.6866144, 53.876089], [27.6874298, 53.8758512], [27.6875414, 53.8753705], [27.6878392, 53.87355], [27.6888062, 53.872852], [27.689013, 53.8721465], [27.6897472, 53.8721572], [27.6895629, 53.8729143], [27.6895071, 53.8731435], [27.6890271, 53.8734831], [27.6889162, 53.8737665], [27.6893783, 53.8738791], [27.6890643, 53.8744839], [27.6888459, 53.8745031], [27.6886241, 53.8745803], [27.6883191, 53.8753023], [27.6883411, 53.8753282], [27.6884115, 53.8754113], [27.6884314, 53.8754155], [27.6893543, 53.8756093], [27.6895194, 53.8764176], [27.6895346, 53.8764554], [27.6895961, 53.8766976], [27.6896934, 53.8775561], [27.6895741, 53.877969], [27.6889743, 53.8779084], [27.6890465, 53.8785986], [27.6893438, 53.878963], [27.6891489, 53.8790701], [27.6889285, 53.8790097], [27.6886459, 53.8793407], [27.6884137, 53.8794663], [27.6883488, 53.8788693], [27.6880696, 53.8786685], [27.6870222, 53.879298], [27.6865566, 53.879515], [27.6864729, 53.8797423], [27.6868621, 53.8798323], [27.6871637, 53.8801267], [27.6870092, 53.8804302], [27.6851493, 53.8794591], [27.6847626, 53.8794974]]]}}, {"type": "Feature", "properties": {"name": "\u041f\u0430\u0440\u043a \u041f\u0456\u0441\u044c\u043c\u0435\u043d\u043d\u0456\u043a\u0430\u045e", "kind": "park", "osm_id": 173144420, "area": 2.5206280838574457e-05}, "geometry": {"type": "Polygon", "coordinates": [[[27.6416831, 53.9313962], [27.641916, 53.9314548], [27.6444531, 53.932208], [27.6444873, 53.9321275], [27.6444793, 53.9320773], [27.6442781, 53.9319819], [27.6442371, 53.9319625], [27.6441654, 53.9319069], [27.6441865, 53.9318832], [27.6443103, 53.931863], [27.6444789, 53.9318333], [27.6445434, 53.9318231], [27.6447455, 53.9318056], [27.644997, 53.9318008], [27.6448167, 53.9315994], [27.64476, 53.931438], [27.6447301, 53.9312751], [27.6447397, 53.9311334], [27.644833, 53.9309531], [27.6449099, 53.9308559], [27.6446404, 53.9307931], [27.6446841, 53.9307617], [27.6450211, 53.9305054], [27.6450392, 53.9304983], [27.6455087, 53.9303143], [27.6459944, 53.9302588], [27.6464234, 53.9302649], [27.6466982, 53.9303168], [27.6473622, 53.9304049], [27.6472816, 53.9305829], [27.6472448, 53.930719], [27.6474471, 53.9308707], [27.6476127, 53.9310965], [27.6476619, 53.9313372], [27.647592, 53.9315622], [27.6473997, 53.9317633], [27.6472172, 53.9319158], [27.6468549, 53.9320839], [27.6465995, 53.9321495], [27.6466983, 53.9322191], [27.6468157, 53.9322877], [27.6469639, 53.932422], [27.6470795, 53.9325456], [27.6470285, 53.9325508], [27.646702, 53.9325746], [27.6462473, 53.9325382], [27.6461059, 53.932526], [27.6460387, 53.9326267], [27.6471496, 53.9329373], [27.6474745, 53.9330131], [27.6474158, 53.932959], [27.6474043, 53.9329352], [27.6473205, 53.9328432], [27.6472688, 53.9327508], [27.6472193, 53.9326676], [27.647202, 53.9325591], [27.6472087, 53.9324373], [27.6473328, 53.9324235], [27.6474393, 53.9322005], [27.6475673, 53.932069], [27.6476316, 53.9320198], [27.6475242, 53.9319753], [27.647648, 53.9318861], [27.6477202, 53.9318211], [27.6478069, 53.9317431], [27.647782, 53.9317255], [27.6478138, 53.9316603], [27.6478904, 53.9316519], [27.6479323, 53.931618], [27.6479391, 53.9315833], [27.6478763, 53.931535], [27.6479225, 53.9313599], [27.6479208, 53.9312972], [27.6479185, 53.9312383], [27.647893, 53.9311569], [27.6477146, 53.9308431], [27.6476958, 53.9307571], [27.6477403, 53.9306594], [27.6478728, 53.9305828], [27.6481783, 53.9305744], [27.6483599, 53.9305504], [27.6484984, 53.9305321], [27.6487939, 53.9304794], [27.6489959, 53.9304559], [27.648992, 53.9304176], [27.6490282, 53.9302863], [27.6491759, 53.9302446], [27.6492813, 53.9301302], [27.6493919, 53.9299254], [27.6494902, 53.9297821], [27.6496801, 53.9295122], [27.6497503, 53.9293991], [27.6498432, 53.9292252], [27.6499325, 53.928996], [27.6499869, 53.9287719], [27.6500148, 53.9283904], [27.6500074, 53.9281699], [27.6499241, 53.9276566], [27.6498255, 53.9276186], [27.6490083, 53.9276852], [27.6483272, 53.9277479], [27.6480917, 53.9277725], [27.6478227, 53.9278254], [27.6467312, 53.9280775], [27.6455827, 53.928318], [27.6423536, 53.9290031], [27.6403905, 53.9294312], [27.6400179, 53.9295121], [27.6399894, 53.92954], [27.6398682, 53.9296585], [27.6397596, 53.9301561], [27.6400443, 53.9303473], [27.6403029, 53.9303993], [27.6409781, 53.9311505], [27.6416831, 53.9313962]]]}}, {"type": "Feature", "properties": {"name": "", "kind": "park", "osm_id": 469113370, "area": 2.516616962111584e-05}, "geometry": {"type": "Polygon", "coordinates": [[[27.5292291, 53.9299092], [27.5290943, 53.9299055], [27.5290466, 53.9299042], [27.5290469, 53.9299], [27.5290475, 53.9298926], [27.5290486, 53.9298785], [27.5289802, 53.929864], [27.5288658, 53.9298618], [27.5286462, 53.9298516], [27.528481, 53.9298745], [27.5279608, 53.9298582], [27.5278227, 53.9298259], [27.5266936, 53.9297811], [27.5254015, 53.92974], [27.5254406, 53.9306128], [27.5252924, 53.9310636], [27.5252146, 53.9313065], [27.5250593, 53.9313213], [27.5247943, 53.931385], [27.524686, 53.9313968], [27.5245322, 53.9313961], [27.5243983, 53.9313531], [27.5243505, 53.9313125], [27.5243313, 53.9312881], [27.5243164, 53.931265], [27.5243137, 53.9312402], [27.5243116, 53.9312217], [27.5243069, 53.9311784], [27.5242661, 53.931168], [27.5242572, 53.9313832], [27.5241545, 53.9313781], [27.5241576, 53.9313518], [27.5239861, 53.9313496], [27.5239861, 53.9313755], [27.523015, 53.9313551], [27.5230234, 53.9313208], [27.5224531, 53.9313134], [27.5225701, 53.9303754], [27.5226202, 53.9296788], [27.5226151, 53.9296662], [27.5225952, 53.9296544], [27.5225739, 53.9296442], [27.5225431, 53.9296356], [27.5220972, 53.9296172], [27.5210324, 53.9295984], [27.5209935, 53.930002], [27.5219166, 53.930023], [27.5225445, 53.9304071], [27.5224664, 53.9310086], [27.5218838, 53.9311295], [27.5218557, 53.9313348], [27.5220823, 53.9314769], [27.5224793, 53.9315874], [27.522887, 53.9316917], [27.5227842, 53.9330823], [27.5227429, 53.933568], [27.522716, 53.9339182], [27.5225957, 53.9344224], [27.5220934, 53.934393], [27.5197283, 53.933323], [27.5166693, 53.9324504], [27.5158993, 53.9322307], [27.5149568, 53.9321349], [27.5148241, 53.9322379], [27.5148057, 53.9322395], [27.5147612, 53.9322467], [27.514635, 53.9322634], [27.514652, 53.9323245], [27.5147176, 53.9323171], [27.5147205, 53.9323259], [27.5148381, 53.9323125], [27.514947, 53.9323096], [27.5151101, 53.9323008], [27.5152761, 53.9323004], [27.5154495, 53.9323099], [27.5156086, 53.9323332], [27.5157494, 53.9323613], [27.5160168, 53.9324276], [27.5166642, 53.932618], [27.5183122, 53.9331213], [27.5192131, 53.9334049], [27.5195719, 53.9335344], [27.5199017, 53.933665], [27.5203209, 53.9338392], [27.5207075, 53.9340227], [27.5217204, 53.9345273], [27.5219198, 53.9346183], [27.5221029, 53.9346953], [27.5222517, 53.934739], [27.5224009, 53.934767], [27.5225483, 53.9347817], [27.5227058, 53.9347895], [27.5228761, 53.9347902], [27.5230607, 53.9347774], [27.5232443, 53.9347454], [27.5234256, 53.9346983], [27.5236035, 53.9346394], [27.5237695, 53.9345657], [27.5239449, 53.934466], [27.5241098, 53.9343615], [27.524207, 53.9343064], [27.524331, 53.9342557], [27.5245014, 53.9342167], [27.5246945, 53.9341867], [27.5249622, 53.934164], [27.5252377, 53.9341534], [27.5257496, 53.9341484], [27.5260375, 53.9341315], [27.5263113, 53.9340958], [27.5265961, 53.9340298], [27.5268767, 53.9339428], [27.5271187, 53.9338521], [27.5273917, 53.933734], [27.5276401, 53.9336076], [27.5278829, 53.9334657], [27.5280948, 53.9333263], [27.5282783, 53.9331806], [27.5284484, 53.9330338], [27.5286062, 53.9328662], [27.5287499, 53.932686], [27.5288903, 53.9324727], [27.528961, 53.9322913], [27.5290105, 53.9321161], [27.5290478, 53.9319201], [27.5290709, 53.9317282], [27.5290868, 53.9315178], [27.5292291, 53.9299092]]]}}, {"type": "Feature", "properties": {"name": "", "kind": "park", "osm_id": 541971140, "area": 2.3860421720200975e-05}, "geometry": {"type": "Polygon", "coordinates": [[[27.6392778, 53.9324212], [27.6399749, 53.9321536], [27.640346, 53.9319888], [27.6404425, 53.9319672], [27.6404939, 53.9319578], [27.6423396, 53.9324618], [27.642201, 53.9326335], [27.6420714, 53.9331632], [27.6418834, 53.9338992], [27.6416978, 53.9345846], [27.6416043, 53.9349345], [27.641562, 53.9350928], [27.6410824, 53.9350466], [27.6410423, 53.9351893], [27.6412209, 53.9352148], [27.6411678, 53.9354208], [27.6414233, 53.9354423], [27.6413815, 53.9356259], [27.6407393, 53.9355756], [27.6405954, 53.9357246], [27.6406021, 53.9360184], [27.6412543, 53.9360769], [27.6411642, 53.9365385], [27.6417009, 53.9367411], [27.6435803, 53.9368506], [27.6443586, 53.9370534], [27.644312, 53.9372462], [27.6443024, 53.9373414], [27.6442978, 53.9381795], [27.6442975, 53.9383061], [27.6442916, 53.9384966], [27.6443341, 53.9386627], [27.6447993, 53.9386429], [27.6450425, 53.938635], [27.6450573, 53.9387147], [27.6450835, 53.9388363], [27.6451824, 53.9392235], [27.6447616, 53.9393165], [27.6448406, 53.939617], [27.644538, 53.9396344], [27.6445701, 53.9397553], [27.644446, 53.9397684], [27.6444344, 53.9399451], [27.6445726, 53.9400696], [27.6443514, 53.9400819], [27.6442621, 53.9406756], [27.6444771, 53.940684], [27.6445252, 53.9407411], [27.6443507, 53.9408115], [27.6449633, 53.941296], [27.6451544, 53.9412193], [27.6452134, 53.9411985], [27.6452551, 53.9412449], [27.6452193, 53.9412721], [27.6453264, 53.9413684], [27.6454425, 53.9415834], [27.6452322, 53.9416153], [27.6450005, 53.9416546], [27.6447923, 53.9416881], [27.6445042, 53.9417491], [27.6441247, 53.9418305], [27.6434046, 53.9420947], [27.6432075, 53.9420446], [27.6433054, 53.9414345], [27.6432956, 53.9411284], [27.6435831, 53.9393112], [27.6435944, 53.9391759], [27.6435911, 53.9390746], [27.6435843, 53.9389944], [27.6435715, 53.938907], [27.6435586, 53.9388503], [27.6435383, 53.9387832], [27.6435072, 53.9387008], [27.6434756, 53.9386258], [27.6434385, 53.9385458], [27.6433925, 53.9384636], [27.6433401, 53.9383797], [27.643236, 53.9382245], [27.6431167, 53.9380774], [27.6429297, 53.9378947], [27.6427611, 53.9377612], [27.6426555, 53.9376834], [27.6424214, 53.9374856], [27.6422998, 53.9374125], [27.642166, 53.9373449], [27.6420218, 53.9372763], [27.641879, 53.937214], [27.6416554, 53.9371656], [27.6415376, 53.9371226], [27.6380353, 53.9358152], [27.6378564, 53.9357105], [27.6371635, 53.9354486], [27.6368812, 53.935385], [27.6367783, 53.935346], [27.6367528, 53.9353322], [27.6367335, 53.9353145], [27.6367229, 53.9352957], [27.6367159, 53.935273], [27.6367159, 53.9352492], [27.6367227, 53.935224], [27.6367394, 53.9351949], [27.6375486, 53.9341333], [27.6376255, 53.9340189], [27.6377015, 53.9338992], [27.6377989, 53.9337381], [27.6378634, 53.9336235], [27.6379206, 53.9335169], [27.6380956, 53.9331549], [27.6382226, 53.9329678], [27.6384595, 53.9325722], [27.6385449, 53.9324296], [27.6388091, 53.9324632], [27.6389274, 53.9324633], [27.6390402, 53.9324617], [27.6391593, 53.9324471], [27.6392778, 53.9324212]]]}}, {"type": "Feature", "properties": {"name": "\u041f\u0430\u0440\u043a \u0456\u043c\u044f \u0410\u043b\u044f\u043a\u0441\u0430\u043d\u0434\u0440\u0430 \u0413\u0435\u0440\u0430\u0441\u0456\u043c\u0435\u043d\u043a\u0456", "kind": "park", "osm_id": 18796687, "area": 2.0371924165374367e-05}, "geometry": {"type": "Polygon", "coordinates": [[[27.59678, 53.9020519], [27.5976687, 53.9024185], [27.5978122, 53.9025281], [27.5980716, 53.9024517], [27.5985559, 53.9028338], [27.5987376, 53.9030113], [27.5987618, 53.9030448], [27.5988086, 53.9031004], [27.5988034, 53.9031497], [27.5985534, 53.9032249], [27.5984144, 53.9032172], [27.5986551, 53.9034674], [27.5994851, 53.9032094], [27.599791, 53.9029204], [27.6003957, 53.9024028], [27.6013451, 53.9015231], [27.6008908, 53.9013437], [27.6006928, 53.9013671], [27.6006099, 53.9013365], [27.6005013, 53.9013127], [27.5997996, 53.901035], [27.5990976, 53.900768], [27.5991787, 53.9006742], [27.5989449, 53.9005843], [27.5980862, 53.9002541], [27.5974876, 53.9000602], [27.5973025, 53.8999978], [27.5972763, 53.8999772], [27.597216, 53.9000122], [27.5970814, 53.8999362], [27.5965833, 53.8996205], [27.5965241, 53.8995485], [27.5960383, 53.8986437], [27.5960769, 53.8986386], [27.5963076, 53.8985159], [27.5971344, 53.8980588], [27.5972035, 53.8980204], [27.5974436, 53.8981407], [27.5974899, 53.8981157], [27.5987083, 53.897433], [27.5991165, 53.8970837], [27.5989058, 53.8969853], [27.597664, 53.8964792], [27.5966865, 53.8971264], [27.595666, 53.8977609], [27.5956726, 53.8978033], [27.5956902, 53.8979166], [27.5954818, 53.8979285], [27.595379, 53.8979239], [27.5949155, 53.8978561], [27.5949006, 53.8978259], [27.5946887, 53.8982756], [27.5946237, 53.8983933], [27.5945838, 53.8984656], [27.5938435, 53.899733], [27.5936064, 53.9002968], [27.5936316, 53.9005556], [27.5938214, 53.9010432], [27.5940134, 53.9014593], [27.5940902, 53.9015634], [27.5944872, 53.90158], [27.5947311, 53.9013496], [27.5950427, 53.9010628], [27.5969297, 53.9017532], [27.5966204, 53.9019962], [27.59678, 53.9020519]]]}}, {"type": "Feature", "properties": {"name": "", "kind": "park", "osm_id": 9577158, "area": 2.0302949565120798e-05}, "geometry": {"type": "MultiPolygon", "coordinates": [[[[27.6489026, 53.9442086], [27.6496346, 53.9441512], [27.6500951, 53.9441113], [27.6503315, 53.9440908], [27.6506615, 53.9440233], [27.6514139, 53.9438694], [27.6518461, 53.9436586], [27.6521924, 53.9434636], [27.6523193, 53.9433813], [27.6522494, 53.9433534], [27.6521998, 53.9433265], [27.652154, 53.9432972], [27.65212, 53.9432734], [27.6520964, 53.9432592], [27.6520705, 53.9432508], [27.6520395, 53.9432479], [27.6520038, 53.9432541], [27.6519698, 53.9432664], [27.6518525, 53.9433218], [27.6518176, 53.9433366], [27.6517794, 53.9433448], [27.6517329, 53.9433469], [27.6516932, 53.9433431], [27.6516491, 53.9433349], [27.6514044, 53.9432898], [27.6513548, 53.9432855], [27.6513087, 53.9432891], [27.6512731, 53.9433003], [27.6512443, 53.9433214], [27.6512302, 53.9433447], [27.6512322, 53.9433749], [27.6512481, 53.9434085], [27.6513539, 53.9435859], [27.6513603, 53.9436201], [27.6513537, 53.9436537], [27.6513355, 53.9436863], [27.6512959, 53.9437203], [27.6512407, 53.9437566], [27.6511849, 53.9437871], [27.651127, 53.9438136], [27.6510595, 53.9438379], [27.6509868, 53.9438563], [27.650916, 53.9438684], [27.6508437, 53.9438781], [27.6507793, 53.9438817], [27.6507139, 53.9438808], [27.6506534, 53.9438692], [27.6505974, 53.9438465], [27.650558, 53.9438135], [27.6505308, 53.9437766], [27.6505083, 53.9437318], [27.6504365, 53.943557], [27.6504119, 53.9435073], [27.6503829, 53.9434723], [27.65034, 53.943444], [27.6502747, 53.9434227], [27.6501966, 53.9434157], [27.6501058, 53.9434227], [27.6500315, 53.9434378], [27.6499734, 53.9434571], [27.6499211, 53.943485], [27.6498802, 53.9435178], [27.6498685, 53.9435527], [27.6498694, 53.9435956], [27.6498822, 53.9436396], [27.6499764, 53.9438776], [27.649983, 53.9439201], [27.6499672, 53.9439587], [27.6499333, 53.9439936], [27.6498789, 53.9440215], [27.6498157, 53.9440418], [27.6497424, 53.9440543], [27.6496652, 53.9440587], [27.6489251, 53.9440936], [27.6488996, 53.9441178], [27.6489026, 53.9442086]]], [[[27.6419372, 53.9479658], [27.6419189, 53.9479717], [27.6418948, 53.9479756], [27.6418716, 53.9479768], [27.6418217, 53.9479759], [27.6417981, 53.9479729], [27.6417765, 53.9479656], [27.6417579, 53.9479571], [27.6417409, 53.9479439], [27.6417298, 53.947929], [27.6417122, 53.9478791], [27.6416825, 53.9477781], [27.6416816, 53.947763], [27.6416859, 53.9477477], [27.6416973, 53.9477347], [27.6417166, 53.9477225], [27.6417432, 53.9477126], [27.6417699, 53.9477027], [27.6417909, 53.9476897], [27.6418023, 53.9476734], [27.6421279, 53.9468218], [27.6421446, 53.9467843], [27.6421289, 53.9467651], [27.6421223, 53.9467431], [27.6421264, 53.946719], [27.6421405, 53.9466965], [27.6421635, 53.9466775], [27.6421976, 53.9466627], [27.6422336, 53.9466558], [27.6422744, 53.946652], [27.6422958, 53.9465989], [27.6422101, 53.9465856], [27.6424585, 53.9461512], [27.642497, 53.9460982], [27.6425419, 53.9460483], [27.642589, 53.9460041], [27.6426528, 53.9459546], [27.6427287, 53.9459062], [27.6428298, 53.9458539], [27.6429339, 53.9458056], [27.643249, 53.9456665], [27.6433244, 53.945625], [27.6433869, 53.9455783], [27.6434234, 53.9455292], [27.6434458, 53.945474], [27.6434574, 53.9454178], [27.6436387, 53.9444001], [27.6436659, 53.9442592], [27.6436931, 53.9441363], [27.6437242, 53.9440194], [27.6437649, 53.9438977], [27.6440041, 53.9432861], [27.6440518, 53.9431792], [27.6441079, 53.9430548], [27.644147, 53.9429624], [27.6441877, 53.9428586], [27.6442216, 53.9427568], [27.6442337, 53.9426995], [27.6442306, 53.9426281], [27.6442161, 53.9425484], [27.6441745, 53.9423208], [27.6441784, 53.9422988], [27.6441922, 53.9422804], [27.6442197, 53.9422645], [27.6442542, 53.9422528], [27.6442943, 53.9422465], [27.6443391, 53.9422462], [27.6443823, 53.9422513], [27.6444246, 53.9422657], [27.6444614, 53.9422867], [27.6449591, 53.9427556], [27.6450018, 53.9427834], [27.6450518, 53.942806], [27.6451103, 53.9428191], [27.6451776, 53.9428244], [27.6452492, 53.9428199], [27.6453204, 53.9428051], [27.6458614, 53.9426567], [27.6461757, 53.9425755], [27.646279, 53.9425541], [27.6463976, 53.9425436], [27.6465442, 53.942544], [27.6467165, 53.942565], [27.6468976, 53.9426024], [27.647103, 53.9426661], [27.6473702, 53.9427859], [27.6475332, 53.9428794], [27.6476678, 53.9429753], [27.6478164, 53.9431478], [27.647923, 53.9433685], [27.6479975, 53.9436207], [27.6480313, 53.9436707], [27.6481026, 53.943721], [27.648179, 53.9437465], [27.6482733, 53.9437586], [27.6485981, 53.9437682], [27.6486273, 53.9439806], [27.6489092, 53.9439678], [27.6495254, 53.9439448], [27.6495767, 53.9439398], [27.6496225, 53.9439287], [27.6496582, 53.9439104], [27.6496889, 53.9438818], [27.6497173, 53.9438585], [27.6497418, 53.9438411], [27.6497585, 53.943826], [27.6497695, 53.9438075], [27.6497731, 53.9437874], [27.6497682, 53.9437597], [27.6497044, 53.9435368], [27.6497071, 53.9435014], [27.649721, 53.94347], [27.6497438, 53.9434452], [27.6497778, 53.9434256], [27.6498205, 53.9434066], [27.6500951, 53.943314], [27.650146, 53.9433065], [27.6502002, 53.9433037], [27.650255, 53.9433056], [27.6503053, 53.9433135], [27.6503539, 53.9433279], [27.650398, 53.9433476], [27.6504395, 53.9433762], [27.6505487, 53.9434727], [27.6505844, 53.9435091], [27.6506189, 53.9435516], [27.6506575, 53.9436046], [27.6506858, 53.943637], [27.6507218, 53.9436641], [27.6507672, 53.9436841], [27.6508238, 53.9436929], [27.6508872, 53.9436924], [27.6509461, 53.9436846], [27.6509983, 53.9436689], [27.6510368, 53.94365], [27.6510696, 53.9436253], [27.6510851, 53.9435969], [27.6510883, 53.9435697], [27.6510782, 53.9435406], [27.6510599, 53.9435122], [27.6509379, 53.943337], [27.6509298, 53.9433109], [27.6509313, 53.9432868], [27.6509466, 53.9432655], [27.6509776, 53.9432482], [27.6510209, 53.9432337], [27.6512453, 53.9431818], [27.6512838, 53.943178], [27.6513234, 53.9431805], [27.6513655, 53.9431876], [27.6514076, 53.9431971], [27.651667, 53.9432576], [27.651695, 53.9432616], [27.6517241, 53.9432628], [27.6517521, 53.9432601], [27.6517774, 53.9432531], [27.6518003, 53.9432432], [27.6519423, 53.9431744], [27.6519772, 53.9431642], [27.6520211, 53.9431599], [27.6520649, 53.9431616], [27.652104, 53.9431701], [27.6521351, 53.9431826], [27.6521655, 53.9431993], [27.6522689, 53.9432658], [27.6523199, 53.9432967], [27.6523738, 53.9433228], [27.6524292, 53.943344], [27.6524952, 53.9433663], [27.6525686, 53.9433893], [27.6526501, 53.9434109], [27.6527268, 53.9434282], [27.6528052, 53.943444], [27.6528828, 53.9434581], [27.654843, 53.9438094], [27.6549219, 53.9438255], [27.6549919, 53.9438417], [27.6550539, 53.9438608], [27.6551104, 53.9438809], [27.6551532, 53.9438999], [27.6551982, 53.943923], [27.6552435, 53.9439525], [27.6552845, 53.9439821], [27.6554678, 53.944117], [27.6555092, 53.944146], [27.6555556, 53.9441752], [27.6556041, 53.9441987], [27.6556557, 53.944219], [27.6557308, 53.9442437], [27.6557641, 53.9442543], [27.655794, 53.9442678], [27.6558082, 53.9442825], [27.6558075, 53.9443016], [27.6557944, 53.9443207], [27.6557741, 53.9443327], [27.6557453, 53.9443401], [27.6557138, 53.9443383], [27.6556858, 53.9443314], [27.6556534, 53.9443194], [27.655623, 53.9443039], [27.6555796, 53.9442804], [27.6555392, 53.9442561], [27.6555081, 53.944236], [27.6554699, 53.9442089], [27.6554309, 53.9441793], [27.6551798, 53.9439749], [27.6551453, 53.9439526], [27.6551085, 53.9439329], [27.655064, 53.9439129], [27.655018, 53.9438975], [27.6549682, 53.9438843], [27.6549394, 53.94388], [27.6549127, 53.9438805], [27.6548926, 53.9438848], [27.654878, 53.9438935], [27.6548699, 53.9439064], [27.6548674, 53.9439199], [27.6548891, 53.9441199], [27.6548921, 53.9441596], [27.6548861, 53.9441974], [27.6548763, 53.9442304], [27.654858, 53.9442629], [27.654621, 53.9446456], [27.6546036, 53.9446689], [27.6545814, 53.9446897], [27.654552, 53.944707], [27.6545197, 53.9447239], [27.6542906, 53.9448322], [27.6542196, 53.9448643], [27.6540027, 53.9449605], [27.6539514, 53.9449824], [27.653897, 53.9450015], [27.6538488, 53.9450144], [27.6539249, 53.9450819], [27.6549347, 53.9448623], [27.6552546, 53.9447805], [27.6555175, 53.9446748], [27.6556814, 53.9445658], [27.6558274, 53.9443953], [27.6559247, 53.9441972], [27.6559366, 53.944154], [27.6559326, 53.9441288], [27.6559205, 53.9441043], [27.6558924, 53.944085], [27.655861, 53.9440665], [27.6533668, 53.9430337], [27.6527488, 53.9427567], [27.6521881, 53.9425328], [27.6521125, 53.9425055], [27.6520327, 53.942479], [27.6518939, 53.9424328], [27.6517594, 53.9423926], [27.6516049, 53.9423527], [27.6514493, 53.9423152], [27.6513051, 53.9422825], [27.6511656, 53.9422542], [27.6510175, 53.9422264], [27.6508579, 53.9422004], [27.6506829, 53.9421763], [27.6504803, 53.9421522], [27.6490157, 53.9419939], [27.6487832, 53.9419948], [27.6484234, 53.9419583], [27.6482901, 53.9419206], [27.6472044, 53.941805], [27.646974, 53.9417844], [27.6467273, 53.941767], [27.6465314, 53.9417591], [27.646282, 53.9417528], [27.6459521, 53.9417575], [27.6456596, 53.9417775], [27.645375, 53.9418041], [27.6449568, 53.9418689], [27.6446276, 53.941938], [27.6442586, 53.9420636], [27.6432548, 53.9423513], [27.6432102, 53.9423663], [27.6431683, 53.9423888], [27.643139, 53.9424066], [27.6431116, 53.9424342], [27.6430949, 53.9424687], [27.6430898, 53.9424961], [27.6430701, 53.9426645], [27.6430493, 53.9428686], [27.6430224, 53.9430929], [27.6430258, 53.9431263], [27.6430345, 53.9431537], [27.6430503, 53.9431748], [27.6430774, 53.9431973], [27.6431116, 53.9432155], [27.6433782, 53.9433333], [27.6434047, 53.9433481], [27.6434288, 53.943369], [27.6434395, 53.943388], [27.6434463, 53.9434105], [27.6434469, 53.9434361], [27.6434452, 53.9434643], [27.6434349, 53.943512], [27.6432207, 53.9441685], [27.6432049, 53.9441907], [27.64318, 53.9442089], [27.6431432, 53.9442262], [27.6431009, 53.9442416], [27.6430551, 53.9442537], [27.6428388, 53.9442901], [27.6427968, 53.9443008], [27.6427653, 53.9443143], [27.6427392, 53.9443318], [27.6427207, 53.9443523], [27.6426946, 53.9443934], [27.6425041, 53.9447914], [27.6424075, 53.9449032], [27.6413871, 53.946967], [27.6414504, 53.9475467], [27.6415639, 53.9480176], [27.6415669, 53.9485561], [27.6412704, 53.9491519], [27.6414912, 53.9492011], [27.6436446, 53.94695], [27.6442099, 53.946511], [27.6445581, 53.9463573], [27.644637, 53.9463392], [27.644785, 53.9462304], [27.6448485, 53.9461359], [27.6448751, 53.9460502], [27.6448698, 53.9459217], [27.6446266, 53.945512], [27.644604, 53.9454363], [27.6445858, 53.9453456], [27.6445928, 53.9450545], [27.6446686, 53.9448753], [27.6447393, 53.9447661], [27.6449654, 53.9445926], [27.6448125, 53.9444824], [27.6447494, 53.9444599], [27.6446973, 53.94445], [27.6446409, 53.9444536], [27.6445909, 53.9444654], [27.6445492, 53.944487], [27.6445255, 53.9445155], [27.6445212, 53.9445426], [27.6445366, 53.9445711], [27.6445778, 53.9446071], [27.6444928, 53.9446967], [27.6444172, 53.9447984], [27.6443583, 53.9448929], [27.6443113, 53.9449907], [27.6442721, 53.9450953], [27.6442437, 53.9452048], [27.644233, 53.9453098], [27.6442399, 53.9454238], [27.6442558, 53.9455348], [27.6443506, 53.9459506], [27.6443562, 53.9460023], [27.6443515, 53.9460525], [27.64434, 53.9461023], [27.6443181, 53.9461467], [27.6442856, 53.9461823], [27.6442428, 53.9462156], [27.6441942, 53.9462434], [27.6441327, 53.9462681], [27.6440587, 53.9462934], [27.6439779, 53.9463158], [27.6438712, 53.946332], [27.6437594, 53.9463433], [27.6429333, 53.9463973], [27.6428627, 53.946405], [27.6428075, 53.9464179], [27.6427621, 53.9464391], [27.6427321, 53.9464663], [27.6427086, 53.9464964], [27.6426241, 53.9466493], [27.6425524, 53.9466351], [27.6425244, 53.9466856], [27.6425556, 53.9466997], [27.6425841, 53.9467175], [27.6426037, 53.9467402], [27.642611, 53.9467643], [27.6426043, 53.9467887], [27.6425837, 53.9468114], [27.6425527, 53.9468278], [27.6425143, 53.9468415], [27.6424976, 53.9468789], [27.6419738, 53.9479329], [27.6419649, 53.9479456], [27.6419531, 53.947957], [27.6419372, 53.9479658]]]]}}, {"type": "Feature", "properties": {"name": "\u0421\u043a\u0432\u0435\u0440 \u0421\u0442\u0430\u0440\u043e\u0441\u0446\u0456\u043d\u0441\u043a\u0430\u044f \u0441\u043b\u0430\u0431\u0430\u0434\u0430", "kind": "park", "osm_id": 99877375, "area": 1.7763538835424697e-05}, "geometry": {"type": "Polygon", "coordinates": [[[27.5494113, 53.9174104], [27.5494614, 53.9172688], [27.5494845, 53.9170451], [27.5493988, 53.9169333], [27.5495123, 53.9164546], [27.5504258, 53.9163003], [27.5503995, 53.916254], [27.5501302, 53.9162413], [27.5498119, 53.9162633], [27.5491977, 53.9163284], [27.5490948, 53.9162233], [27.5489023, 53.9162824], [27.5486001, 53.9160164], [27.5479702, 53.9154144], [27.5480126, 53.9153553], [27.5481586, 53.9152158], [27.5481923, 53.9146752], [27.548253, 53.9146089], [27.5483966, 53.9145693], [27.551919, 53.9143469], [27.5518056, 53.913854], [27.5517148, 53.913858], [27.5516847, 53.9136204], [27.552429, 53.9135877], [27.5524576, 53.9137846], [27.5530163, 53.9137468], [27.5531501, 53.9136893], [27.5534305, 53.9137365], [27.5559132, 53.911357], [27.5560267, 53.911235], [27.5560923, 53.9110882], [27.5562912, 53.9102712], [27.5562767, 53.9102297], [27.5559353, 53.9096991], [27.5556172, 53.9097604], [27.5557034, 53.9098899], [27.5557676, 53.9098766], [27.555802, 53.909926], [27.5558565, 53.9100252], [27.555898, 53.9101177], [27.5559288, 53.9102144], [27.5559463, 53.9103053], [27.5559541, 53.9104056], [27.5559463, 53.9105154], [27.5559239, 53.9106319], [27.5558866, 53.9107497], [27.5558429, 53.9108724], [27.5558023, 53.9109803], [27.5557569, 53.911062], [27.5556987, 53.9111437], [27.5556181, 53.9112418], [27.5555281, 53.9113294], [27.5554027, 53.911453], [27.5542514, 53.9125597], [27.55414, 53.9126541], [27.5540452, 53.9127295], [27.5539181, 53.9128173], [27.5538025, 53.9128903], [27.553653, 53.9129662], [27.5535019, 53.9130356], [27.5533298, 53.9131002], [27.5531296, 53.9131555], [27.5529553, 53.9131903], [27.5527616, 53.9132146], [27.5525705, 53.9132263], [27.5523782, 53.9132246], [27.5521698, 53.9132102], [27.5519646, 53.9131866], [27.5516954, 53.9131473], [27.551714, 53.9131048], [27.5498018, 53.9128091], [27.5497787, 53.9128505], [27.5490238, 53.9127231], [27.5488725, 53.9127045], [27.5487115, 53.912698], [27.5485441, 53.912701], [27.5483849, 53.9127158], [27.5482385, 53.9127353], [27.5480819, 53.9127693], [27.547951, 53.9128053], [27.5478293, 53.9128504], [27.5477206, 53.9129069], [27.5476354, 53.9129608], [27.5473339, 53.9129196], [27.5472418, 53.9129131], [27.5471697, 53.9129157], [27.5471088, 53.9129291], [27.5470445, 53.9129538], [27.5469898, 53.9129861], [27.5468917, 53.9130516], [27.546835, 53.9130808], [27.5468032, 53.9130929], [27.546774, 53.9131037], [27.5467259, 53.9131247], [27.5467001, 53.9131378], [27.5467352, 53.9131555], [27.546717, 53.9131678], [27.5466979, 53.9131802], [27.5466578, 53.9131592], [27.5465751, 53.913211], [27.5464912, 53.9132551], [27.5464159, 53.9132877], [27.5463152, 53.913336], [27.5462241, 53.9133823], [27.5461388, 53.9134295], [27.5460683, 53.9134735], [27.5459976, 53.9135265], [27.5459364, 53.9135738], [27.545879, 53.9136223], [27.5450753, 53.9143797], [27.5449971, 53.9144435], [27.5449211, 53.9145024], [27.5448536, 53.9145555], [27.5448131, 53.9145905], [27.5447812, 53.9146249], [27.5447597, 53.914661], [27.5447466, 53.914697], [27.5447424, 53.9147293], [27.5447425, 53.9148983], [27.5447453, 53.9149191], [27.544748, 53.9149394], [27.5447693, 53.9150201], [27.5447922, 53.9150833], [27.5448216, 53.9151484], [27.5448575, 53.9152094], [27.5449076, 53.9152703], [27.5449723, 53.9153283], [27.5450538, 53.9153929], [27.5451305, 53.915448], [27.5452256, 53.9155104], [27.5453312, 53.9155701], [27.5454403, 53.9156283], [27.5455045, 53.9156613], [27.5455735, 53.9156876], [27.5456552, 53.9157093], [27.5457524, 53.9157277], [27.5458931, 53.9157519], [27.5460057, 53.9157745], [27.5461111, 53.9157995], [27.547604, 53.916143], [27.5477304, 53.9161785], [27.5478398, 53.9162179], [27.5479521, 53.9162626], [27.5480506, 53.9163101], [27.5481411, 53.9163642], [27.548223, 53.9164193], [27.5482951, 53.9164722], [27.548365, 53.9165313], [27.5484244, 53.9165925], [27.5484788, 53.9166508], [27.5485292, 53.916714], [27.5485703, 53.916773], [27.5486101, 53.9168319], [27.5486451, 53.9168949], [27.5486772, 53.9169608], [27.5487032, 53.9170196], [27.5487161, 53.9170791], [27.5487237, 53.9171485], [27.5487263, 53.9172068], [27.5487289, 53.9172745], [27.5487263, 53.9173434], [27.5487256, 53.91736], [27.5488225, 53.9173684], [27.5491049, 53.9173927], [27.5490898, 53.9174529], [27.5493858, 53.9174146], [27.5494113, 53.9174104]]]}}, {"type": "Feature", "properties": {"name": "\u043f\u0430\u0440\u043a \u041a\u043e\u0441\u043c\u0430\u0441", "kind": "park", "osm_id": 1309486884, "area": 1.756978872435866e-05}, "geometry": {"type": "Polygon", "coordinates": [[[27.4661001, 53.9069653], [27.4661921, 53.9014857], [27.4663762, 53.9009978], [27.4707718, 53.9018736], [27.4674025, 53.9071947], [27.4661001, 53.9069653]]]}}, {"type": "Feature", "properties": {"name": "\u041c\u0430\u043b\u0430\u043c\u044f\u0434\u0437\u0432\u0435\u0436\u044b\u043d\u0441\u043a\u0456 \u0441\u043a\u0432\u0435\u0440", "kind": "park", "osm_id": 99885181, "area": 1.476487352647382e-05}, "geometry": {"type": "Polygon", "coordinates": [[[27.5205094, 53.8970401], [27.5190735, 53.8986142], [27.5137223, 53.8969884], [27.5140107, 53.8965974], [27.513895, 53.8965572], [27.5138367, 53.8965416], [27.5135448, 53.8964549], [27.5132678, 53.8963452], [27.5131, 53.8965593], [27.512687, 53.8964606], [27.5126164, 53.8965539], [27.5120931, 53.8964369], [27.5119699, 53.8965756], [27.5113693, 53.8964791], [27.5113205, 53.8964712], [27.5105446, 53.8963465], [27.5099893, 53.8962573], [27.5101865, 53.8959014], [27.5103599, 53.8955884], [27.5100576, 53.8955301], [27.5095044, 53.8954041], [27.5084043, 53.8951373], [27.5082813, 53.8950034], [27.5079342, 53.8947923], [27.5077043, 53.894771], [27.5070277, 53.8947996], [27.507077, 53.8945391], [27.5072241, 53.8945838], [27.5092036, 53.8949258], [27.5092732, 53.8949745], [27.5098417, 53.8950764], [27.5099932, 53.8950622], [27.5172728, 53.8963199], [27.5193413, 53.8966879], [27.5205094, 53.8970401]]]}}, {"type": "Feature", "properties": {"name": "\u041f\u0430\u0440\u043a \u0456\u043c\u044f \u0410\u043b\u044f\u043a\u0441\u0430\u043d\u0434\u0440\u0430 \u0413\u0435\u0440\u0430\u0441\u0456\u043c\u0435\u043d\u043a\u0456", "kind": "park", "osm_id": 12328571, "area": 1.4598771485907491e-05}, "geometry": {"type": "Polygon", "coordinates": [[[27.6028206, 53.9020601], [27.6029489, 53.9019563], [27.6031317, 53.9018084], [27.6035337, 53.90197], [27.6035751, 53.901932], [27.6036287, 53.9018829], [27.6037297, 53.9017904], [27.604462, 53.9020702], [27.6046228, 53.9019549], [27.6053035, 53.902181], [27.6053445, 53.9021542], [27.6055109, 53.9020544], [27.6061949, 53.9022761], [27.6063988, 53.9020604], [27.6064147, 53.902113], [27.6064942, 53.9023749], [27.6069778, 53.9025396], [27.6093296, 53.9033998], [27.6093261, 53.903444], [27.6093162, 53.9034595], [27.6089653, 53.9036697], [27.6086985, 53.9037243], [27.6084394, 53.9039939], [27.6090605, 53.9043163], [27.6102025, 53.9049681], [27.6102859, 53.9049254], [27.6108754, 53.9046226], [27.6122158, 53.9054529], [27.6125935, 53.9054514], [27.6128295, 53.9054466], [27.6132211, 53.9054498], [27.613389, 53.9054456], [27.6133608, 53.9056528], [27.6136382, 53.9056584], [27.6142131, 53.9056745], [27.6142422, 53.905934], [27.6144563, 53.9059317], [27.6150297, 53.9059437], [27.6151633, 53.9062309], [27.6159806, 53.9062398], [27.6159845, 53.9065186], [27.6187978, 53.9066197], [27.6187708, 53.9068848], [27.6152428, 53.906871], [27.6150986, 53.9068758], [27.6142207, 53.9070078], [27.6139747, 53.9070646], [27.6135663, 53.9071588], [27.6134846, 53.9071696], [27.6134125, 53.9071666], [27.6133398, 53.9071492], [27.6132617, 53.9071172], [27.6130008, 53.9069676], [27.612626, 53.9067641], [27.6123234, 53.9066021], [27.6073421, 53.903935], [27.6064976, 53.9036243], [27.6037177, 53.9027315], [27.6036592, 53.9027213], [27.6036008, 53.9026993], [27.6035444, 53.9026679], [27.6035198, 53.9026195], [27.6035006, 53.9024002], [27.6034567, 53.9023355], [27.6034098, 53.902283], [27.6033087, 53.902235], [27.6031882, 53.9021835], [27.6028206, 53.9020601]]]}}, {"type": "Feature", "properties": {"name": "\u041a\u0430\u0437\u0430\u0447\u043d\u044b \u043a\u0440\u0430\u0439", "kind": "park", "osm_id": 1309599658, "area": 1.4505408785225882e-05}, "geometry": {"type": "Polygon", "coordinates": [[[27.6764269, 53.9358086], [27.6770428, 53.9339793], [27.6772268, 53.9330791], [27.677963, 53.9325332], [27.6801006, 53.932304], [27.6811341, 53.9323999], [27.682033, 53.9325916], [27.6817499, 53.9330208], [27.6811128, 53.9335084], [27.6798954, 53.9364003], [27.6764269, 53.9358086]]]}}, {"type": "Feature", "properties": {"name": "", "kind": "park", "osm_id": 1356653, "area": 1.3400576335698133e-05}, "geometry": {"type": "Polygon", "coordinates": [[[27.458403, 53.8450082], [27.4627863, 53.8445192], [27.4628006, 53.8446129], [27.4626125, 53.8446289], [27.4624771, 53.8445959], [27.4617901, 53.8446669], [27.4614301, 53.8448486], [27.4616078, 53.8449692], [27.4620375, 53.844754], [27.4628103, 53.8446865], [27.4628315, 53.8449283], [27.4628077, 53.8449552], [27.4627801, 53.8449689], [27.462732, 53.8449741], [27.4626276, 53.8449692], [27.4626257, 53.8448897], [27.4627205, 53.8448887], [27.4627248, 53.8447712], [27.462423, 53.8447718], [27.4623212, 53.8447821], [27.4622275, 53.8448236], [27.4618036, 53.8450656], [27.4617445, 53.845119], [27.4617205, 53.845182], [27.4617206, 53.8453663], [27.4617223, 53.8454547], [27.4620734, 53.8456853], [27.4622953, 53.8460487], [27.4625732, 53.8462231], [27.4629712, 53.8468948], [27.4634815, 53.8471178], [27.464366, 53.8472181], [27.4648951, 53.847537], [27.4652958, 53.8478024], [27.4655993, 53.8479206], [27.4662821, 53.847916], [27.4680289, 53.8478902], [27.4682467, 53.8480931], [27.4691906, 53.8483904], [27.4694886, 53.8483917], [27.4695156, 53.8484779], [27.4695491, 53.8488381], [27.4695516, 53.8488621], [27.4682376, 53.8488491], [27.4679193, 53.8488494], [27.4673255, 53.8488537], [27.4664042, 53.8488794], [27.4658511, 53.8489091], [27.4651585, 53.8489371], [27.4644333, 53.8489917], [27.4643934, 53.8488147], [27.464279, 53.8488193], [27.46426, 53.8487466], [27.4642593, 53.8485581], [27.4642356, 53.8484954], [27.4641749, 53.8483179], [27.4640342, 53.8480314], [27.4640008, 53.8479958], [27.4639427, 53.8479679], [27.4638899, 53.8479501], [27.4638153, 53.8479473], [27.463757, 53.8479541], [27.4636931, 53.8479741], [27.4636565, 53.8479961], [27.4636277, 53.8480311], [27.4628904, 53.8477724], [27.4628843, 53.8475313], [27.4622207, 53.8475302], [27.4621383, 53.8475277], [27.4621365, 53.8475119], [27.4620956, 53.8472507], [27.4616559, 53.8470397], [27.4616179, 53.8470205], [27.4605941, 53.847018], [27.460446, 53.8469245], [27.4603299, 53.8469147], [27.4602932, 53.8466837], [27.4596905, 53.846363], [27.4591838, 53.8463759], [27.4582443, 53.8464503], [27.4582378, 53.8461372], [27.459488, 53.8459842], [27.4593926, 53.8456214], [27.4595159, 53.8455607], [27.4594202, 53.8453361], [27.4587603, 53.8450403], [27.4584124, 53.8450711], [27.458403, 53.8450082]]]}}, {"type": "Feature", "properties": {"name": "\u041b\u0430\u043d\u0434\u0448\u0430\u0444\u0442\u043d\u044b \u043f\u0430\u0440\u043a", "kind": "park", "osm_id": 986263837, "area": 1.292374861350254e-05}, "geometry": {"type": "Polygon", "coordinates": [[[27.6055795, 53.9169208], [27.6056615, 53.9167674], [27.6062222, 53.9157283], [27.6058006, 53.9156494], [27.6056224, 53.9156349], [27.6057725, 53.9151881], [27.6069484, 53.9153592], [27.6082778, 53.9155054], [27.6088813, 53.915567], [27.6095089, 53.9156397], [27.6122273, 53.9160409], [27.6119631, 53.9164533], [27.6122045, 53.9165954], [27.6124191, 53.916646], [27.6113462, 53.9182983], [27.6055795, 53.9169208]]]}}, {"type": "Feature", "properties": {"name": "", "kind": "park", "osm_id": 102311586, "area": 1.2639270266845415e-05}, "geometry": {"type": "Polygon", "coordinates": [[[27.617963, 53.9551989], [27.6190812, 53.9548275], [27.6190994, 53.9548547], [27.620161, 53.9560399], [27.6194112, 53.9562444], [27.6187672, 53.9563966], [27.6180395, 53.9565094], [27.6162175, 53.9565608], [27.613432, 53.9565661], [27.61343, 53.9560604], [27.6122969, 53.9560551], [27.612291, 53.9559231], [27.6122397, 53.9558962], [27.6090661, 53.9559329], [27.609065, 53.9565915], [27.6068917, 53.9566108], [27.6043179, 53.9566322], [27.6039338, 53.9566309], [27.6036643, 53.9566083], [27.6034428, 53.9565298], [27.603297, 53.9564717], [27.6031304, 53.9563909], [27.602789, 53.9562226], [27.6026658, 53.9561455], [27.6031428, 53.9561381], [27.60315, 53.9561602], [27.6031668, 53.9561809], [27.6031905, 53.956193], [27.6032231, 53.9561994], [27.6035547, 53.9561934], [27.6036509, 53.9562263], [27.6040823, 53.9562198], [27.6041627, 53.9561898], [27.6042065, 53.956147], [27.6042185, 53.9561101], [27.6042137, 53.9560732], [27.604179, 53.9560283], [27.6040978, 53.9559955], [27.603627, 53.956001], [27.6035643, 53.9560303], [27.603551, 53.9560339], [27.6032203, 53.9560361], [27.603191, 53.9560429], [27.603174, 53.9560487], [27.6031593, 53.9560567], [27.6031453, 53.9560706], [27.6031397, 53.9560844], [27.6026356, 53.9560878], [27.6022604, 53.9558327], [27.6021007, 53.955699], [27.6021163, 53.9556564], [27.6021589, 53.9556223], [27.6022161, 53.9556096], [27.6022958, 53.9556079], [27.6028168, 53.9556103], [27.6036324, 53.9556438], [27.6044079, 53.9556756], [27.6059722, 53.9557322], [27.6080394, 53.9558264], [27.6091205, 53.9558062], [27.613239, 53.9557597], [27.6157219, 53.9557583], [27.6160263, 53.9557365], [27.6164026, 53.9556829], [27.6171256, 53.9554571], [27.617963, 53.9551989]]]}}, {"type": "Feature", "properties": {"name": "\u041c\u0435\u043c\u0430\u0440\u044b\u044f\u043b\u044c\u043d\u044b \u043a\u043e\u043c\u043f\u043b\u0435\u043a\u0441 \u00ab\u0422\u0440\u0430\u0441\u0446\u044f\u043d\u0435\u0446\u00bb", "kind": "park", "osm_id": 110195936, "area": 1.263070498680463e-05}, "geometry": {"type": "Polygon", "coordinates": [[[27.7048886, 53.8488297], [27.7046223, 53.8489625], [27.704543, 53.8490763], [27.704351, 53.8491364], [27.7041361, 53.8491506], [27.7026482, 53.8499195], [27.7030237, 53.8502422], [27.7028735, 53.8505967], [27.7047135, 53.8523941], [27.7057526, 53.8536173], [27.7082696, 53.8528016], [27.7070792, 53.8514194], [27.7062746, 53.8504194], [27.7054914, 53.8495271], [27.7050362, 53.8489166], [27.7049615, 53.8488478], [27.7048886, 53.8488297]]]}}, {"type": "Feature", "properties": {"name": "\u0411\u0435\u043b\u0430\u044f \u0434\u0430\u0447\u0430", "kind": "park", "osm_id": 602166020, "area": 1.2113450338802068e-05}, "geometry": {"type": "Polygon", "coordinates": [[[27.5054666, 53.8539552], [27.5052686, 53.8538036], [27.5046076, 53.8534179], [27.503716, 53.8529057], [27.503805, 53.8528426], [27.5036205, 53.8527332], [27.5035146, 53.8527907], [27.5031223, 53.8525728], [27.5033742, 53.852408], [27.5040807, 53.8522555], [27.5060639, 53.8518161], [27.5059193, 53.8515615], [27.5085908, 53.8509828], [27.5087539, 53.8511981], [27.5096511, 53.8509747], [27.5095095, 53.8507413], [27.5097747, 53.8506809], [27.5101271, 53.8512297], [27.5111121, 53.8526911], [27.5106144, 53.8528016], [27.5105051, 53.8528295], [27.5103673, 53.8528658], [27.5099288, 53.8529708], [27.509827, 53.8529873], [27.5097385, 53.8529934], [27.5096695, 53.8529871], [27.5096159, 53.8529702], [27.5095782, 53.8529422], [27.5095561, 53.8529121], [27.5095405, 53.852873], [27.5095435, 53.8528358], [27.5095459, 53.8527968], [27.5095297, 53.8527696], [27.5094893, 53.8527508], [27.5094335, 53.8527434], [27.5092772, 53.8527497], [27.5090363, 53.8527628], [27.5087827, 53.8527727], [27.5084625, 53.8527747], [27.50822, 53.8527778], [27.5080094, 53.8527775], [27.5073006, 53.8527566], [27.5071734, 53.8527548], [27.5070747, 53.8527614], [27.5069941, 53.8527796], [27.5069272, 53.8528123], [27.5068819, 53.8528481], [27.5068278, 53.8529128], [27.5067954, 53.8529775], [27.5067848, 53.8530537], [27.5067932, 53.8531227], [27.5068196, 53.8531982], [27.5068537, 53.8532534], [27.5068715, 53.8533011], [27.5068661, 53.8533546], [27.5068444, 53.8533964], [27.5067948, 53.8534441], [27.5067177, 53.8534879], [27.5066359, 53.8535352], [27.5065793, 53.8535834], [27.50654, 53.8536423], [27.5065166, 53.8536974], [27.5065293, 53.8537595], [27.5065674, 53.8538096], [27.5066235, 53.8538631], [27.5067173, 53.8539332], [27.5067634, 53.8539744], [27.5067888, 53.8540257], [27.5067874, 53.8540734], [27.506747, 53.8541204], [27.5066731, 53.8541543], [27.506582, 53.8541706], [27.506491, 53.8541729], [27.5059699, 53.8541455], [27.5059136, 53.8541424], [27.5058515, 53.8541461], [27.5058022, 53.8541568], [27.5057705, 53.8541692], [27.5056558, 53.854076], [27.505771, 53.8540132], [27.5056007, 53.8538867], [27.5054666, 53.8539552]]]}}, {"type": "Feature", "properties": {"name": "\u042f\u045e\u0440\u044d\u0439\u0441\u043a\u0456 \u043c\u0435\u043c\u0430\u0440\u044b\u044f\u043b\u044c\u043d\u044b \u043f\u0430\u0440\u043a", "kind": "park", "osm_id": 99884355, "area": 1.208876517466706e-05}, "geometry": {"type": "Polygon", "coordinates": [[[27.5353575, 53.9044288], [27.5353502, 53.9041527], [27.5351109, 53.9035278], [27.5357015, 53.9032156], [27.5357343, 53.9031982], [27.5356098, 53.9030887], [27.5356098, 53.903062], [27.5356556, 53.9028941], [27.5360203, 53.902678], [27.5364513, 53.9025184], [27.5365626, 53.9026118], [27.5367439, 53.9025426], [27.5381286, 53.9019621], [27.5388448, 53.901664], [27.5388323, 53.9016524], [27.5403226, 53.9010502], [27.5394565, 53.8995196], [27.5393698, 53.8995419], [27.5376137, 53.899992], [27.537517, 53.9000168], [27.5373056, 53.8999689], [27.5363503, 53.9010859], [27.5359333, 53.9013784], [27.5355926, 53.9015143], [27.5351614, 53.9016384], [27.5344986, 53.9014479], [27.534285, 53.9020697], [27.5340673, 53.9029778], [27.5340286, 53.9032568], [27.5340113, 53.9036032], [27.5340373, 53.9037866], [27.5340058, 53.9044637], [27.5344399, 53.9045058], [27.5353575, 53.9044288]]]}}, {"type": "Feature", "properties": {"name": "\u041f\u0430\u0440\u043a 40-\u0433\u043e\u0434\u0434\u0437\u044f \u041a\u0430\u0441\u0442\u0440\u044b\u0447\u043d\u0456\u043a\u0430", "kind": "park", "osm_id": 8432410, "area": 1.1822809369732568e-05}, "geometry": {"type": "Polygon", "coordinates": [[[27.577478, 53.8912041], [27.5778743, 53.8910613], [27.578351, 53.8909416], [27.5786881, 53.890887], [27.5792589, 53.8908337], [27.579841, 53.8908238], [27.5803203, 53.8908452], [27.5806645, 53.8908784], [27.5809696, 53.8909372], [27.581284, 53.891087], [27.581601, 53.891274], [27.5812674, 53.8915033], [27.5811429, 53.8914158], [27.5807076, 53.8916754], [27.5804354, 53.8918292], [27.5802816, 53.8919225], [27.580174, 53.891819], [27.580164, 53.8917942], [27.5801595, 53.8917765], [27.5801774, 53.8917611], [27.5802135, 53.8917382], [27.580313, 53.8916825], [27.5800502, 53.8915344], [27.5799563, 53.8915922], [27.5799314, 53.8915632], [27.5799353, 53.8915251], [27.5799749, 53.8914537], [27.5800686, 53.8914221], [27.5800492, 53.8913862], [27.5800151, 53.8913564], [27.5798938, 53.8912929], [27.5798339, 53.8913247], [27.5796675, 53.8912473], [27.5795329, 53.8912536], [27.5795001, 53.8912091], [27.5793876, 53.8911964], [27.5793075, 53.8913579], [27.5785344, 53.8915542], [27.5785172, 53.8915613], [27.5777024, 53.8918973], [27.5774819, 53.8920258], [27.5772984, 53.8921327], [27.5772242, 53.892201], [27.5771726, 53.8922674], [27.5771653, 53.8922864], [27.5770523, 53.8925813], [27.5770011, 53.89273], [27.5769969, 53.8927998], [27.5770028, 53.8928734], [27.5770043, 53.8929634], [27.5771384, 53.8930497], [27.5780301, 53.8933668], [27.5774723, 53.8937567], [27.5766808, 53.8943427], [27.5748964, 53.8933222], [27.5739351, 53.8938114], [27.5719446, 53.8948244], [27.5716603, 53.8946582], [27.5691739, 53.8959465], [27.5679963, 53.8958002], [27.5679417, 53.8956836], [27.5677549, 53.8956077], [27.5673305, 53.8957215], [27.5666217, 53.8953965], [27.5670992, 53.8950721], [27.5674673, 53.8951583], [27.5679588, 53.895212], [27.5685382, 53.8952397], [27.5690713, 53.8952096], [27.5696164, 53.8951334], [27.5702173, 53.8949982], [27.5708918, 53.8947694], [27.5719218, 53.8942269], [27.5723335, 53.8940199], [27.5740148, 53.8931422], [27.5747586, 53.892723], [27.5747452, 53.8927195], [27.5747686, 53.892705], [27.5747883, 53.8926927], [27.5748368, 53.8926808], [27.5752652, 53.8924543], [27.5757734, 53.8921587], [27.5762325, 53.8918744], [27.5767214, 53.8916027], [27.576916, 53.8914964], [27.5771714, 53.8913622], [27.5773132, 53.8912868], [27.577478, 53.8912041]]]}}, {"type": "Feature", "properties": {"name": "", "kind": "park", "osm_id": 99877866, "area": 1.148612886936462e-05}, "geometry": {"type": "Polygon", "coordinates": [[[27.5462671, 53.9129518], [27.5464009, 53.9130146], [27.5463925, 53.9130201], [27.5464295, 53.9130396], [27.5464004, 53.9130607], [27.5463511, 53.913081], [27.5461962, 53.9131402], [27.5460618, 53.913196], [27.5459643, 53.9132474], [27.5458051, 53.9131563], [27.5457235, 53.9132096], [27.5456526, 53.9132559], [27.5457653, 53.9133144], [27.5458175, 53.9133414], [27.5457786, 53.9133718], [27.5457038, 53.913439], [27.545195, 53.913916], [27.5450667, 53.9140272], [27.5449197, 53.914139], [27.5447676, 53.9142439], [27.5446171, 53.9143438], [27.5444882, 53.914403], [27.5443953, 53.9144454], [27.5442836, 53.9146292], [27.544255, 53.9147218], [27.5442471, 53.9148276], [27.5442449, 53.9149243], [27.5442478, 53.9149454], [27.5442505, 53.9149654], [27.5443126, 53.9152797], [27.5443723, 53.9154598], [27.5443996, 53.9155929], [27.5444077, 53.9156642], [27.5444723, 53.9157449], [27.5445879, 53.9158546], [27.5447214, 53.9159564], [27.5448638, 53.9160552], [27.5450126, 53.9161343], [27.5451543, 53.9161998], [27.5453386, 53.9162642], [27.5455197, 53.9163179], [27.5468906, 53.9166356], [27.5470725, 53.9166809], [27.5472264, 53.9167336], [27.5473696, 53.9167977], [27.5474933, 53.9168681], [27.5475815, 53.9169418], [27.5476394, 53.9170165], [27.5476743, 53.9170848], [27.547684, 53.9171552], [27.547686, 53.9172399], [27.5476787, 53.9172697], [27.547611, 53.9172638], [27.5475399, 53.9172577], [27.5471274, 53.9172221], [27.5471127, 53.9172848], [27.5470992, 53.9173355], [27.5465989, 53.9173033], [27.5463684, 53.9172715], [27.5461137, 53.9172302], [27.5457931, 53.917161], [27.5454939, 53.9170921], [27.5451768, 53.9170084], [27.544928, 53.9169319], [27.5446366, 53.9168312], [27.5442977, 53.9166928], [27.5438616, 53.9164859], [27.5435655, 53.9162926], [27.5435542, 53.9162397], [27.5430679, 53.915984], [27.5424805, 53.9156981], [27.5424924, 53.9156334], [27.5412697, 53.9150157], [27.5413782, 53.9149242], [27.5411341, 53.9147961], [27.5406769, 53.9145494], [27.5406573, 53.9145627], [27.5405542, 53.9145036], [27.5405427, 53.9144837], [27.5405477, 53.914459], [27.5405995, 53.9144314], [27.5406035, 53.9143857], [27.5405248, 53.9143106], [27.5405782, 53.9142895], [27.5414599, 53.9140133], [27.542443, 53.9137092], [27.5434877, 53.9133814], [27.5440215, 53.9132178], [27.5445072, 53.9130593], [27.5448932, 53.9129382], [27.5449468, 53.9129216], [27.5449839, 53.912908], [27.5454021, 53.9127542], [27.545578, 53.9126825], [27.5457341, 53.9126315], [27.5459572, 53.9127543], [27.5461994, 53.9128999], [27.5462671, 53.9129518]]]}}, {"type": "Feature", "properties": {"name": "", "kind": "park", "osm_id": 404070811, "area": 1.118529326049611e-05}, "geometry": {"type": "Polygon", "coordinates": [[[27.4941282, 53.8704761], [27.4942864, 53.8702956], [27.494395, 53.8702799], [27.4950498, 53.8705598], [27.4956841, 53.8708452], [27.4964911, 53.8711945], [27.4969657, 53.8714171], [27.4975537, 53.8717169], [27.4980555, 53.8719907], [27.4991148, 53.8726196], [27.499481, 53.872859], [27.4999744, 53.8731948], [27.4992973, 53.8735231], [27.4981781, 53.8729306], [27.4972282, 53.8735363], [27.4984225, 53.8741178], [27.4974047, 53.8746009], [27.4973302, 53.8746257], [27.4969568, 53.8742222], [27.4958878, 53.874372], [27.4952579, 53.8733564], [27.4951468, 53.8732076], [27.4945407, 53.8722973], [27.4938762, 53.8714043], [27.4936107, 53.8712762], [27.4934771, 53.871108], [27.4936848, 53.870921], [27.4938789, 53.8709687], [27.4941605, 53.8711142], [27.4943215, 53.8712898], [27.494418, 53.8713704], [27.4946567, 53.871353], [27.4949062, 53.8712487], [27.4950242, 53.87113], [27.4950886, 53.8710763], [27.495051, 53.8710035], [27.4950993, 53.8709387], [27.4951932, 53.8709245], [27.4952736, 53.8709023], [27.4952683, 53.8708596], [27.4952227, 53.8707711], [27.495102, 53.8706793], [27.4946514, 53.8705038], [27.4943671, 53.87045], [27.4942356, 53.8704864], [27.4941686, 53.870488], [27.4941282, 53.8704761]]]}}, {"type": "Feature", "properties": {"name": "\u0421\u043a\u0432\u0435\u0440 \u0411\u0430\u0440\u044b\u0441\u0430 \u0410\u043a\u0440\u044d\u0441\u0446\u0456\u043d\u0430", "kind": "park", "osm_id": 294007929, "area": 1.056503697327571e-05}, "geometry": {"type": "Polygon", "coordinates": [[[27.5053754, 53.8790213], [27.5050916, 53.8792953], [27.5058134, 53.8795399], [27.5056766, 53.880986], [27.5059418, 53.881094], [27.5058613, 53.8811793], [27.5062216, 53.8816708], [27.5055342, 53.8821564], [27.5050436, 53.8820742], [27.5043854, 53.8814897], [27.5031896, 53.8802618], [27.5018362, 53.8790514], [27.5016167, 53.87818], [27.5016094, 53.8781337], [27.5016335, 53.8780934], [27.5016579, 53.8780695], [27.501965, 53.8779115], [27.502315, 53.8777274], [27.5024899, 53.8775662], [27.5025311, 53.877541], [27.5025975, 53.8775354], [27.5026778, 53.877549], [27.5028014, 53.8775947], [27.5031857, 53.8777378], [27.5047864, 53.8783203], [27.5044476, 53.878686], [27.5053754, 53.8790213]]]}}, {"type": "Feature", "properties": {"name": "\u042f\u0431\u043b\u044b\u043d\u0435\u0432\u044b \u0441\u043a\u0432\u0435\u0440", "kind": "park", "osm_id": 201113331, "area": 1.0358111353525601e-05}, "geometry": {"type": "Polygon", "coordinates": [[[27.65572, 53.9360603], [27.6556825, 53.936069], [27.6556506, 53.9360826], [27.6556282, 53.9360969], [27.6556098, 53.9361145], [27.6547463, 53.9372673], [27.6546498, 53.9373863], [27.6546227, 53.9374251], [27.6546043, 53.9374623], [27.6545807, 53.9375137], [27.6545595, 53.9375745], [27.6545377, 53.9376445], [27.6542004, 53.9389933], [27.6541528, 53.9393354], [27.6540911, 53.9396104], [27.6540877, 53.9396525], [27.6540894, 53.9396701], [27.6540989, 53.9396929], [27.6541182, 53.9397149], [27.6541379, 53.9397275], [27.6541651, 53.9397406], [27.6542263, 53.9397507], [27.6562135, 53.9399492], [27.6562837, 53.9399245], [27.6567558, 53.93785], [27.6568523, 53.9377647], [27.6586333, 53.9379226], [27.6589337, 53.936789], [27.6571313, 53.9363026], [27.6563819, 53.9362087], [27.6558889, 53.9360678], [27.6558583, 53.9360614], [27.6558203, 53.9360578], [27.6557891, 53.936057], [27.6557551, 53.9360574], [27.65572, 53.9360603]]]}}, {"type": "Feature", "properties": {"name": "\u0421\u043a\u0432\u0435\u0440 \u0456\u043c\u044f \u0410\u043c\u0430\u0440\u0430 \u0425\u0430\u044f\u043c\u0430", "kind": "park", "osm_id": 85666957, "area": 1.0014015060733072e-05}, "geometry": {"type": "Polygon", "coordinates": [[[27.6021189, 53.8763185], [27.6027667, 53.8763221], [27.6032724, 53.876334], [27.6036866, 53.8763551], [27.6042434, 53.8764126], [27.6047424, 53.8764806], [27.6047139, 53.8765392], [27.6035114, 53.8777193], [27.6037022, 53.8778053], [27.6038974, 53.8781588], [27.603858, 53.8782045], [27.6034417, 53.87829], [27.6036038, 53.8785747], [27.6034316, 53.8786129], [27.6035178, 53.8787612], [27.6031604, 53.8788353], [27.6030913, 53.8787529], [27.6028178, 53.8787601], [27.6025937, 53.8790569], [27.6025288, 53.8791545], [27.6020604, 53.8792954], [27.6019087, 53.879416], [27.6010401, 53.8796844], [27.6010756, 53.879722], [27.6010785, 53.8797504], [27.6010741, 53.8797689], [27.60106, 53.879782], [27.6008185, 53.8798978], [27.6006712, 53.8798175], [27.6001611, 53.8799888], [27.5992807, 53.8790149], [27.5992466, 53.8789772], [27.5996144, 53.8788506], [27.599727, 53.8787962], [27.5997826, 53.8787306], [27.5999919, 53.8783432], [27.6002026, 53.8782519], [27.6008289, 53.8775892], [27.601191, 53.8772542], [27.6017668, 53.8767214], [27.6020854, 53.8763568], [27.6021189, 53.8763185]]]}}, {"type": "Feature", "properties": {"name": "Lakeside Park", "kind": "park", "osm_id": 1193316110, "area": 9.82816004579945e-06}, "geometry": {"type": "Polygon", "coordinates": [[[27.5744161, 53.9647264], [27.574541, 53.9652698], [27.5738126, 53.9652993], [27.5734552, 53.9653163], [27.5729834, 53.9653036], [27.5727801, 53.9652942], [27.5710632, 53.9633965], [27.5708924, 53.9632321], [27.5703489, 53.9626672], [27.5691301, 53.9613806], [27.5687753, 53.9609677], [27.5687306, 53.9608308], [27.5688799, 53.9607961], [27.5701417, 53.9604864], [27.5702347, 53.960534], [27.5703129, 53.960582], [27.5703931, 53.9606212], [27.5704873, 53.9606586], [27.5707229, 53.9607419], [27.5709196, 53.9608151], [27.5710716, 53.960884], [27.5712127, 53.960953], [27.5713468, 53.9610289], [27.5714716, 53.9611103], [27.5715811, 53.961199], [27.5716882, 53.9612919], [27.5719024, 53.9615103], [27.5720165, 53.9616072], [27.5722914, 53.9618647], [27.57231, 53.9618864], [27.5724504, 53.9621222], [27.5724785, 53.9623106], [27.5724744, 53.9623523], [27.5724846, 53.9623964], [27.5725157, 53.9625011], [27.5725479, 53.9626112], [27.5726896, 53.9631636], [27.5727203, 53.9632851], [27.5727443, 53.9633923], [27.572766, 53.9635216], [27.5727815, 53.9635955], [27.572795, 53.9636519], [27.5728237, 53.9637037], [27.5728673, 53.9637563], [27.572917, 53.9637987], [27.5729762, 53.9638322], [27.5730573, 53.9638702], [27.5731498, 53.9639058], [27.5732207, 53.9639414], [27.5732767, 53.9639774], [27.5733315, 53.9640262], [27.573513, 53.9642404], [27.5736399, 53.9644064], [27.5736707, 53.964445], [27.5737095, 53.9644797], [27.5737541, 53.9645025], [27.5738096, 53.9645157], [27.5738978, 53.9645286], [27.5739666, 53.9645402], [27.5740422, 53.964555], [27.5741156, 53.9645795], [27.5741807, 53.9646141], [27.5742321, 53.9646472], [27.57428, 53.9646741], [27.5743501, 53.964705], [27.5744161, 53.9647264]]]}}, {"type": "Feature", "properties": {"name": "\u041a\u0456\u0435\u045e\u0441\u043a\u0456 \u0441\u043a\u0432\u0435\u0440", "kind": "park", "osm_id": 61750189, "area": 9.638953542889794e-06}, "geometry": {"type": "Polygon", "coordinates": [[[27.5543542, 53.9320292], [27.558072, 53.9319789], [27.5580213, 53.9296548], [27.5579869, 53.9295197], [27.5579813, 53.929095], [27.5567122, 53.9291185], [27.5567261, 53.929663], [27.5557575, 53.9296685], [27.5556845, 53.9296699], [27.555661, 53.9296688], [27.5554815, 53.9296404], [27.5553468, 53.9295586], [27.555013, 53.9295605], [27.5549576, 53.9296095], [27.5548978, 53.92961], [27.554842, 53.9296113], [27.5548391, 53.9294762], [27.5542396, 53.9294837], [27.5543542, 53.9320292]]]}}, {"type": "Feature", "properties": {"name": "\u041c\u0443\u0437\u0435\u0439 \u0432\u0430\u043b\u0443\u043d\u043e\u045e", "kind": "park", "osm_id": 689138683, "area": 9.34379750106018e-06}, "geometry": {"type": "Polygon", "coordinates": [[[27.6892021, 53.9329928], [27.6891907, 53.9324657], [27.6889386, 53.932188], [27.6887099, 53.9320084], [27.6888073, 53.9307101], [27.6895447, 53.9307671], [27.6903105, 53.9307264], [27.690384, 53.9307331], [27.6912933, 53.9307696], [27.6913599, 53.9307746], [27.6921552, 53.9309135], [27.6930088, 53.9309629], [27.6939958, 53.9310253], [27.6940025, 53.9310774], [27.6938885, 53.931315], [27.6937491, 53.9315614], [27.6932301, 53.9320628], [27.692652, 53.9324291], [27.6921102, 53.9326944], [27.6917455, 53.9328302], [27.6907732, 53.93315], [27.6893422, 53.9330576], [27.6892021, 53.9329928]]]}}, {"type": "Feature", "properties": {"name": "", "kind": "park", "osm_id": 189804721, "area": 8.844057674650685e-06}, "geometry": {"type": "Polygon", "coordinates": [[[27.4192633, 53.9057375], [27.4198032, 53.9062052], [27.4201339, 53.9064756], [27.4210392, 53.907182], [27.4216604, 53.9077262], [27.4217011, 53.9078193], [27.4215908, 53.9078648], [27.4213713, 53.90791], [27.4209089, 53.9079995], [27.4202247, 53.9081296], [27.4199288, 53.9082252], [27.4195804, 53.9083517], [27.4190984, 53.9084501], [27.4188407, 53.9084726], [27.4184523, 53.9085309], [27.4181756, 53.9086104], [27.4179663, 53.9086363], [27.4177706, 53.9086581], [27.4176592, 53.9086541], [27.4176019, 53.9086263], [27.4175344, 53.9085369], [27.4172239, 53.9079683], [27.4168673, 53.9073261], [27.4168403, 53.907183], [27.4167964, 53.9070875], [27.4167694, 53.9070259], [27.4167255, 53.9069722], [27.4166682, 53.9069285], [27.4165905, 53.9068967], [27.4165171, 53.906877], [27.4164075, 53.9068752], [27.4162741, 53.9069118], [27.4161293, 53.9069407], [27.4160553, 53.9069407], [27.4160004, 53.906921], [27.4159623, 53.9068817], [27.4159709, 53.9068437], [27.4159885, 53.9068142], [27.4160452, 53.9067771], [27.4161065, 53.9067499], [27.4166524, 53.9065638], [27.416687, 53.9065995], [27.416761, 53.9066881], [27.4168374, 53.906771], [27.4168702, 53.9067861], [27.4169066, 53.9067865], [27.4169996, 53.9067626], [27.4172144, 53.9066965], [27.4172955, 53.9066389], [27.4173266, 53.9065812], [27.417329, 53.9065362], [27.4172788, 53.9064758], [27.4171886, 53.906373], [27.4172697, 53.9063724], [27.4172914, 53.9063629], [27.4174799, 53.9063039], [27.4185999, 53.9059399], [27.419008, 53.9057909], [27.4192084, 53.9057277], [27.4192633, 53.9057375]]]}}, {"type": "Feature", "properties": {"name": "", "kind": "park", "osm_id": 653240225, "area": 8.580499297750066e-06}, "geometry": {"type": "Polygon", "coordinates": [[[27.4463874, 53.9177102], [27.4463791, 53.917595], [27.4462395, 53.9174691], [27.4451208, 53.917299], [27.4447265, 53.9172173], [27.4447141, 53.9171229], [27.4434663, 53.9168072], [27.4430852, 53.9171622], [27.442677, 53.917364], [27.442464, 53.9173639], [27.4421589, 53.9173529], [27.4421054, 53.9173748], [27.4421016, 53.9174171], [27.4422131, 53.9174201], [27.4421977, 53.9176221], [27.4420862, 53.9176191], [27.4420499, 53.9177429], [27.4419407, 53.9179295], [27.4419561, 53.9182179], [27.4419592, 53.9187932], [27.4419168, 53.9188607], [27.4419451, 53.919241], [27.441846, 53.9194186], [27.4418435, 53.9198451], [27.4430195, 53.9205309], [27.4430605, 53.9205917], [27.4431076, 53.9206344], [27.4433436, 53.9207452], [27.4434093, 53.9207176], [27.4437893, 53.9205304], [27.4440178, 53.9204422], [27.4442355, 53.9203622], [27.4441114, 53.9202695], [27.4439971, 53.9202481], [27.4441081, 53.9198227], [27.4441233, 53.9194084], [27.4441325, 53.9191571], [27.4443764, 53.9185681], [27.4446772, 53.9183574], [27.444661, 53.9179168], [27.4447098, 53.9177397], [27.4463874, 53.9177102]]]}}, {"type": "Feature", "properties": {"name": "\u043f\u0430\u0440\u043a \u0421\u044f\u043c\u0435\u0439\u043d\u0430\u0435 \u0434\u0440\u044d\u0432\u0430", "kind": "park", "osm_id": 84036803, "area": 8.338164207088994e-06}, "geometry": {"type": "Polygon", "coordinates": [[[27.4219991, 53.9085166], [27.4198502, 53.9089484], [27.4195402, 53.9090374], [27.4192355, 53.9091064], [27.4192436, 53.9091323], [27.4197215, 53.9093576], [27.4197618, 53.9093592], [27.4197987, 53.9093444], [27.4199578, 53.9092666], [27.4201374, 53.9092044], [27.4203723, 53.9091544], [27.4205952, 53.909134], [27.4208636, 53.9091455], [27.421158, 53.9092054], [27.4213874, 53.9092924], [27.4232984, 53.9102407], [27.4234852, 53.9103414], [27.4244006, 53.9107991], [27.4254957, 53.9107468], [27.4260481, 53.9107204], [27.4260064, 53.9104092], [27.4259358, 53.9100856], [27.425612, 53.9095532], [27.4248872, 53.9087131], [27.424485, 53.9082551], [27.4242505, 53.9082627], [27.4240038, 53.9082944], [27.4230775, 53.9083496], [27.4219991, 53.9085166]]]}}, {"type": "Feature", "properties": {"name": "", "kind": "park", "osm_id": 1455902799, "area": 8.001787477951439e-06}, "geometry": {"type": "Polygon", "coordinates": [[[27.5663325, 53.9446826], [27.5663388, 53.9443324], [27.5661403, 53.9442787], [27.5659633, 53.9441682], [27.5659311, 53.9439946], [27.5659847, 53.9438967], [27.5661671, 53.9438367], [27.5664997, 53.9435431], [27.5661263, 53.9433196], [27.5663982, 53.9431938], [27.5665565, 53.9432852], [27.5669517, 53.9430861], [27.5672014, 53.9432788], [27.5674866, 53.9434523], [27.5686326, 53.9439366], [27.5691291, 53.9441335], [27.5699536, 53.94444], [27.5712325, 53.9449261], [27.5715, 53.9450612], [27.5715842, 53.9451771], [27.5715909, 53.9452757], [27.5715812, 53.9453416], [27.5715671, 53.9454074], [27.5715086, 53.9454947], [27.5714048, 53.9455868], [27.5712381, 53.9456846], [27.5710383, 53.9457975], [27.5706286, 53.9460173], [27.5703084, 53.9461724], [27.5701582, 53.9462352], [27.5700593, 53.9462847], [27.5700271, 53.9463115], [27.5699937, 53.9463427], [27.5699823, 53.946379], [27.5699612, 53.9463974], [27.5699169, 53.9463967], [27.569896, 53.9463768], [27.5698862, 53.9461745], [27.5687967, 53.9461874], [27.5689873, 53.946109], [27.5690956, 53.9460325], [27.5691654, 53.9459523], [27.5692069, 53.9458682], [27.5691957, 53.9457792], [27.5691325, 53.9457006], [27.5689977, 53.9455885], [27.568843, 53.9454785], [27.5685522, 53.9453646], [27.5680932, 53.9452067], [27.567412, 53.9450084], [27.5666297, 53.9447807], [27.5663325, 53.9446826]]]}}, {"type": "Feature", "properties": {"name": "\u0422\u0440\u0430\u0435\u0446\u043a\u0430\u044f \u0433\u0430\u0440\u0430", "kind": "park", "osm_id": 99876761, "area": 7.998876981218928e-06}, "geometry": {"type": "Polygon", "coordinates": [[[27.5600543, 53.9087769], [27.561277, 53.9082696], [27.5614893, 53.9083174], [27.5625607, 53.9091081], [27.5625946, 53.9091359], [27.5626662, 53.9091946], [27.5627485, 53.909262], [27.5640229, 53.9102838], [27.5639543, 53.9103165], [27.562993, 53.9107578], [27.5628922, 53.9106611], [27.56297, 53.9106334], [27.5625927, 53.9102404], [27.5624552, 53.910098], [27.5623218, 53.9100096], [27.5621472, 53.9099235], [27.5619953, 53.909885], [27.5616911, 53.9098334], [27.5616281, 53.9098518], [27.5615957, 53.9098798], [27.5614239, 53.9098896], [27.5613363, 53.9098063], [27.5613199, 53.9097839], [27.5614159, 53.9097487], [27.5613716, 53.9097065], [27.5613389, 53.9096753], [27.5612483, 53.9097101], [27.5611814, 53.9097335], [27.5611081, 53.9097591], [27.5610636, 53.9097752], [27.5609469, 53.9098155], [27.5608396, 53.9098525], [27.5607935, 53.9098688], [27.5607219, 53.9098953], [27.5605572, 53.9099561], [27.5606029, 53.9099967], [27.5606432, 53.9100326], [27.5607602, 53.9099889], [27.5607825, 53.9100038], [27.5608958, 53.9101067], [27.5607471, 53.910242], [27.5607103, 53.9103829], [27.5607224, 53.9104757], [27.5606722, 53.9105881], [27.5606039, 53.9105901], [27.5601905, 53.9101929], [27.5599368, 53.9102826], [27.5603761, 53.9107122], [27.5610106, 53.9113669], [27.5610762, 53.9114209], [27.5601716, 53.911688], [27.5601007, 53.9116769], [27.5592704, 53.9106228], [27.5591279, 53.9104543], [27.559009, 53.9103138], [27.5582722, 53.9094446], [27.5583163, 53.9093692], [27.5583419, 53.9093254], [27.5590567, 53.9091085], [27.5596926, 53.9089009], [27.5600543, 53.9087769]]]}}, {"type": "Feature", "properties": {"name": "", "kind": "park", "osm_id": 35672167, "area": 7.89257217093109e-06}, "geometry": {"type": "Polygon", "coordinates": [[[27.6662608, 53.8622049], [27.6664407, 53.8624445], [27.6669282, 53.862311], [27.667375, 53.862797], [27.6682514, 53.8625882], [27.6680327, 53.8623148], [27.6684521, 53.8621695], [27.6685975, 53.8619341], [27.6687156, 53.8618763], [27.6686402, 53.8616094], [27.6694884, 53.8612469], [27.6696596, 53.8610469], [27.670664, 53.8603272], [27.6712676, 53.8602331], [27.6717131, 53.8602156], [27.6717837, 53.8604888], [27.6717552, 53.8612417], [27.6714774, 53.8615628], [27.6713323, 53.8617305], [27.6713267, 53.8620328], [27.671117, 53.8623778], [27.6701241, 53.8628769], [27.6683535, 53.8633896], [27.6678921, 53.8632632], [27.6676962, 53.8630371], [27.6671433, 53.8631845], [27.6673709, 53.8634746], [27.6673542, 53.8635278], [27.6672521, 53.8635462], [27.6671228, 53.8634274], [27.6669582, 53.8634228], [27.6668976, 53.8633939], [27.6667997, 53.8632893], [27.6665454, 53.8630493], [27.666374, 53.862927], [27.6658461, 53.8627349], [27.6658931, 53.8626705], [27.6662493, 53.8621925], [27.6662608, 53.8622049]]]}}, {"type": "Feature", "properties": {"name": "\u0422\u0443\u0447\u044b\u043d\u0441\u043a\u0456 \u0441\u043a\u0432\u0435\u0440", "kind": "park", "osm_id": 41179005, "area": 7.680626595174544e-06}, "geometry": {"type": "Polygon", "coordinates": [[[27.5070059, 53.9004536], [27.5078442, 53.9005571], [27.5098675, 53.9008038], [27.5109496, 53.9009424], [27.5112231, 53.9006368], [27.511417, 53.9003858], [27.5116383, 53.900294], [27.5117945, 53.9001318], [27.5120367, 53.8997947], [27.5112234, 53.899621], [27.5098438, 53.8993361], [27.5098414, 53.8993365], [27.5076323, 53.8984783], [27.5075088, 53.8986508], [27.5069763, 53.899338], [27.5065939, 53.8998434], [27.5062166, 53.9003432], [27.5070059, 53.9004536]]]}}, {"type": "Feature", "properties": {"name": "\u0421\u043e\u043a\u0430\u043b", "kind": "park", "osm_id": 557206885, "area": 7.259772132783837e-06}, "geometry": {"type": "Polygon", "coordinates": [[[27.9018196, 53.8771876], [27.9020239, 53.8769933], [27.9034494, 53.876212], [27.9034073, 53.8761855], [27.9031447, 53.8760202], [27.9022619, 53.8760956], [27.9018892, 53.8761481], [27.9014401, 53.8762197], [27.9012553, 53.8762511], [27.9007962, 53.8763733], [27.9001307, 53.8764906], [27.8991518, 53.8767932], [27.8985945, 53.8771024], [27.8982599, 53.877455], [27.8978331, 53.8779934], [27.9010102, 53.8788733], [27.9015542, 53.8784783], [27.9015178, 53.8782095], [27.9012379, 53.8780739], [27.9010992, 53.8778705], [27.9009135, 53.8778848], [27.9009684, 53.8775563], [27.9009951, 53.8775538], [27.9012159, 53.87753], [27.9012973, 53.8775191], [27.9018196, 53.8771876]]]}}, {"type": "Feature", "properties": {"name": "", "kind": "park", "osm_id": 689164356, "area": 7.21328149211331e-06}, "geometry": {"type": "Polygon", "coordinates": [[[27.5368776, 53.9132258], [27.5368403, 53.9132042], [27.5366746, 53.9129995], [27.5365879, 53.9129051], [27.5365034, 53.9126051], [27.5371096, 53.9127534], [27.5370769, 53.9128074], [27.5370765, 53.9128292], [27.5371178, 53.9128564], [27.5372075, 53.9128864], [27.5377288, 53.9128864], [27.5381747, 53.9130548], [27.5382359, 53.9130285], [27.5384844, 53.9129979], [27.5387652, 53.9127595], [27.5388525, 53.9127329], [27.538912, 53.9126708], [27.5395015, 53.9129072], [27.5395697, 53.912932], [27.5396437, 53.9129649], [27.5398761, 53.912875], [27.5400598, 53.9128233], [27.5409637, 53.912565], [27.5410498, 53.9125519], [27.5413911, 53.912523], [27.5448834, 53.9120388], [27.5452087, 53.912165], [27.5452235, 53.9122003], [27.5451508, 53.9123099], [27.5448501, 53.9124574], [27.5445061, 53.9125862], [27.5441113, 53.9127241], [27.5428552, 53.9131189], [27.5419955, 53.9133859], [27.5419035, 53.9134143], [27.5417881, 53.9134525], [27.541712, 53.9134789], [27.5410846, 53.9136753], [27.53987, 53.9140442], [27.5397158, 53.9141641], [27.5394926, 53.9142292], [27.5394368, 53.9142341], [27.5393879, 53.914235], [27.5393446, 53.9142292], [27.5392971, 53.9142095], [27.5392133, 53.9141551], [27.5391164, 53.9141146], [27.5387044, 53.9139194], [27.5382156, 53.9136988], [27.5379144, 53.913566], [27.5375867, 53.913442], [27.5372279, 53.9133302], [27.5368776, 53.9132258]]]}}, {"type": "Feature", "properties": {"name": "\u0421\u043a\u0432\u0435\u0440 \u041a\u043b\u0443\u043c\u0430\u0432\u0430", "kind": "park", "osm_id": 100144576, "area": 7.0183504021770204e-06}, "geometry": {"type": "Polygon", "coordinates": [[[27.6051446, 53.892498], [27.6058313, 53.8924158], [27.6067325, 53.8924348], [27.6077088, 53.8925233], [27.6093074, 53.8928015], [27.6105693, 53.8931327], [27.6117653, 53.8920228], [27.6117505, 53.8915572], [27.6101198, 53.8915995], [27.6092041, 53.8916286], [27.6044985, 53.8917606], [27.6045397, 53.8921412], [27.6042322, 53.8923765], [27.6043463, 53.8925776], [27.6051446, 53.892498]]]}}, {"type": "Feature", "properties": {"name": "", "kind": "park", "osm_id": 689138681, "area": 6.914916184541653e-06}, "geometry": {"type": "Polygon", "coordinates": [[[27.7122618, 53.9465215], [27.7123769, 53.946462], [27.7123983, 53.9464654], [27.7158692, 53.944825], [27.7154481, 53.9443671], [27.715255, 53.9438051], [27.7142948, 53.9430474], [27.7117199, 53.9442424], [27.7133802, 53.945357], [27.7117341, 53.9461614], [27.7121279, 53.94643], [27.712219, 53.9464916], [27.7122618, 53.9465215]]]}}, {"type": "Feature", "properties": {"name": "\u0413\u0435\u0440\u043c\u0430\u043d\u0430\u045e\u0441\u043a\u0456 \u043f\u0430\u0440\u043a", "kind": "park", "osm_id": 23554990, "area": 6.895093974890187e-06}, "geometry": {"type": "Polygon", "coordinates": [[[27.5884889, 53.8694444], [27.5886167, 53.8693886], [27.5886944, 53.8693401], [27.5887828, 53.8692852], [27.5888774, 53.8692223], [27.5891332, 53.869182], [27.5892219, 53.869181], [27.5892993, 53.8691634], [27.5893515, 53.8691387], [27.5893832, 53.8691101], [27.5894599, 53.8690562], [27.589676, 53.8689506], [27.5898223, 53.8688692], [27.5900623, 53.8687836], [27.5901028, 53.8687146], [27.5900442, 53.8686415], [27.5892726, 53.8681915], [27.5889722, 53.8681408], [27.5888138, 53.8679511], [27.5881374, 53.8677407], [27.5880039, 53.8676943], [27.5878867, 53.8676467], [27.5877744, 53.8675862], [27.5876766, 53.8675186], [27.5875954, 53.8674475], [27.5875172, 53.8673701], [27.587439, 53.867293], [27.5871991, 53.8670696], [27.5871285, 53.8670069], [27.5870629, 53.8669578], [27.5869901, 53.8669059], [27.5869244, 53.8668455], [27.5867987, 53.8667179], [27.5867294, 53.8666521], [27.5866492, 53.8665894], [27.5865798, 53.8665449], [27.5864934, 53.8665017], [27.58638, 53.8664729], [27.5862565, 53.8664585], [27.5861316, 53.8664502], [27.5860113, 53.8664511], [27.5858866, 53.8664622], [27.585777, 53.8664788], [27.5856905, 53.8665055], [27.5856045, 53.866543], [27.5855414, 53.866579], [27.5854821, 53.8666215], [27.5854321, 53.8666658], [27.5852131, 53.8669276], [27.5854961, 53.867326], [27.5853169, 53.8674578], [27.5850349, 53.8676248], [27.5848944, 53.8679013], [27.584985, 53.8682168], [27.585127, 53.8683787], [27.585296, 53.8684367], [27.5855476, 53.8685103], [27.5857497, 53.8685824], [27.5860597, 53.8685715], [27.5862989, 53.8684812], [27.5864947, 53.8683246], [27.5867811, 53.8682624], [27.5870007, 53.8682407], [27.5871355, 53.8682775], [27.5872685, 53.868417], [27.5874015, 53.8684647], [27.5875474, 53.8685761], [27.5876945, 53.8686186], [27.5881053, 53.8690467], [27.5879337, 53.8691834], [27.5878773, 53.8692493], [27.587863, 53.8693449], [27.5878994, 53.8694364], [27.587955, 53.8694839], [27.5880511, 53.8695207], [27.5881913, 53.8695342], [27.5883712, 53.8694902], [27.5884889, 53.8694444]]]}}, {"type": "Feature", "properties": {"name": "\u0441\u043a\u0432\u0435\u0440 \u0411\u0435\u043b\u0430\u0440\u0443\u0441\u044c \u043f\u0430\u0440\u0442\u044b\u0437\u0430\u043d\u0441\u043a\u0430\u044f", "kind": "park", "osm_id": 260586438, "area": 6.415565167117165e-06}, "geometry": {"type": "Polygon", "coordinates": [[[27.674733, 53.8626762], [27.6746249, 53.8625561], [27.6745522, 53.8625098], [27.6744336, 53.862478], [27.6741445, 53.8623906], [27.6741008, 53.8624027], [27.6740727, 53.8623638], [27.6740493, 53.8623367], [27.6740224, 53.862321], [27.6739738, 53.8623126], [27.6738886, 53.8623092], [27.6737888, 53.8623257], [27.6737806, 53.8623271], [27.6737291, 53.8623407], [27.6736774, 53.8623614], [27.673626, 53.8623956], [27.6736145, 53.8624124], [27.6736033, 53.8624468], [27.6736048, 53.8624823], [27.6736092, 53.8624967], [27.6736127, 53.8625157], [27.6733912, 53.8626263], [27.673299, 53.8625705], [27.6734699, 53.8624794], [27.673469, 53.8624725], [27.6732328, 53.8625353], [27.6731928, 53.8624844], [27.6728366, 53.8625896], [27.6707875, 53.8631631], [27.6698244, 53.8634352], [27.6696897, 53.8634812], [27.6696705, 53.8634878], [27.6686786, 53.8637618], [27.668635, 53.8637738], [27.6686339, 53.8637973], [27.6686329, 53.8638168], [27.6686142, 53.8638642], [27.6685847, 53.8638974], [27.6685551, 53.8639196], [27.6684952, 53.8639389], [27.6684118, 53.8639425], [27.6684091, 53.8639644], [27.668389, 53.8639834], [27.6683613, 53.8639944], [27.668324, 53.8639968], [27.6682921, 53.8639917], [27.6682618, 53.8640718], [27.66856, 53.8642392], [27.6692846, 53.8646458], [27.6693496, 53.8646074], [27.6689333, 53.8643692], [27.6691055, 53.8642653], [27.6695898, 53.8645441], [27.6693546, 53.864684], [27.670197, 53.8651073], [27.6702367, 53.8651273], [27.6717881, 53.8642206], [27.6726578, 53.8639706], [27.6724124, 53.8636506], [27.6731751, 53.8630815], [27.674733, 53.8626762]]]}}, {"type": "Feature", "properties": {"name": "\u041c\u0438\u043d\u0441\u043a\u0438\u0439 \u0433\u043e\u0440\u043e\u0434\u0441\u043a\u043e\u0439 \u0441\u043e\u0446\u0438\u0430\u043b\u044c\u043d\u044b\u0439 \u043f\u0430\u043d\u0441\u0438\u043e\u043d\u0430\u0442 \u041e\u0447\u0430\u0433", "kind": "recreation_ground", "osm_id": 1312689109, "area": 6.261082830860687e-06}, "geometry": {"type": "Polygon", "coordinates": [[[27.5448141, 53.9560989], [27.545115, 53.956159], [27.5452112, 53.956099], [27.5452792, 53.9561057], [27.5453613, 53.9560091], [27.5454103, 53.9560198], [27.5456039, 53.9560521], [27.5455659, 53.9561308], [27.5457747, 53.9562856], [27.545704, 53.9564589], [27.5456604, 53.9565658], [27.5471494, 53.9568293], [27.5472397, 53.9569677], [27.5476972, 53.9571569], [27.5487603, 53.9572168], [27.548754, 53.9570162], [27.5487816, 53.956857], [27.5488977, 53.9566571], [27.549393, 53.9555567], [27.5476219, 53.95528], [27.5461068, 53.9550433], [27.5450349, 53.9555559], [27.5447997, 53.9555361], [27.544611, 53.9558307], [27.5449378, 53.9558834], [27.5448141, 53.9560989]]]}}, {"type": "Feature", "properties": {"name": "\u0411\u0443\u043b\u044c\u0432\u0430\u0440 \u0414\u0430\u043d\u0456\u043b\u044b \u0421\u0435\u0440\u0434\u0437\u0456\u0447\u0430", "kind": "park", "osm_id": 23586619, "area": 5.985846655676141e-06}, "geometry": {"type": "Polygon", "coordinates": [[[27.4867198, 53.9151906], [27.4877687, 53.9152288], [27.4877778, 53.9151732], [27.4880902, 53.9132824], [27.4880969, 53.9132414], [27.4883355, 53.9117876], [27.4883404, 53.9117702], [27.4883418, 53.9117589], [27.4883444, 53.9117382], [27.4885644, 53.9105206], [27.4885716, 53.9104798], [27.4887578, 53.9094286], [27.4877512, 53.9093699], [27.4875672, 53.9104012], [27.4875581, 53.9104521], [27.4873391, 53.9116794], [27.4873298, 53.9117317], [27.4870718, 53.9131775], [27.4870633, 53.9132252], [27.4867938, 53.9147352], [27.4867329, 53.9151101], [27.4867198, 53.9151906]]]}}, {"type": "Feature", "properties": {"name": "\u0410\u0432\u0456\u044f\u043c\u0443\u0437\u0435\u0439 \u043f\u0430\u0434 \u0430\u0434\u043a\u0440\u044b\u0442\u044b\u043c \u043d\u0435\u0431\u0430\u043c", "kind": "park", "osm_id": 584462715, "area": 5.956243171567621e-06}, "geometry": {"type": "Polygon", "coordinates": [[[28.0301981, 53.8935949], [28.0301708, 53.893641], [28.0301783, 53.8936824], [28.0302153, 53.8937096], [28.0302671, 53.893734], [28.0308918, 53.8937834], [28.0310432, 53.8937894], [28.0313224, 53.8937443], [28.0321835, 53.8935333], [28.0325651, 53.8934064], [28.0330178, 53.8932144], [28.0333347, 53.8930762], [28.0332721, 53.8930231], [28.0334993, 53.8929332], [28.0335569, 53.8929766], [28.036189, 53.8918358], [28.0361731, 53.8918086], [28.0364236, 53.8917072], [28.036487, 53.8915592], [28.0362758, 53.8913002], [28.03598, 53.8912504], [28.03558, 53.8908406], [28.0353232, 53.890896], [28.0350297, 53.8909947], [28.0348111, 53.8910735], [28.034571, 53.891184], [28.0343881, 53.8912665], [28.0338966, 53.8915399], [28.0336091, 53.8917315], [28.0332958, 53.8919408], [28.0328469, 53.8922607], [28.0325901, 53.8924276], [28.0321138, 53.8926514], [28.0315684, 53.8928868], [28.0310143, 53.8931324], [28.0301981, 53.8935949]]]}}, {"type": "Feature", "properties": {"name": "", "kind": "park", "osm_id": 9576975, "area": 5.881534889340401e-06}, "geometry": {"type": "MultiPolygon", "coordinates": [[[[27.5922832, 53.9323725], [27.5944379, 53.9343388], [27.5949203, 53.9345942], [27.5954593, 53.9344155], [27.5952415, 53.9340545], [27.5931535, 53.9320693], [27.5922832, 53.9323725]]], [[[27.5919823, 53.9322109], [27.5891631, 53.9296341], [27.589147, 53.9294083], [27.5887527, 53.9290119], [27.589373, 53.9288158], [27.5927707, 53.9319329], [27.5919823, 53.9322109]]]]}}, {"type": "Feature", "properties": {"name": "\u0421\u043a\u0432\u0435\u0440 80-\u0433\u043e\u0434\u0434\u0437\u044f \u041f\u0435\u0440\u0430\u043c\u043e\u0433\u0456", "kind": "park", "osm_id": 1517884499, "area": 5.745425255554437e-06}, "geometry": {"type": "Polygon", "coordinates": [[[27.5352821, 53.9072993], [27.534965, 53.9073692], [27.5342944, 53.9075166], [27.5339813, 53.9075794], [27.5336323, 53.9076454], [27.5326546, 53.9078404], [27.5326207, 53.907841], [27.532586, 53.907837], [27.5325336, 53.9078101], [27.5325121, 53.9077919], [27.5325108, 53.9077789], [27.5328065, 53.9076687], [27.532952, 53.9076058], [27.5332088, 53.9074727], [27.5333536, 53.9073878], [27.5334482, 53.9073317], [27.5335595, 53.9072448], [27.5336359, 53.90715], [27.5337432, 53.9069991], [27.5338304, 53.9068182], [27.5339068, 53.9067518], [27.5339833, 53.9064706], [27.5340061, 53.9064121], [27.5340839, 53.9062936], [27.5343427, 53.9061142], [27.5344902, 53.9060613], [27.53463, 53.90602], [27.5346741, 53.9060151], [27.5349764, 53.9059811], [27.5350687, 53.9059707], [27.5356701, 53.9058859], [27.5364655, 53.905801], [27.5365556, 53.9057914], [27.5372666, 53.9057155], [27.53738, 53.9058071], [27.5375234, 53.9057873], [27.5375777, 53.9057798], [27.5376331, 53.9056844], [27.5381952, 53.9056339], [27.5382353, 53.9056303], [27.5382689, 53.9056918], [27.5382565, 53.9057046], [27.5382502, 53.9057207], [27.5382549, 53.9057373], [27.5384202, 53.9060318], [27.5383095, 53.9060534], [27.5383816, 53.9061817], [27.5384078, 53.9061766], [27.538483, 53.9063085], [27.5383532, 53.9063342], [27.5377479, 53.9064541], [27.5378523, 53.9066371], [27.5378566, 53.9067144], [27.5352821, 53.9072993]]]}}, {"type": "Feature", "properties": {"name": "\u0412\u044f\u0437\u044b\u043d\u0441\u043a\u0456 \u0441\u043a\u0432\u0435\u0440", "kind": "park", "osm_id": 426357472, "area": 5.735681270380155e-06}, "geometry": {"type": "Polygon", "coordinates": [[[27.4357636, 53.9392108], [27.4358123, 53.9392901], [27.4358942, 53.9394928], [27.4359006, 53.9395348], [27.4359097, 53.9396247], [27.4359453, 53.9397229], [27.4359153, 53.9399614], [27.4358732, 53.940161], [27.4358399, 53.9402168], [27.4349916, 53.9402526], [27.4346871, 53.9401718], [27.4341959, 53.9402118], [27.4330343, 53.9402413], [27.4326364, 53.9402277], [27.4324081, 53.9401754], [27.4325089, 53.9397593], [27.432519, 53.9394449], [27.4325586, 53.93922], [27.4325778, 53.9388609], [27.4327144, 53.9386618], [27.4330776, 53.9386771], [27.433264, 53.9386028], [27.4334471, 53.9385298], [27.4341594, 53.9382103], [27.4342054, 53.937791], [27.4343329, 53.9378696], [27.4354579, 53.9388875], [27.435578, 53.9390068], [27.4357636, 53.9392108]]]}}, {"type": "Feature", "properties": {"name": "", "kind": "park", "osm_id": 1237761795, "area": 5.69922156046232e-06}, "geometry": {"type": "Polygon", "coordinates": [[[27.6028981, 53.8435353], [27.6025734, 53.8435168], [27.6022863, 53.8436005], [27.6016266, 53.843778], [27.6014445, 53.8440316], [27.6014749, 53.8442494], [27.6016721, 53.844506], [27.6019052, 53.844767], [27.6021634, 53.845121], [27.6022428, 53.8452671], [27.6021659, 53.8456019], [27.6020943, 53.8459268], [27.6020712, 53.846082], [27.6030653, 53.8461834], [27.604498, 53.846309], [27.6044626, 53.8461985], [27.6044134, 53.8460716], [27.604593, 53.8457414], [27.6045734, 53.8456507], [27.6045106, 53.8455482], [27.6044355, 53.8453855], [27.6041723, 53.8450694], [27.6041663, 53.8446142], [27.6039986, 53.8444116], [27.6037793, 53.8441609], [27.6032021, 53.8437388], [27.602919, 53.8435546], [27.6028981, 53.8435353]]]}}, {"type": "Feature", "properties": {"name": "\u0411\u0443\u043b\u044c\u0432\u0430\u0440 \u0422\u0430\u043b\u0431\u0443\u0445\u0456\u043d\u0430", "kind": "park", "osm_id": 9577160, "area": 5.565193077927688e-06}, "geometry": {"type": "MultiPolygon", "coordinates": [[[[27.6114331, 53.928204], [27.6114313, 53.9282274], [27.6114882, 53.9282599], [27.6114986, 53.9282625], [27.6121666, 53.9284305], [27.6122921, 53.9284241], [27.6129971, 53.9275199], [27.6130324, 53.9274711], [27.6136077, 53.9266786], [27.6137879, 53.9264303], [27.6138057, 53.9264058], [27.6147749, 53.9250705], [27.6146271, 53.9251609], [27.6144918, 53.925192], [27.6143141, 53.9252124], [27.6141858, 53.9252012], [27.6140673, 53.9251572], [27.6139587, 53.9250593], [27.6139182, 53.9249723], [27.6139128, 53.9248615], [27.6132227, 53.9257838], [27.6132105, 53.9258002], [27.6131964, 53.9258191], [27.6124387, 53.9268319], [27.6124307, 53.9268426], [27.6124106, 53.9268695], [27.6123359, 53.9269696], [27.6123288, 53.9269796], [27.6123157, 53.9269991], [27.6114331, 53.928204]]], [[[27.6092857, 53.9301428], [27.6093015, 53.9302352], [27.6099694, 53.9305235], [27.6100809, 53.9305024], [27.6112019, 53.9295076], [27.6112442, 53.9294701], [27.6120965, 53.9286422], [27.6120844, 53.9286058], [27.6120511, 53.928577], [27.6113981, 53.9283905], [27.6113312, 53.9283793], [27.6112797, 53.928399], [27.6112706, 53.9284068], [27.6104934, 53.9290753], [27.6104344, 53.929126], [27.610388, 53.9291642], [27.6102721, 53.9292671], [27.6092857, 53.9301428]]]]}}, {"type": "Feature", "properties": {"name": "", "kind": "park", "osm_id": 23405782, "area": 5.5450597074013785e-06}, "geometry": {"type": "Polygon", "coordinates": [[[27.6826236, 53.8933951], [27.6828476, 53.8932372], [27.6859741, 53.8909454], [27.6862316, 53.8911477], [27.6864075, 53.8911656], [27.6868109, 53.8911556], [27.6868498, 53.8914788], [27.6871175, 53.8913226], [27.6872161, 53.8913327], [27.6872837, 53.8918452], [27.6872235, 53.892109], [27.6870347, 53.8922493], [27.6870712, 53.8924165], [27.6867448, 53.8926368], [27.6864045, 53.8928421], [27.6856891, 53.8930998], [27.6843862, 53.8933227], [27.6826236, 53.8933951]]]}}, {"type": "Feature", "properties": {"name": "\u0421\u043a\u0432\u0435\u0440 \u0456\u043c\u044f \u0421. \u0412. \u041f\u0440\u044b\u0442\u044b\u0446\u043a\u0430\u0433\u0430", "kind": "park", "osm_id": 41386253, "area": 5.492714763022377e-06}, "geometry": {"type": "Polygon", "coordinates": [[[27.4991855, 53.9107723], [27.5032929, 53.911045], [27.5034421, 53.9103006], [27.5034504, 53.9102435], [27.5034454, 53.910219], [27.5034224, 53.9102021], [27.5001, 53.9099912], [27.4997781, 53.9100668], [27.4994217, 53.9100387], [27.4990456, 53.9100091], [27.4988567, 53.9099987], [27.498792, 53.9099951], [27.4979867, 53.9099509], [27.4978074, 53.909941], [27.4974488, 53.9099148], [27.497403, 53.9102045], [27.4973563, 53.9104501], [27.4973383, 53.9104867], [27.4972441, 53.9105532], [27.4971324, 53.9105905], [27.4969131, 53.9106022], [27.4967397, 53.9105508], [27.4966766, 53.9105215], [27.4960262, 53.9104404], [27.4959567, 53.9107337], [27.4970126, 53.9108208], [27.4989796, 53.9109524], [27.4989715, 53.9107716], [27.4990377, 53.9107718], [27.4991855, 53.9107723]]]}}, {"type": "Feature", "properties": {"name": "\u0414\u0443\u0431\u0430\u0432\u0430-\u043b\u0456\u043f\u0430\u0432\u044b \u043c\u0430\u0441\u0456\u045e \u00ab\u0411\u0435\u043b\u0430\u044f \u0434\u0430\u0447\u0430\u00bb", "kind": "nature_reserve", "osm_id": 416783380, "area": 5.214100610828609e-06}, "geometry": {"type": "Polygon", "coordinates": [[[27.5037396, 53.8525559], [27.5037897, 53.8524602], [27.5041346, 53.8523526], [27.5073355, 53.8516722], [27.5079532, 53.8515535], [27.5092721, 53.8520013], [27.5100875, 53.8521753], [27.5103343, 53.8522734], [27.5099541, 53.852718], [27.5092777, 53.8525283], [27.5088976, 53.8525422], [27.5084533, 53.8526453], [27.5072969, 53.852623], [27.5071612, 53.8525883], [27.5064638, 53.8526231], [27.505745, 53.8526468], [27.5056431, 53.8528652], [27.5060011, 53.8528691], [27.5060557, 53.8531021], [27.5059086, 53.8533415], [27.505753, 53.8534458], [27.5055841, 53.8535034], [27.5054902, 53.8535233], [27.5053804, 53.8534786], [27.5050503, 53.8531911], [27.5042337, 53.8527826], [27.5037396, 53.8525559]]]}}, {"type": "Feature", "properties": {"name": "", "kind": "park", "osm_id": 8975495, "area": 5.002724265068537e-06}, "geometry": {"type": "MultiPolygon", "coordinates": [[[[27.4975652, 53.8825004], [27.4975545, 53.8822388], [27.4978173, 53.8822308], [27.4978039, 53.882087], [27.4979353, 53.8820838], [27.497753, 53.8811668], [27.4954503, 53.8813905], [27.495291, 53.8814172], [27.4951301, 53.8814583], [27.4949209, 53.8815769], [27.4946848, 53.8817492], [27.4945346, 53.8818631], [27.4945528, 53.8820046], [27.4949818, 53.882005], [27.4953714, 53.8820053], [27.4953719, 53.8822957], [27.4953784, 53.8824765], [27.4955377, 53.8824784], [27.4960621, 53.8824765], [27.4970679, 53.8824989], [27.4975652, 53.8825004]]], [[[27.4989219, 53.8804321], [27.5000472, 53.8812495], [27.5000932, 53.8812829], [27.50035, 53.8814694], [27.5003849, 53.8814948], [27.5004921, 53.8815726], [27.5005563, 53.8816193], [27.5006012, 53.8816519], [27.5006603, 53.8816948], [27.5007014, 53.8817246], [27.5009094, 53.881821], [27.5009125, 53.8820176], [27.5009094, 53.8820738], [27.5008372, 53.8820988], [27.5006501, 53.882108], [27.4992697, 53.882236], [27.4989926, 53.8812881], [27.4991346, 53.8812105], [27.4989219, 53.8804321]]]]}}, {"type": "Feature", "properties": {"name": "", "kind": "park", "osm_id": 1237761796, "area": 4.723467213807453e-06}, "geometry": {"type": "Polygon", "coordinates": [[[27.602974, 53.8435367], [27.6030932, 53.8434783], [27.603558, 53.8434987], [27.6038207, 53.8433626], [27.6038833, 53.8432133], [27.604009, 53.8431996], [27.6041042, 53.8432688], [27.6042756, 53.8433483], [27.604426, 53.8433874], [27.6046438, 53.8434458], [27.6051277, 53.843583], [27.6052683, 53.8437674], [27.6061462, 53.8451299], [27.6065454, 53.845279], [27.6068297, 53.845489], [27.6072029, 53.8457851], [27.6068321, 53.8459713], [27.6064941, 53.8459032], [27.6062876, 53.8460187], [27.6058238, 53.8458343], [27.6053646, 53.845648], [27.6049859, 53.845595], [27.6049426, 53.845554], [27.604593, 53.8457414], [27.6045106, 53.8455482], [27.6044355, 53.8453855], [27.604163, 53.8450303], [27.6041663, 53.8446142], [27.6037793, 53.8441609], [27.6032021, 53.8437388], [27.602974, 53.8435367]]]}}, {"type": "Feature", "properties": {"name": "\u0421\u043a\u0432\u0435\u0440 \u041a\u043e\u0442\u0430\u045e\u043a\u0430", "kind": "park", "osm_id": 64192856, "area": 4.44002216681838e-06}, "geometry": {"type": "Polygon", "coordinates": [[[27.5899813, 53.9419025], [27.5898611, 53.9418728], [27.588028, 53.9404583], [27.5904845, 53.939772], [27.5910636, 53.9403245], [27.5914719, 53.940822], [27.5914694, 53.9409688], [27.5918085, 53.9413512], [27.5917145, 53.9414233], [27.5899813, 53.9419025]]]}}, {"type": "Feature", "properties": {"name": "\u0421\u043a\u0432\u0435\u0440 \u041f\u0430\u043b\u044f\u043d\u043a\u0430", "kind": "park", "osm_id": 99886662, "area": 4.365058998700988e-06}, "geometry": {"type": "Polygon", "coordinates": [[[27.5072514, 53.8918455], [27.5068744, 53.8897719], [27.5061594, 53.8898207], [27.5061634, 53.8898382], [27.5057068, 53.8898718], [27.505704, 53.8898518], [27.5045658, 53.8899294], [27.5045776, 53.8899861], [27.5047132, 53.8906376], [27.5045034, 53.8906527], [27.5043991, 53.8906655], [27.5045084, 53.8912923], [27.5045591, 53.891365], [27.5072514, 53.8918455]]]}}, {"type": "Feature", "properties": {"name": "", "kind": "park", "osm_id": 1513443077, "area": 4.326523367126356e-06}, "geometry": {"type": "Polygon", "coordinates": [[[27.5565101, 53.958879], [27.5560096, 53.9588363], [27.5552639, 53.9588252], [27.5546403, 53.9590699], [27.5544445, 53.9590604], [27.5543708, 53.9589807], [27.5544445, 53.9582745], [27.5547329, 53.9581845], [27.5553189, 53.9579738], [27.5553873, 53.9573812], [27.555626, 53.9573923], [27.5556689, 53.9568691], [27.555449, 53.9567247], [27.5555241, 53.9560003], [27.5568183, 53.9560539], [27.5568987, 53.9561179], [27.5566453, 53.9578436], [27.5565101, 53.958879]]]}}, {"type": "Feature", "properties": {"name": "\u041c\u0430\u043f\u0430 \u0411\u0435\u043b\u0430\u0440\u0443\u0441\u0456", "kind": "park", "osm_id": 1365425372, "area": 4.2253915353285265e-06}, "geometry": {"type": "Polygon", "coordinates": [[[27.6892564, 53.9309874], [27.6892027, 53.9311847], [27.6891732, 53.9313679], [27.6892, 53.9314785], [27.6892725, 53.9316001], [27.6893046, 53.9316932], [27.6892832, 53.9318259], [27.6892295, 53.9320691], [27.6895809, 53.932047], [27.6899028, 53.9320912], [27.6901174, 53.932238], [27.690289, 53.9324165], [27.6904768, 53.9325444], [27.6905599, 53.9326707], [27.6905894, 53.9328192], [27.6906632, 53.9328815], [27.690867, 53.9328934], [27.691095, 53.9328863], [27.6913632, 53.9328499], [27.6916851, 53.9327892], [27.6918501, 53.9327513], [27.6920727, 53.9326407], [27.6923007, 53.932516], [27.6922926, 53.9323912], [27.692349, 53.9322665], [27.6924522, 53.9321551], [27.6926614, 53.9320114], [27.6927097, 53.9319104], [27.6925555, 53.9317106], [27.692408, 53.931589], [27.6922765, 53.9315069], [27.6922283, 53.931364], [27.6924174, 53.9313513], [27.6924925, 53.9313324], [27.6924697, 53.9312882], [27.6923248, 53.9312787], [27.6921478, 53.9312598], [27.6920432, 53.9311532], [27.6919734, 53.9310884], [27.6918045, 53.9310568], [27.691732, 53.9310505], [27.6916569, 53.9311247], [27.6915711, 53.9312274], [27.6913673, 53.9312621], [27.6909623, 53.9312779], [27.6905224, 53.93127], [27.6901603, 53.9312732], [27.6898947, 53.9312637], [27.6897231, 53.93136], [27.6895943, 53.9313585], [27.6896265, 53.9312321], [27.6896167, 53.9311976], [27.6895085, 53.9311026], [27.6893583, 53.9310221], [27.6892564, 53.9309874]]]}}, {"type": "Feature", "properties": {"name": "", "kind": "park", "osm_id": 689138689, "area": 4.163486096331326e-06}, "geometry": {"type": "Polygon", "coordinates": [[[27.6296309, 53.9147708], [27.6302554, 53.9141548], [27.6302421, 53.9142056], [27.630257, 53.9142589], [27.6303004, 53.9143051], [27.6303675, 53.9143461], [27.6304603, 53.9143826], [27.6308, 53.9144824], [27.6309159, 53.9145171], [27.6310126, 53.9145526], [27.6310872, 53.9145887], [27.6311584, 53.9146345], [27.6312145, 53.9146788], [27.6314919, 53.9149726], [27.6315629, 53.9150332], [27.6316423, 53.9150916], [27.6317324, 53.9151429], [27.6318315, 53.9151903], [27.6334546, 53.9159039], [27.6335671, 53.9159409], [27.633695, 53.9159727], [27.633844, 53.9159955], [27.6340111, 53.915995], [27.6341806, 53.9159765], [27.6342899, 53.9159658], [27.6343841, 53.9159604], [27.6344807, 53.9159633], [27.6345719, 53.9159821], [27.6346485, 53.9160142], [27.6347194, 53.9160556], [27.6348394, 53.916129], [27.6349385, 53.9161738], [27.6350564, 53.9161962], [27.6351941, 53.9162013], [27.6353251, 53.9161849], [27.6354432, 53.9161437], [27.6355175, 53.9160809], [27.6355451, 53.916016], [27.6358576, 53.9161231], [27.6358804, 53.9166404], [27.634947, 53.9167155], [27.6339304, 53.9166886], [27.6334316, 53.9165607], [27.6315728, 53.9157503], [27.629942, 53.9149114], [27.6296309, 53.9147708]]]}}, {"type": "Feature", "properties": {"name": "", "kind": "park", "osm_id": 602166019, "area": 3.9686735817667795e-06}, "geometry": {"type": "Polygon", "coordinates": [[[27.5411367, 53.853055], [27.5408685, 53.8529443], [27.5394148, 53.8525045], [27.5396186, 53.8521152], [27.5403911, 53.8520013], [27.541523, 53.8517608], [27.5416102, 53.8516014], [27.5422686, 53.8514701], [27.5428131, 53.8512071], [27.5430751, 53.8513364], [27.5436071, 53.851779], [27.5440067, 53.8517624], [27.544063, 53.8520709], [27.5438806, 53.8521817], [27.5434193, 53.8521769], [27.5431249, 53.8521038], [27.5425369, 53.8522561], [27.5425154, 53.8523874], [27.5417161, 53.8529933], [27.5411367, 53.853055]]]}}, {"type": "Feature", "properties": {"name": "\u0421\u043e\u043a\u0430\u043b", "kind": "park", "osm_id": 557206707, "area": 3.9557597801831434e-06}, "geometry": {"type": "Polygon", "coordinates": [[[27.9071377, 53.8782104], [27.909144, 53.878027], [27.908629, 53.8756172], [27.9085861, 53.8754781], [27.9068158, 53.8756172], [27.9068909, 53.876022], [27.9067943, 53.8761865], [27.9064285, 53.8764163], [27.9071698, 53.8767937], [27.9073019, 53.8767574], [27.9084144, 53.8774515], [27.9071377, 53.8782104]]]}}, {"type": "Feature", "properties": {"name": "", "kind": "park", "osm_id": 245834861, "area": 3.896445150530781e-06}, "geometry": {"type": "Polygon", "coordinates": [[[27.5191912, 53.8942709], [27.5187385, 53.8951736], [27.5177482, 53.8950011], [27.5178799, 53.8947386], [27.5172697, 53.8946323], [27.5171354, 53.8949001], [27.5160651, 53.8947136], [27.5161925, 53.8944596], [27.5155652, 53.8943369], [27.5154451, 53.8946161], [27.51443, 53.8944393], [27.5148901, 53.8935219], [27.5191912, 53.8942709]]]}}, {"type": "Feature", "properties": {"name": "", "kind": "park", "osm_id": 602166022, "area": 3.881766474478354e-06}, "geometry": {"type": "Polygon", "coordinates": [[[27.4886459, 53.8434172], [27.4901023, 53.8439505], [27.4895176, 53.8433017], [27.4925485, 53.8424202], [27.4925137, 53.8422572], [27.4926237, 53.8422469], [27.492519, 53.8420183], [27.4938735, 53.8418553], [27.4934766, 53.8406161], [27.492401, 53.8407269], [27.4923393, 53.8405402], [27.492114, 53.8405655], [27.4921864, 53.8408709], [27.4923849, 53.8408567], [27.4924922, 53.8407934], [27.4927041, 53.8407823], [27.4927846, 53.8408503], [27.4928436, 53.8411178], [27.492629, 53.8411985], [27.4927148, 53.8415198], [27.491709, 53.8421116], [27.4914113, 53.8421401], [27.4913737, 53.8421053], [27.4904698, 53.842186], [27.4905288, 53.8424123], [27.4900556, 53.8424666], [27.4899387, 53.8426212], [27.4896142, 53.8428174], [27.4886459, 53.8434172]]]}}, {"type": "Feature", "properties": {"name": "", "kind": "park", "osm_id": 464722322, "area": 3.8111628555270727e-06}, "geometry": {"type": "Polygon", "coordinates": [[[27.4863827, 53.946354], [27.4863818, 53.9462415], [27.4867118, 53.9451029], [27.4876087, 53.9444918], [27.4888306, 53.9444705], [27.4898782, 53.9454732], [27.4867631, 53.9462542], [27.4863827, 53.946354]]]}}, {"type": "Feature", "properties": {"name": "", "kind": "park", "osm_id": 653519609, "area": 3.7671170503017493e-06}, "geometry": {"type": "Polygon", "coordinates": [[[27.4600932, 53.8615687], [27.4600932, 53.8619214], [27.460871, 53.8619293], [27.4608791, 53.862116], [27.4608817, 53.8621903], [27.4609917, 53.8621951], [27.4609876, 53.8623469], [27.4632432, 53.8623196], [27.4632432, 53.8616964], [27.4639406, 53.8616916], [27.462511, 53.8607047], [27.4612193, 53.8611393], [27.4600932, 53.8615687]]]}}, {"type": "Feature", "properties": {"name": "\u0412\u044b\u0441\u043f\u0430 \u043f\u0442\u0443\u0448\u0430\u043a", "kind": "park", "osm_id": 25377355, "area": 3.744541913874855e-06}, "geometry": {"type": "Polygon", "coordinates": [[[27.5359788, 53.9207407], [27.5356012, 53.9207154], [27.535112, 53.9207104], [27.5344425, 53.9207002], [27.533979, 53.9206446], [27.5338073, 53.9205739], [27.533773, 53.920488], [27.5338588, 53.9203464], [27.5339532, 53.9202251], [27.5341249, 53.9201139], [27.5343566, 53.9199825], [27.5345197, 53.9199016], [27.5347343, 53.9198056], [27.5349489, 53.9197146], [27.5352321, 53.9196994], [27.5354639, 53.9197095], [27.5357728, 53.9197601], [27.5364337, 53.9198207], [27.5366741, 53.9198662], [27.5368286, 53.9199319], [27.5371912, 53.9201373], [27.5374514, 53.9202681], [27.5377051, 53.9204235], [27.537847, 53.9205629], [27.5381385, 53.9206964], [27.5382051, 53.9207807], [27.5382118, 53.9208775], [27.5381895, 53.9209743], [27.538132, 53.9210367], [27.5380128, 53.9211111], [27.5379266, 53.9211629], [27.5378523, 53.9211906], [27.5377658, 53.9212032], [27.53767, 53.9212111], [27.5375667, 53.9211985], [27.5373436, 53.921145], [27.5370946, 53.921044], [27.5365367, 53.9208822], [27.5362363, 53.9208114], [27.5359788, 53.9207407]]]}}, {"type": "Feature", "properties": {"name": "", "kind": "park", "osm_id": 115713504, "area": 3.731350375346665e-06}, "geometry": {"type": "Polygon", "coordinates": [[[27.5389416, 53.9538657], [27.538672, 53.9543951], [27.5384888, 53.9549568], [27.5385766, 53.95515], [27.5385508, 53.9553419], [27.5379313, 53.9554218], [27.537888, 53.9554598], [27.5387583, 53.955488], [27.5387848, 53.9554972], [27.5389973, 53.9555548], [27.5391681, 53.9556011], [27.5391604, 53.9557642], [27.5391331, 53.955889], [27.5394735, 53.9560799], [27.5396083, 53.9562244], [27.5402752, 53.9564132], [27.5408837, 53.9549875], [27.5401983, 53.9547139], [27.540314, 53.9543213], [27.5389416, 53.9538657]]]}}, {"type": "Feature", "properties": {"name": "", "kind": "park", "osm_id": 42329118, "area": 3.687745333991188e-06}, "geometry": {"type": "Polygon", "coordinates": [[[27.6506954, 53.8679177], [27.6510048, 53.8679734], [27.6523327, 53.8675947], [27.6521093, 53.8674196], [27.6521329, 53.8672102], [27.6528289, 53.866995], [27.6533184, 53.8668724], [27.6530867, 53.8667474], [27.653511, 53.866629], [27.6535287, 53.8663067], [27.6529279, 53.8662153], [27.6529134, 53.8662427], [27.652684, 53.8662101], [27.6521843, 53.8661303], [27.6521953, 53.8660641], [27.6522862, 53.8657922], [27.6525622, 53.8657415], [27.6531041, 53.8655275], [27.6531469, 53.8651959], [27.6526716, 53.8651371], [27.6523789, 53.8653668], [27.6519811, 53.8655432], [27.6518396, 53.8652817], [27.6518046, 53.8652771], [27.6506954, 53.8679177]]]}}, {"type": "Feature", "properties": {"name": "", "kind": "park", "osm_id": 653343295, "area": 3.68071061984665e-06}, "geometry": {"type": "Polygon", "coordinates": [[[27.5000169, 53.9006152], [27.5027927, 53.9006907], [27.5038672, 53.9009208], [27.5040309, 53.9007238], [27.5038989, 53.9006637], [27.5038256, 53.9004256], [27.5037022, 53.9001822], [27.5030585, 53.9000874], [27.5011648, 53.8994995], [27.5010522, 53.8993352], [27.5007196, 53.8992182], [27.5001724, 53.8992593], [27.5000169, 53.9006152]]]}}, {"type": "Feature", "properties": {"name": "\u0411\u0440\u0430\u0433\u0456\u043d\u0441\u043a\u0456 \u0441\u043a\u0432\u0435\u0440", "kind": "park", "osm_id": 101783862, "area": 3.580092311494809e-06}, "geometry": {"type": "Polygon", "coordinates": [[[27.5570567, 53.9407236], [27.5570657, 53.9401182], [27.5570559, 53.9395789], [27.5570348, 53.9390578], [27.5561399, 53.9390674], [27.5547798, 53.9390821], [27.55481, 53.93959], [27.5548308, 53.9402823], [27.5548387, 53.9405468], [27.5552377, 53.9406121], [27.5556423, 53.9406647], [27.5562201, 53.9406995], [27.5568319, 53.9407227], [27.5570567, 53.9407236]]]}}, {"type": "Feature", "properties": {"name": "", "kind": "park", "osm_id": 653520523, "area": 3.552545877028024e-06}, "geometry": {"type": "Polygon", "coordinates": [[[27.4367209, 53.85905], [27.4370691, 53.8590582], [27.4370814, 53.8588965], [27.437391, 53.8588883], [27.4378407, 53.8586029], [27.4378697, 53.85862], [27.4381121, 53.8584764], [27.4384648, 53.8583059], [27.4389932, 53.857982], [27.4389906, 53.857377], [27.4395632, 53.8573641], [27.4400693, 53.8575334], [27.4416933, 53.8575401], [27.4417113, 53.858313], [27.4404132, 53.8583324], [27.440385, 53.8583325], [27.4403848, 53.8583152], [27.4403521, 53.8583153], [27.440352, 53.8582964], [27.4401029, 53.8582971], [27.440118, 53.858242], [27.440118, 53.8581326], [27.4397169, 53.8581375], [27.4394735, 53.858253], [27.4392558, 53.8583909], [27.43926, 53.858642], [27.43897, 53.858642], [27.43897, 53.858673], [27.438901, 53.858673], [27.4389064, 53.8588743], [27.438676, 53.8588751], [27.438676, 53.8588249], [27.438676, 53.8588176], [27.4385542, 53.8588183], [27.4385006, 53.8588496], [27.4383461, 53.858856], [27.4382389, 53.858925], [27.4382492, 53.8589809], [27.4380923, 53.8590748], [27.4377737, 53.8592684], [27.4377721, 53.8597179], [27.437607, 53.8597158], [27.4367209, 53.85905]]]}}, {"type": "Feature", "properties": {"name": "\u0421\u043a\u0432\u0435\u0440 \u041f\u0430\u0433\u0443\u043b\u044f\u043d\u043a\u0430", "kind": "park", "osm_id": 136669113, "area": 3.418559458623349e-06}, "geometry": {"type": "Polygon", "coordinates": [[[27.4441832, 53.9166452], [27.4443305, 53.916622], [27.44461, 53.9166722], [27.4447432, 53.9164149], [27.4444637, 53.9163647], [27.44445, 53.9162869], [27.4455217, 53.9162475], [27.4462459, 53.916219], [27.4468413, 53.9159252], [27.4474904, 53.9158999], [27.4478981, 53.9160743], [27.4479625, 53.9165318], [27.4481218, 53.9170104], [27.4477483, 53.9170056], [27.4471089, 53.9168903], [27.4469619, 53.9172081], [27.4474425, 53.9172933], [27.4473994, 53.9174443], [27.446935, 53.9173646], [27.4456885, 53.917131], [27.445184, 53.9170131], [27.444386, 53.9168056], [27.4441172, 53.916734], [27.4441832, 53.9166452]]]}}, {"type": "Feature", "properties": {"name": "\u0421\u044d\u043d\u0434\u0430\u0439\u0441\u043a\u0456 \u0441\u043a\u0432\u0435\u0440", "kind": "park", "osm_id": 99871532, "area": 3.409517489671998e-06}, "geometry": {"type": "Polygon", "coordinates": [[[27.5414521, 53.8953815], [27.5414941, 53.8956082], [27.541572, 53.8959692], [27.541869, 53.8965092], [27.5420058, 53.8966941], [27.542254, 53.8969528], [27.5421226, 53.8969945], [27.5420572, 53.8970166], [27.5419136, 53.8970826], [27.5413975, 53.8967656], [27.541258, 53.8967848], [27.5411056, 53.8968731], [27.5409191, 53.8969891], [27.5406644, 53.897231], [27.5411257, 53.8974446], [27.5410318, 53.8975386], [27.5398368, 53.8970121], [27.5395078, 53.8968688], [27.5394307, 53.8968251], [27.5394041, 53.896804], [27.5393832, 53.8967742], [27.53937, 53.8967352], [27.539364, 53.8966657], [27.5395684, 53.8965386], [27.5399418, 53.896536], [27.5403669, 53.8965329], [27.5403715, 53.8965169], [27.5403883, 53.8964644], [27.5402431, 53.8964613], [27.5401698, 53.8963701], [27.5401427, 53.8963208], [27.5401492, 53.8962603], [27.5402257, 53.8961288], [27.540281, 53.8961232], [27.540375, 53.8959713], [27.5402593, 53.8959743], [27.5400509, 53.8957944], [27.5401605, 53.8957452], [27.5401957, 53.8957766], [27.5403014, 53.8957321], [27.5404266, 53.8956913], [27.5403164, 53.8956266], [27.5400313, 53.8954017], [27.5397482, 53.8956302], [27.5397062, 53.8956192], [27.5396452, 53.8956112], [27.5395862, 53.8956112], [27.5395347, 53.8956168], [27.5394881, 53.8956266], [27.5394487, 53.895641], [27.5394138, 53.8956599], [27.5393698, 53.8956473], [27.5393607, 53.8956449], [27.5393374, 53.8956386], [27.5393202, 53.8956333], [27.5392407, 53.8956067], [27.5392697, 53.8955561], [27.5394048, 53.8952922], [27.5397049, 53.8950119], [27.5399276, 53.895066], [27.5401363, 53.8951895], [27.5405909, 53.895312], [27.5406419, 53.8953499], [27.5407304, 53.895372], [27.5408323, 53.8953697], [27.5409356, 53.8953317], [27.5414425, 53.8952835], [27.5414521, 53.8953815]]]}}, {"type": "Feature", "properties": {"name": "", "kind": "park", "osm_id": 653436435, "area": 3.3761411941668484e-06}, "geometry": {"type": "Polygon", "coordinates": [[[27.4401527, 53.9070375], [27.4401952, 53.9073002], [27.4403597, 53.9073162], [27.4414697, 53.9072582], [27.4420937, 53.9075712], [27.4422924, 53.9075698], [27.4422807, 53.9074254], [27.4428204, 53.907414], [27.4433597, 53.9073915], [27.4433672, 53.9074545], [27.4435938, 53.9074455], [27.4440337, 53.9071244], [27.4482503, 53.9069164], [27.4489183, 53.9072369], [27.4492444, 53.9072147], [27.4491731, 53.9068542], [27.4491209, 53.9065725], [27.4473744, 53.906666], [27.4401527, 53.9070375]]]}}, {"type": "Feature", "properties": {"name": "", "kind": "park", "osm_id": 27135507, "area": 3.35481320234976e-06}, "geometry": {"type": "Polygon", "coordinates": [[[27.5999718, 53.9408713], [27.5995645, 53.940365], [27.5997119, 53.9402378], [27.6021503, 53.9396027], [27.6024911, 53.9396182], [27.6050601, 53.9389342], [27.6054335, 53.9393642], [27.5999718, 53.9408713]]]}}, {"type": "Feature", "properties": {"name": "", "kind": "park", "osm_id": 586685221, "area": 3.2182523455048795e-06}, "geometry": {"type": "Polygon", "coordinates": [[[27.4984252, 53.8431593], [27.4986626, 53.8430914], [27.4980685, 53.8423506], [27.4987659, 53.8421654], [27.4993935, 53.8428824], [27.5030065, 53.8418489], [27.5030547, 53.841754], [27.5030333, 53.8416622], [27.5028348, 53.8415736], [27.5026631, 53.8415356], [27.5017083, 53.8415641], [27.5012577, 53.8416147], [27.5011772, 53.8416749], [27.5011732, 53.8417358], [27.5010873, 53.8417579], [27.497583, 53.8421338], [27.4984252, 53.8431593]]]}}, {"type": "Feature", "properties": {"name": "\u0410\u043b\u044c\u0448\u044d\u045e\u0441\u043a\u0456 \u0441\u043a\u0432\u0435\u0440", "kind": "park", "osm_id": 335326413, "area": 3.2079955190056353e-06}, "geometry": {"type": "Polygon", "coordinates": [[[27.5068134, 53.9118696], [27.5069633, 53.9118698], [27.5069818, 53.9119725], [27.5074804, 53.9119784], [27.5074757, 53.9120746], [27.5080363, 53.9120771], [27.5080724, 53.9106935], [27.5083769, 53.9107053], [27.5083962, 53.9104518], [27.508478, 53.9104464], [27.508485, 53.910344], [27.5088052, 53.9103413], [27.5088585, 53.909692], [27.5088069, 53.9096498], [27.5086858, 53.9095506], [27.5086024, 53.9094824], [27.5079864, 53.9097335], [27.5075662, 53.9098964], [27.5072166, 53.9099957], [27.5071096, 53.9100292], [27.5070596, 53.9100396], [27.5069414, 53.9100991], [27.5068667, 53.9101495], [27.50685, 53.9101768], [27.5068464, 53.9102055], [27.5068418, 53.9102374], [27.5068316, 53.9102958], [27.5068284, 53.9103524], [27.5068265, 53.9104432], [27.5068567, 53.9104426], [27.5069147, 53.9104446], [27.5069049, 53.9106434], [27.5067751, 53.91064], [27.5067675, 53.910718], [27.50688, 53.9107417], [27.5069256, 53.9107519], [27.5068134, 53.9118696]]]}}, {"type": "Feature", "properties": {"name": "\u0411\u0443\u043b\u044c\u0432\u0430\u0440 \u0413\u0440\u044b\u0431\u0430\u0435\u0434\u0430\u0432\u0430", "kind": "park", "osm_id": 526180349, "area": 3.183449393873161e-06}, "geometry": {"type": "Polygon", "coordinates": [[[27.5281659, 53.9117552], [27.5286876, 53.9118397], [27.528655, 53.9119674], [27.5285693, 53.911959], [27.5285251, 53.9121159], [27.5286108, 53.9121242], [27.5285092, 53.9126795], [27.5283958, 53.9132017], [27.5283228, 53.9131958], [27.5282746, 53.9134014], [27.5283475, 53.9134074], [27.5280225, 53.9145643], [27.5272437, 53.917917], [27.5267124, 53.9178815], [27.5274178, 53.9148472], [27.5275131, 53.914853], [27.5275623, 53.9146251], [27.5274731, 53.9146158], [27.5275078, 53.9143946], [27.5275815, 53.9143975], [27.5278009, 53.913518], [27.5278454, 53.9133493], [27.5280333, 53.9126511], [27.5279494, 53.9126422], [27.5281659, 53.9117552]]]}}, {"type": "Feature", "properties": {"name": "\u0421\u043a\u0432\u0435\u0440 \u0421\u0456\u043c\u043e\u043d\u0430 \u0411\u0430\u043b\u0456\u0432\u0430\u0440\u0430", "kind": "park", "osm_id": 66832236, "area": 3.147580514450965e-06}, "geometry": {"type": "Polygon", "coordinates": [[[27.582515, 53.9034195], [27.5824364, 53.9035361], [27.5824273, 53.9035652], [27.5824583, 53.9035901], [27.584739, 53.9044436], [27.5849784, 53.9043768], [27.5850475, 53.904264], [27.5850219, 53.9038103], [27.5849555, 53.9037555], [27.5849056, 53.9036353], [27.5847655, 53.903377], [27.5844173, 53.9027849], [27.5842951, 53.9026949], [27.5841544, 53.9025424], [27.5842831, 53.9024441], [27.5841498, 53.902239], [27.5836232, 53.9023676], [27.5835959, 53.9024431], [27.5835315, 53.9024782], [27.5833862, 53.9026192], [27.5832377, 53.9026374], [27.5831952, 53.9026542], [27.582515, 53.9034195]]]}}, {"type": "Feature", "properties": {"name": "\u0413\u0440\u0443\u0448\u0430\u045e\u0441\u043a\u0456 \u0441\u043a\u0432\u0435\u0440", "kind": "park", "osm_id": 112761003, "area": 3.1384496423925157e-06}, "geometry": {"type": "Polygon", "coordinates": [[[27.5190001, 53.8855546], [27.5188859, 53.8855077], [27.5181442, 53.885227], [27.5178254, 53.885528], [27.5177813, 53.8855707], [27.5177934, 53.8856238], [27.5173121, 53.8860723], [27.5179864, 53.8863141], [27.5192301, 53.886786], [27.5197575, 53.8869876], [27.5200227, 53.8870877], [27.5208407, 53.8863119], [27.5209018, 53.8862539], [27.5198013, 53.8858492], [27.5190001, 53.8855546]]]}}, {"type": "Feature", "properties": {"name": "\u042d\u043a\u0430\u043f\u0430\u0440\u043a \u00ab\u041a\u0430\u0447\u044b\u043d\u044b \u0431\u0435\u0440\u0430\u0433\u00bb", "kind": "park", "osm_id": 1073996097, "area": 3.0861904178891564e-06}, "geometry": {"type": "Polygon", "coordinates": [[[27.669113, 53.9331893], [27.6692954, 53.9332136], [27.669493, 53.9327074], [27.6703379, 53.9328256], [27.6709628, 53.9329163], [27.6712799, 53.9322275], [27.6707394, 53.9317316], [27.6707918, 53.9315751], [27.6707647, 53.931549], [27.6695828, 53.9313835], [27.6694157, 53.9314749], [27.6693873, 53.9314836], [27.6693589, 53.9314832], [27.6691926, 53.931463], [27.6691557, 53.931469], [27.669125, 53.9314866], [27.6691061, 53.9315075], [27.6687821, 53.9323244], [27.6686223, 53.9327109], [27.669113, 53.9331893]]]}}, {"type": "Feature", "properties": {"name": "", "kind": "park", "osm_id": 167405369, "area": 3.0677372251375346e-06}, "geometry": {"type": "Polygon", "coordinates": [[[27.6065565, 53.863316], [27.6064408, 53.8633055], [27.6063123, 53.8633104], [27.6062361, 53.8633521], [27.6060533, 53.8635809], [27.6060087, 53.8635693], [27.6060649, 53.8634959], [27.6060547, 53.8634876], [27.6060415, 53.8634885], [27.6060193, 53.8635172], [27.606027, 53.8635334], [27.6060008, 53.8635411], [27.605984, 53.8635629], [27.6056319, 53.8634713], [27.6054097, 53.8637579], [27.6051387, 53.8636965], [27.6048755, 53.8639476], [27.6031217, 53.8660859], [27.6040301, 53.8663487], [27.6065327, 53.8633446], [27.6067761, 53.8634114], [27.6067923, 53.8633915], [27.6067001, 53.8633505], [27.6065565, 53.863316]]]}}, {"type": "Feature", "properties": {"name": "", "kind": "park", "osm_id": 99886657, "area": 2.9722373255935963e-06}, "geometry": {"type": "Polygon", "coordinates": [[[27.5064014, 53.8920703], [27.5072671, 53.8921905], [27.507306, 53.8922299], [27.5069234, 53.8943557], [27.5069604, 53.8944556], [27.507077, 53.8945391], [27.5070277, 53.8947996], [27.5066023, 53.8948819], [27.5065699, 53.8948882], [27.5063998, 53.8948705], [27.5062663, 53.894903], [27.506182, 53.8947508], [27.5060609, 53.89449], [27.5057154, 53.8936866], [27.5055993, 53.893373], [27.5055485, 53.8933024], [27.5054799, 53.8930196], [27.5055887, 53.8929993], [27.5064882, 53.8929252], [27.5064014, 53.8920703]]]}}, {"type": "Feature", "properties": {"name": "", "kind": "park", "osm_id": 653511089, "area": 2.8966527452212176e-06}, "geometry": {"type": "Polygon", "coordinates": [[[27.5469426, 53.8948611], [27.5478788, 53.8951798], [27.5481115, 53.8952768], [27.5483354, 53.8953712], [27.5485451, 53.8954744], [27.5487556, 53.895587], [27.5491556, 53.8958227], [27.5497218, 53.8961485], [27.549982, 53.8963128], [27.5500042, 53.8963295], [27.5494655, 53.8966943], [27.5483972, 53.8963494], [27.5481304, 53.8962633], [27.5472174, 53.8959685], [27.5470686, 53.8959205], [27.5462188, 53.8956641], [27.5469426, 53.8948611]]]}}, {"type": "Feature", "properties": {"name": "", "kind": "park", "osm_id": 689164354, "area": 2.870552862077602e-06}, "geometry": {"type": "Polygon", "coordinates": [[[27.4578622, 53.9371188], [27.4578112, 53.9370099], [27.4580764, 53.9364915], [27.4580789, 53.9364118], [27.4580363, 53.9363382], [27.4576423, 53.9360357], [27.4587741, 53.9355651], [27.4604197, 53.9371662], [27.4602909, 53.937452], [27.4595131, 53.9373265], [27.4594581, 53.937362], [27.4578622, 53.9371188]]]}}, {"type": "Feature", "properties": {"name": "\u0421\u043a\u0432\u0435\u0440 \u0456\u043c\u044f \u0412\u0430\u0441\u0456\u043b\u044f \u0426\u0432\u044f\u0442\u043a\u043e\u0432\u0430", "kind": "park", "osm_id": 589049649, "area": 2.8017045679007424e-06}, "geometry": {"type": "Polygon", "coordinates": [[[27.5069341, 53.8438097], [27.5114376, 53.8437309], [27.5110383, 53.8431675], [27.5108895, 53.8429694], [27.5106763, 53.8426678], [27.5106458, 53.8426112], [27.5102655, 53.8427066], [27.5098349, 53.8429771], [27.5087219, 53.8432411], [27.5086865, 53.8432836], [27.5086238, 53.8433422], [27.5085146, 53.8433771], [27.5083917, 53.8433814], [27.5082742, 53.8433534], [27.5078314, 53.8434545], [27.5076189, 53.8434718], [27.507045, 53.8434034], [27.5062605, 53.843576], [27.5069341, 53.8438097]]]}}, {"type": "Feature", "properties": {"name": "", "kind": "park", "osm_id": 844158736, "area": 2.7557616704143584e-06}, "geometry": {"type": "Polygon", "coordinates": [[[27.4332402, 53.8899998], [27.4330759, 53.889741], [27.4332073, 53.8897082], [27.4327911, 53.8890876], [27.4318823, 53.8892968], [27.4318394, 53.8892336], [27.4312735, 53.8893364], [27.4311581, 53.8895608], [27.4303427, 53.8897505], [27.4304634, 53.8900082], [27.4297446, 53.8901583], [27.4299699, 53.890495], [27.4306619, 53.890318], [27.4310114, 53.8904312], [27.4310811, 53.8905197], [27.4332402, 53.8899998]]]}}, {"type": "Feature", "properties": {"name": "", "kind": "park", "osm_id": 46402805, "area": 2.736516080403817e-06}, "geometry": {"type": "Polygon", "coordinates": [[[27.55378, 53.874478], [27.5549439, 53.8744368], [27.5550655, 53.8743956], [27.5548158, 53.8722599], [27.5535849, 53.8723238], [27.55378, 53.874478]]]}}, {"type": "Feature", "properties": {"name": "\u0410\u043b\u0435\u044f 940 \u0433\u043e\u0434\u0434\u0437\u044f \u041c\u0456\u043d\u0441\u043a\u0430", "kind": "park", "osm_id": 23557064, "area": 2.726722982515639e-06}, "geometry": {"type": "Polygon", "coordinates": [[[27.4786768, 53.8978828], [27.4787351, 53.8977046], [27.4787719, 53.8972518], [27.478833, 53.8970826], [27.4789197, 53.8971002], [27.4796599, 53.8972503], [27.4797998, 53.897136], [27.4798717, 53.8968933], [27.4810448, 53.8968458], [27.4811547, 53.8977403], [27.4812473, 53.8979781], [27.4810306, 53.8981205], [27.4807626, 53.8981942], [27.479618, 53.8982296], [27.4796137, 53.8981878], [27.4794588, 53.8981916], [27.4786768, 53.8978828]]]}}, {"type": "Feature", "properties": {"name": "", "kind": "park", "osm_id": 606677120, "area": 2.7103691309093847e-06}, "geometry": {"type": "Polygon", "coordinates": [[[27.6279977, 53.8395618], [27.6279941, 53.8395323], [27.6280448, 53.839492], [27.6280843, 53.839492], [27.6281005, 53.8382798], [27.6291427, 53.8382817], [27.6292205, 53.838345], [27.629533, 53.8383474], [27.6295812, 53.8382803], [27.6299874, 53.8382764], [27.6302659, 53.8382738], [27.6302833, 53.8392193], [27.6298496, 53.8395531], [27.6296451, 53.8395629], [27.6292435, 53.8395676], [27.6279977, 53.8395618]]]}}, {"type": "Feature", "properties": {"name": "\u0421\u043a\u0432\u0435\u0440 \u0414\u0443\u0431\u043a\u0456", "kind": "park", "osm_id": 23558836, "area": 2.6195945110885077e-06}, "geometry": {"type": "Polygon", "coordinates": [[[27.4843155, 53.9132766], [27.4847754, 53.9131267], [27.4848825, 53.9128673], [27.4850848, 53.9127648], [27.4851031, 53.9123878], [27.4849364, 53.9122336], [27.4846781, 53.9120034], [27.4844037, 53.9119091], [27.4839799, 53.9119235], [27.4836181, 53.9121036], [27.4821738, 53.9129168], [27.4825036, 53.9131706], [27.4843155, 53.9132766]]]}}, {"type": "Feature", "properties": {"name": "", "kind": "park", "osm_id": 766479417, "area": 2.608504019008251e-06}, "geometry": {"type": "Polygon", "coordinates": [[[27.4555093, 53.8985257], [27.4556292, 53.8985272], [27.4557116, 53.898521], [27.4557905, 53.8985014], [27.4557651, 53.8983154], [27.4556685, 53.8983169], [27.4556638, 53.8982835], [27.4556176, 53.8979534], [27.4557195, 53.8979487], [27.4557537, 53.8977659], [27.4556433, 53.8977638], [27.455647, 53.8977101], [27.4559126, 53.8972896], [27.4560027, 53.8973124], [27.4561341, 53.8972319], [27.4564111, 53.89708], [27.456618, 53.8970005], [27.4569686, 53.8969023], [27.4572772, 53.8968445], [27.4575261, 53.8968176], [27.4576583, 53.8966164], [27.4575547, 53.8966432], [27.4570984, 53.8966367], [27.4565007, 53.8965459], [27.4576653, 53.8964515], [27.4576394, 53.8964251], [27.4576358, 53.8963695], [27.4569835, 53.8964827], [27.4555423, 53.8965366], [27.4550798, 53.8965904], [27.4550917, 53.896898], [27.4546292, 53.8969214], [27.4546689, 53.8972805], [27.4546703, 53.8973305], [27.4546744, 53.8974775], [27.4547869, 53.8975334], [27.4549193, 53.8985017], [27.4549238, 53.8985343], [27.4549438, 53.8985334], [27.45494, 53.8984337], [27.4555054, 53.8984261], [27.4555093, 53.8985257]]]}}, {"type": "Feature", "properties": {"name": "", "kind": "park", "osm_id": 43065734, "area": 2.6055131456814706e-06}, "geometry": {"type": "Polygon", "coordinates": [[[27.6139114, 53.8909071], [27.6140059, 53.890839], [27.6151119, 53.8913291], [27.6151387, 53.8913543], [27.6141807, 53.8921337], [27.6140636, 53.8922293], [27.6139654, 53.8921784], [27.6136565, 53.8924739], [27.613492, 53.8926534], [27.6134198, 53.8927152], [27.6130951, 53.8929941], [27.6130474, 53.8930349], [27.6129596, 53.8930399], [27.6129073, 53.8930367], [27.6128764, 53.893028], [27.612863, 53.8929754], [27.6128483, 53.8928494], [27.6128124, 53.8925024], [27.6127144, 53.8921577], [27.6125863, 53.8920141], [27.6125517, 53.8919518], [27.6126107, 53.8918546], [27.6128465, 53.8916438], [27.6129084, 53.8916692], [27.6136258, 53.891061], [27.613564, 53.8910357], [27.6136711, 53.8909934], [27.6137521, 53.8910324], [27.6139114, 53.8909071]]]}}, {"type": "Feature", "properties": {"name": "", "kind": "park", "osm_id": 576853650, "area": 2.5850356450973777e-06}, "geometry": {"type": "Polygon", "coordinates": [[[27.5123649, 53.8735478], [27.5119355, 53.8738753], [27.5115805, 53.874171], [27.5114751, 53.8737565], [27.5114661, 53.8734108], [27.5115305, 53.8732317], [27.5136924, 53.8720963], [27.5138909, 53.8721089], [27.5147492, 53.8725138], [27.5133172, 53.8734668], [27.5128499, 53.8732237], [27.5123649, 53.8735478]]]}}, {"type": "Feature", "properties": {"name": "", "kind": "park", "osm_id": 607422993, "area": 2.5432996153540444e-06}, "geometry": {"type": "Polygon", "coordinates": [[[27.5928336, 53.8652451], [27.5929932, 53.8654843], [27.5941727, 53.8652617], [27.5941479, 53.8652079], [27.5946629, 53.8651118], [27.5951786, 53.8652534], [27.5953026, 53.865378], [27.5954528, 53.8654195], [27.5966976, 53.8649039], [27.5977059, 53.8646512], [27.5983067, 53.8645879], [27.5986634, 53.8646401], [27.5986943, 53.8646219], [27.5984649, 53.8642605], [27.5984046, 53.8642431], [27.5977233, 53.8643989], [27.5967577, 53.8645666], [27.5965244, 53.8646282], [27.5963379, 53.8646021], [27.5953576, 53.8643783], [27.5945435, 53.8641624], [27.5944135, 53.8641759], [27.5947447, 53.8648987], [27.5946616, 53.8649414], [27.5934733, 53.8651494], [27.5928336, 53.8652451]]]}}, {"type": "Feature", "properties": {"name": "\u042e\u0431\u0456\u043b\u0435\u0439\u043d\u044b \u0441\u043a\u0432\u0435\u0440", "kind": "park", "osm_id": 107747929, "area": 2.516328208912455e-06}, "geometry": {"type": "Polygon", "coordinates": [[[27.5411835, 53.9052656], [27.541186, 53.9052917], [27.5411904, 53.9053178], [27.5412736, 53.9054399], [27.5413384, 53.9055361], [27.5414969, 53.9057715], [27.5415221, 53.9058015], [27.541574, 53.9058341], [27.5416222, 53.9058491], [27.5416768, 53.9058617], [27.5417242, 53.9058617], [27.5421436, 53.9057654], [27.5421118, 53.9057335], [27.5437469, 53.9054091], [27.5443598, 53.9052475], [27.5432925, 53.9043858], [27.5432218, 53.9043244], [27.5426187, 53.9045892], [27.5421574, 53.9047918], [27.5418294, 53.9049364], [27.5412305, 53.9052009], [27.5411967, 53.9052361], [27.5411835, 53.9052656]]]}}, {"type": "Feature", "properties": {"name": "", "kind": "park", "osm_id": 144310151, "area": 2.5159943106700666e-06}, "geometry": {"type": "Polygon", "coordinates": [[[27.5511114, 53.917508], [27.5527973, 53.917518], [27.5525545, 53.9162719], [27.5517946, 53.9162471], [27.551667, 53.9162051], [27.5515444, 53.916141], [27.5513802, 53.9161244], [27.5509422, 53.916162], [27.5503995, 53.916254], [27.5504258, 53.9163003], [27.5511114, 53.917508]]]}}, {"type": "Feature", "properties": {"name": "", "kind": "park", "osm_id": 101785316, "area": 2.5131549818979693e-06}, "geometry": {"type": "Polygon", "coordinates": [[[27.587217, 53.9501318], [27.5888813, 53.9501669], [27.5889603, 53.9501558], [27.5890362, 53.9501385], [27.5890838, 53.9501129], [27.5891589, 53.9493489], [27.5891803, 53.9491469], [27.5891643, 53.9489097], [27.5872181, 53.9488419], [27.5871136, 53.95012], [27.5871433, 53.9501279], [27.5871699, 53.9501304], [27.587217, 53.9501318]]]}}, {"type": "Feature", "properties": {"name": "", "kind": "park", "osm_id": 201182249, "area": 2.4127799633788527e-06}, "geometry": {"type": "Polygon", "coordinates": [[[27.5193198, 53.8421205], [27.5193723, 53.8421051], [27.5193641, 53.8420539], [27.5201691, 53.8419643], [27.5206531, 53.8419033], [27.5212038, 53.8435977], [27.5196252, 53.8436212], [27.5193198, 53.8421205]]]}}, {"type": "Feature", "properties": {"name": "", "kind": "park", "osm_id": 168686337, "area": 2.4060258283498115e-06}, "geometry": {"type": "Polygon", "coordinates": [[[27.5605667, 53.8896588], [27.5598933, 53.8892334], [27.559884, 53.8890068], [27.5598121, 53.8888761], [27.5597208, 53.888781], [27.5605186, 53.8885125], [27.5609945, 53.8883869], [27.5614803, 53.8883163], [27.5619045, 53.8882586], [27.562395, 53.8882217], [27.5630039, 53.888193], [27.5633445, 53.8881709], [27.563142, 53.8882829], [27.5606396, 53.8896671], [27.5605996, 53.8896682], [27.5605667, 53.8896588]]]}}, {"type": "Feature", "properties": {"name": "", "kind": "park", "osm_id": 847909647, "area": 2.3926938865770353e-06}, "geometry": {"type": "Polygon", "coordinates": [[[27.6072658, 53.9369513], [27.6077438, 53.937084], [27.6077663, 53.9376966], [27.6076087, 53.9377569], [27.6065882, 53.9380144], [27.6058558, 53.936986], [27.6059022, 53.9367618], [27.6064937, 53.9366188], [27.6066855, 53.9365701], [27.6069395, 53.9364629], [27.6080876, 53.9361916], [27.6085169, 53.9364219], [27.6081704, 53.9365916], [27.6072586, 53.9368287], [27.6072658, 53.9369513]]]}}, {"type": "Feature", "properties": {"name": "", "kind": "park", "osm_id": 653519325, "area": 2.348507564420288e-06}, "geometry": {"type": "Polygon", "coordinates": [[[27.4705609, 53.8721857], [27.4705641, 53.8718296], [27.470529, 53.87183], [27.470245, 53.87183], [27.4699, 53.8717666], [27.469629, 53.8719018], [27.4692928, 53.8718342], [27.4692117, 53.8716986], [27.469114, 53.871707], [27.468898, 53.871707], [27.4688995, 53.8707127], [27.4678201, 53.8707232], [27.4677957, 53.8708126], [27.4677845, 53.8712868], [27.4679557, 53.8712866], [27.4679574, 53.8717646], [27.4681079, 53.8717656], [27.4681092, 53.8721213], [27.4688732, 53.8721279], [27.4688732, 53.8722769], [27.4690022, 53.8722769], [27.4690022, 53.8724069], [27.4690093, 53.8726325], [27.4695791, 53.8724593], [27.4699896, 53.8723383], [27.4705609, 53.8721857]]]}}, {"type": "Feature", "properties": {"name": "", "kind": "park", "osm_id": 847909646, "area": 2.339125330763636e-06}, "geometry": {"type": "Polygon", "coordinates": [[[27.60773, 53.9357015], [27.6079539, 53.9356489], [27.6076041, 53.9351687], [27.6073576, 53.9352168], [27.6071583, 53.9352664], [27.60663, 53.9353936], [27.6064368, 53.9354414], [27.6058957, 53.9355767], [27.6057057, 53.9356232], [27.6053341, 53.9350969], [27.6051345, 53.9350945], [27.6041904, 53.9353242], [27.6039829, 53.9354], [27.604634, 53.9363026], [27.6051265, 53.936072], [27.6053527, 53.9359135], [27.6056456, 53.9358435], [27.6056956, 53.935916], [27.6060526, 53.9360171], [27.6062444, 53.9359684], [27.6065847, 53.9359712], [27.6068164, 53.9359083], [27.606892, 53.9359202], [27.60773, 53.9357015]]]}}, {"type": "Feature", "properties": {"name": "\u0422\u0430\u0442\u0430\u0440\u0441\u043a\u0456 \u0441\u043a\u0432\u0435\u0440", "kind": "park", "osm_id": 41181179, "area": 2.3136078652896686e-06}, "geometry": {"type": "Polygon", "coordinates": [[[27.5236501, 53.9169253], [27.5248807, 53.9175216], [27.5255402, 53.9178289], [27.5255873, 53.9174324], [27.526112, 53.9168035], [27.526357, 53.9166952], [27.5267656, 53.9165452], [27.5250392, 53.9162717], [27.5249018, 53.9163085], [27.5248893, 53.9163114], [27.524778, 53.9163997], [27.5246503, 53.9164351], [27.5243495, 53.9164384], [27.5241183, 53.9164483], [27.5236501, 53.9169253]]]}}, {"type": "Feature", "properties": {"name": "", "kind": "park", "osm_id": 1237761791, "area": 2.2553678036274505e-06}, "geometry": {"type": "Polygon", "coordinates": [[[27.6114081, 53.9183752], [27.6119073, 53.9185003], [27.611952, 53.9185107], [27.6122239, 53.9180495], [27.6129702, 53.9182127], [27.6130574, 53.9182366], [27.6137403, 53.9171977], [27.6132352, 53.9166461], [27.6130909, 53.9166865], [27.6129258, 53.9166993], [27.61275, 53.9166707], [27.6125479, 53.9166367], [27.611965, 53.9175352], [27.6114081, 53.9183752]]]}}, {"type": "Feature", "properties": {"name": "\u0421\u0442\u0430\u0440\u0430\u0436\u043e\u045e\u0441\u043a\u0456 \u0441\u043a\u0432\u0435\u0440", "kind": "park", "osm_id": 99883134, "area": 2.2502830461235135e-06}, "geometry": {"type": "Polygon", "coordinates": [[[27.5543358, 53.9161525], [27.5548627, 53.9160561], [27.5549532, 53.9162031], [27.5550607, 53.9164351], [27.5553348, 53.9167294], [27.555663, 53.9173886], [27.5547848, 53.9174819], [27.5537116, 53.9175203], [27.5535445, 53.9174367], [27.553416, 53.9164321], [27.5537425, 53.9164262], [27.5542947, 53.9164188], [27.5542945, 53.9161745], [27.5543358, 53.9161525]]]}}, {"type": "Feature", "properties": {"name": "", "kind": "park", "osm_id": 605670717, "area": 2.2237920802581357e-06}, "geometry": {"type": "Polygon", "coordinates": [[[27.5686722, 53.8987774], [27.5711399, 53.899877], [27.5717408, 53.8993184], [27.5716947, 53.8992468], [27.5715216, 53.8991687], [27.5696879, 53.8982658], [27.5695074, 53.8981781], [27.5694623, 53.8981839], [27.5686722, 53.8987774]]]}}, {"type": "Feature", "properties": {"name": "", "kind": "park", "osm_id": 847909649, "area": 2.2130864181235665e-06}, "geometry": {"type": "Polygon", "coordinates": [[[27.6112373, 53.9335943], [27.6115754, 53.9335136], [27.6121383, 53.9342792], [27.6121091, 53.9344615], [27.6113569, 53.9346571], [27.6110881, 53.9348488], [27.6108846, 53.9349025], [27.6107383, 53.9348615], [27.6096484, 53.9351344], [27.6095547, 53.9349711], [27.6094571, 53.9348259], [27.6095411, 53.9346797], [27.6097352, 53.9346318], [27.6102845, 53.9345028], [27.6104703, 53.9344578], [27.610049, 53.9338554], [27.6102759, 53.933827], [27.6112373, 53.9335943]]]}}, {"type": "Feature", "properties": {"name": "", "kind": "park", "osm_id": 256758741, "area": 2.183848209824646e-06}, "geometry": {"type": "Polygon", "coordinates": [[[27.5464228, 53.844728], [27.5477317, 53.8457882], [27.5481454, 53.8456358], [27.5487295, 53.8455604], [27.5496575, 53.8456775], [27.5498056, 53.845794], [27.5503737, 53.8455905], [27.549974, 53.8451901], [27.5498131, 53.845111], [27.5484773, 53.8449464], [27.5469726, 53.8447771], [27.5465579, 53.8447401], [27.5464228, 53.844728]]]}}, {"type": "Feature", "properties": {"name": "\u0411\u0430\u0431\u0440\u0443\u0439\u0441\u043a\u0456 \u0441\u043a\u0432\u0435\u0440", "kind": "park", "osm_id": 547236793, "area": 2.175520080527349e-06}, "geometry": {"type": "Polygon", "coordinates": [[[27.5467595, 53.8920731], [27.5467418, 53.8920352], [27.5465776, 53.8919628], [27.5465754, 53.8919504], [27.5465872, 53.8918588], [27.5467549, 53.8917109], [27.5467527, 53.8916893], [27.5461651, 53.8917902], [27.5453884, 53.8919337], [27.5450001, 53.892004], [27.5445048, 53.8920933], [27.5436846, 53.8922399], [27.5436308, 53.8922502], [27.5433664, 53.8923005], [27.5432488, 53.8923437], [27.5427459, 53.8924393], [27.542704, 53.8924472], [27.5426635, 53.8924549], [27.5425391, 53.8924497], [27.5424485, 53.8924857], [27.542414, 53.8924658], [27.5423403, 53.8924357], [27.5421874, 53.8924361], [27.5418691, 53.8924863], [27.541655, 53.8925229], [27.5416039, 53.892551], [27.541577, 53.8925819], [27.5415685, 53.8926106], [27.5415768, 53.8926394], [27.5417655, 53.8929868], [27.541797, 53.893015], [27.54187, 53.893044], [27.5419459, 53.8930557], [27.5423953, 53.8929648], [27.5423838, 53.8929134], [27.5432016, 53.8927511], [27.5432462, 53.8927416], [27.5442597, 53.8925293], [27.5445493, 53.8925392], [27.5454719, 53.8923457], [27.5463932, 53.8921461], [27.5464874, 53.8921307], [27.5467595, 53.8920731]]]}}, {"type": "Feature", "properties": {"name": "\u041b\u044f\u0445\u0430\u045e\u0441\u043a\u0456 \u0441\u043a\u0432\u0435\u0440", "kind": "park", "osm_id": 41181295, "area": 2.1609087070828537e-06}, "geometry": {"type": "Polygon", "coordinates": [[[27.5634256, 53.8938008], [27.5634903, 53.8937646], [27.5631942, 53.893581], [27.5629208, 53.8933683], [27.5628213, 53.8932575], [27.5627552, 53.8931717], [27.5626753, 53.8930589], [27.5626262, 53.8929629], [27.5625772, 53.8928477], [27.5625411, 53.8928892], [27.5624891, 53.8929133], [27.5624197, 53.8929363], [27.5623387, 53.8929447], [27.5622629, 53.8929405], [27.5622027, 53.8929281], [27.5621556, 53.8929063], [27.5621218, 53.8928716], [27.5621058, 53.8928297], [27.5621113, 53.8927932], [27.5621324, 53.8927594], [27.5621757, 53.8927274], [27.5622394, 53.8927038], [27.5622934, 53.8926831], [27.5623311, 53.8926569], [27.5623713, 53.8926191], [27.5624068, 53.8925718], [27.562667, 53.8921486], [27.5627108, 53.8921043], [27.5627802, 53.8920593], [27.5628637, 53.8920276], [27.5629166, 53.8920079], [27.5629663, 53.8919874], [27.5629983, 53.8919586], [27.5630366, 53.8919167], [27.5636291, 53.8914569], [27.5633267, 53.8913012], [27.5625515, 53.891679], [27.5619257, 53.892941], [27.5618507, 53.8930896], [27.5615565, 53.8937093], [27.561656, 53.8938295], [27.562492, 53.8941536], [27.5627327, 53.8941545], [27.5632083, 53.8939451], [27.5634256, 53.8938008]]]}}, {"type": "Feature", "properties": {"name": "", "kind": "park", "osm_id": 606677121, "area": 2.150331965822261e-06}, "geometry": {"type": "Polygon", "coordinates": [[[27.6217854, 53.8395653], [27.6217881, 53.8391759], [27.6222628, 53.8391759], [27.6222762, 53.8379779], [27.6219007, 53.8379889], [27.6219034, 53.8374302], [27.6215923, 53.8374271], [27.6217854, 53.8372672], [27.6221931, 53.8372625], [27.6221985, 53.8373875], [27.6247466, 53.837359], [27.6247305, 53.8375489], [27.6228046, 53.8375505], [27.62281, 53.8377768], [27.6231533, 53.8379383], [27.6231533, 53.8380067], [27.6228583, 53.8380048], [27.6228341, 53.8391696], [27.6231292, 53.8391712], [27.6231211, 53.8394292], [27.6226618, 53.8394153], [27.6226625, 53.8395558], [27.6217854, 53.8395653]]]}}, {"type": "Feature", "properties": {"name": "\u0421\u044f\u043c\u0435\u0439\u043d\u044b \u0441\u043a\u0432\u0435\u0440", "kind": "park", "osm_id": 653312576, "area": 2.11944063721603e-06}, "geometry": {"type": "Polygon", "coordinates": [[[27.4342229, 53.8898092], [27.4353075, 53.891455], [27.4350403, 53.8913771], [27.4348055, 53.8913859], [27.4346873, 53.8913903], [27.4343852, 53.8913792], [27.4340498, 53.891277], [27.4341098, 53.8907464], [27.4339868, 53.8901404], [27.4336407, 53.8901182], [27.4331272, 53.8903372], [27.4327475, 53.8905336], [27.4309993, 53.8909118], [27.4309193, 53.8907627], [27.4310811, 53.8905197], [27.4332402, 53.8899998], [27.4335021, 53.8899614], [27.4342229, 53.8898092]]]}}, {"type": "Feature", "properties": {"name": "\u0421\u043a\u0432\u0435\u0440 \u0410\u0434\u0430\u043c\u0430 \u041c\u0456\u0446\u043a\u0435\u0432\u0456\u0447\u0430", "kind": "park", "osm_id": 41181177, "area": 2.101013365063409e-06}, "geometry": {"type": "Polygon", "coordinates": [[[27.5487308, 53.9011904], [27.5489678, 53.9011], [27.5490298, 53.9010774], [27.5507664, 53.9003509], [27.5507715, 53.900325], [27.5495901, 53.8998535], [27.5494292, 53.8998636], [27.5493691, 53.8999608], [27.5490443, 53.9001467], [27.548646, 53.9001908], [27.5487103, 53.9003741], [27.5485957, 53.9004754], [27.5482498, 53.900388], [27.5481257, 53.9004783], [27.5480292, 53.9004336], [27.547952, 53.9004885], [27.5479015, 53.9005484], [27.5475045, 53.9006199], [27.5479669, 53.9009942], [27.5480159, 53.9010312], [27.5482101, 53.9011769], [27.5487308, 53.9011904]]]}}, {"type": "Feature", "properties": {"name": "\u041a\u0430\u043c\u0430\u0440\u043e\u045e\u0441\u043a\u0456 \u0441\u043a\u0432\u0435\u0440", "kind": "park", "osm_id": 551728865, "area": 2.0613061906260555e-06}, "geometry": {"type": "Polygon", "coordinates": [[[27.5806288, 53.9188931], [27.5806503, 53.9188536], [27.5807389, 53.9188224], [27.5808131, 53.9187428], [27.5808446, 53.9186804], [27.5811792, 53.9185565], [27.5812653, 53.9184565], [27.5813276, 53.9184152], [27.5815693, 53.9182886], [27.5810294, 53.9179278], [27.5806096, 53.91766], [27.5799564, 53.9173034], [27.579508, 53.9175601], [27.5789446, 53.9178802], [27.5805688, 53.9189695], [27.5806288, 53.9188931]]]}}, {"type": "Feature", "properties": {"name": "", "kind": "park", "osm_id": 1181754845, "area": 2.0143929759797174e-06}, "geometry": {"type": "Polygon", "coordinates": [[[27.5809968, 53.8875538], [27.5808224, 53.8876049], [27.5802714, 53.8877141], [27.5801731, 53.8878311], [27.5800718, 53.8880462], [27.5801547, 53.8881132], [27.580391, 53.8881776], [27.5808876, 53.888242], [27.5812639, 53.888297], [27.5815994, 53.8883666], [27.5817522, 53.888414], [27.5819353, 53.8884801], [27.5819928, 53.88846], [27.5819447, 53.8884324], [27.581909, 53.8883963], [27.5818917, 53.8883482], [27.5818893, 53.8883134], [27.581901, 53.8882725], [27.5819505, 53.8882354], [27.5823804, 53.8881056], [27.5823677, 53.8879627], [27.5824364, 53.88774], [27.5825209, 53.8874638], [27.5825306, 53.8874322], [27.5825759, 53.8872847], [27.5825897, 53.8872398], [27.5826345, 53.8871319], [27.5825591, 53.8870186], [27.5823637, 53.887071], [27.5824016, 53.8869112], [27.5823576, 53.8869155], [27.5819174, 53.8871441], [27.5813758, 53.8874136], [27.5811336, 53.88751], [27.5809968, 53.8875538]]]}}, {"type": "Feature", "properties": {"name": "\u041c\u044d\u043c\u0430\u0440\u044b\u044f\u043b\u044c\u043d\u044b \u043a\u043e\u043c\u043f\u043b\u0435\u043a\u0441 \u0428\u0442\u0430\u043b\u0430\u0433-352", "kind": "park", "osm_id": 23585757, "area": 1.988669623642636e-06}, "geometry": {"type": "Polygon", "coordinates": [[[27.4798553, 53.9304975], [27.4803775, 53.930435], [27.4804194, 53.9304458], [27.4805109, 53.9304362], [27.4806269, 53.9304245], [27.4807168, 53.9304146], [27.4807287, 53.9304049], [27.4807415, 53.9303945], [27.4812644, 53.9303501], [27.4812939, 53.9303622], [27.4813212, 53.9304807], [27.4813317, 53.930574], [27.4813482, 53.9307231], [27.4815763, 53.9310665], [27.4816307, 53.9311223], [27.4816367, 53.931137], [27.4818912, 53.931763], [27.4817584, 53.9317785], [27.481734, 53.9317813], [27.4817084, 53.9317839], [27.480647, 53.9318914], [27.4805687, 53.9317024], [27.4803944, 53.9314885], [27.4801996, 53.9312496], [27.4801153, 53.9310655], [27.4798553, 53.9304975]]]}}, {"type": "Feature", "properties": {"name": "\u041f\u0440\u044b\u0441\u0430\u0434\u044b \u0421\u044f\u0431\u0440\u043e\u045e\u0441\u0442\u0432\u0430", "kind": "park", "osm_id": 99875677, "area": 1.9211195194657193e-06}, "geometry": {"type": "Polygon", "coordinates": [[[27.5604293, 53.9066532], [27.5613996, 53.9075462], [27.5612628, 53.907703], [27.5614026, 53.9078114], [27.5615925, 53.907682], [27.5629912, 53.9066916], [27.5626975, 53.9065792], [27.5622927, 53.9064404], [27.5619654, 53.9063632], [27.561741, 53.9063253], [27.5614587, 53.9063154], [27.5610899, 53.9063787], [27.5604293, 53.9066532]]]}}, {"type": "Feature", "properties": {"name": "\u0421\u043a\u0432\u0435\u0440 \u042f\u043a\u0443\u0431\u043e\u045e\u0441\u043a\u0430\u0433\u0430", "kind": "park", "osm_id": 25972122, "area": 1.912797301883984e-06}, "geometry": {"type": "Polygon", "coordinates": [[[27.453044, 53.9040953], [27.4530463, 53.9041462], [27.4530973, 53.9041825], [27.4531552, 53.9041987], [27.4539562, 53.9041581], [27.4540186, 53.9041335], [27.4540427, 53.9040909], [27.4540387, 53.9040498], [27.4539607, 53.9036473], [27.4539495, 53.9034272], [27.4531842, 53.9007169], [27.453159, 53.9007173], [27.4531375, 53.9016928], [27.453044, 53.9040953]]]}}, {"type": "Feature", "properties": {"name": "", "kind": "park", "osm_id": 9577335, "area": 1.8933669707621448e-06}, "geometry": {"type": "Polygon", "coordinates": [[[27.5710884, 53.9081434], [27.5711187, 53.9080968], [27.571135, 53.9080059], [27.5711055, 53.9076602], [27.5710954, 53.9076109], [27.5709649, 53.9071392], [27.5709874, 53.9071145], [27.5711459, 53.9069313], [27.5711765, 53.9068956], [27.5713156, 53.906968], [27.5712927, 53.9070116], [27.5713089, 53.9070568], [27.5722687, 53.9075478], [27.5722048, 53.9075917], [27.5722285, 53.9076605], [27.5718677, 53.9078632], [27.5715922, 53.908035], [27.5713163, 53.9082376], [27.5712477, 53.9082863], [27.5704807, 53.9088311], [27.5703617, 53.9089093], [27.5697977, 53.9093029], [27.569115, 53.9097267], [27.5685822, 53.9100628], [27.5684912, 53.9101124], [27.5683914, 53.9101233], [27.568334, 53.9096605], [27.5683173, 53.9095279], [27.5682605, 53.9095004], [27.5682435, 53.9093757], [27.568287, 53.9093611], [27.5683179, 53.9093454], [27.5683457, 53.909324], [27.5685615, 53.9093353], [27.568877, 53.9093322], [27.5692453, 53.9092696], [27.5695842, 53.9091666], [27.5698496, 53.9090546], [27.5703799, 53.9086999], [27.5709206, 53.908324], [27.5710884, 53.9081434]]]}}, {"type": "Feature", "properties": {"name": "", "kind": "recreation_ground", "osm_id": 548915788, "area": 1.8689046328290715e-06}, "geometry": {"type": "Polygon", "coordinates": [[[27.4432395, 53.9136986], [27.4432309, 53.9136099], [27.4432361, 53.9135192], [27.4432752, 53.9134286], [27.4433196, 53.9133963], [27.4434344, 53.913361], [27.4436509, 53.9133456], [27.4438985, 53.9133322], [27.4456427, 53.913261], [27.4457339, 53.9132578], [27.4458842, 53.9138913], [27.4458225, 53.913953], [27.4445028, 53.9140225], [27.4443902, 53.9140888], [27.4439931, 53.9141025], [27.4433361, 53.9141252], [27.4432395, 53.9136986]]]}}, {"type": "Feature", "properties": {"name": "\u0421\u043a\u0432\u0435\u0440 \u0456\u043c\u044f \u0416\u0443\u043a\u0430\u0432\u0430", "kind": "park", "osm_id": 256756113, "area": 1.8583219798529171e-06}, "geometry": {"type": "Polygon", "coordinates": [[[27.5122701, 53.8773], [27.5122268, 53.8771974], [27.513034, 53.8764408], [27.5130628, 53.8764297], [27.5131023, 53.8764144], [27.5131545, 53.8764071], [27.5132202, 53.8764144], [27.5132852, 53.8764304], [27.5133076, 53.8764461], [27.5132474, 53.8764877], [27.5143348, 53.8772035], [27.514873, 53.8775577], [27.514919, 53.8775354], [27.5155216, 53.8779614], [27.5155008, 53.8779801], [27.5122701, 53.8773]]]}}, {"type": "Feature", "properties": {"name": "\u0421\u043a\u0432\u0435\u0440 \u0415\u0444\u0440\u0430\u0441\u0456\u043d\u043d\u0456 \u041f\u043e\u043b\u0430\u0446\u043a\u0430\u0439", "kind": "park", "osm_id": 503424089, "area": 1.8369981944488245e-06}, "geometry": {"type": "Polygon", "coordinates": [[[27.4734691, 53.9061431], [27.4737773, 53.9060392], [27.4744195, 53.9061742], [27.4752657, 53.9063369], [27.4753903, 53.9063608], [27.4754338, 53.9061372], [27.4754318, 53.9052695], [27.4741487, 53.905217], [27.4735713, 53.9051774], [27.4734691, 53.9061431]]]}}, {"type": "Feature", "properties": {"name": "\u0421\u0446\u044f\u043f\u0430\u043d\u0430\u045e\u0441\u043a\u0456 \u0441\u0430\u0434", "kind": "park", "osm_id": 30182591, "area": 1.8127798284695018e-06}, "geometry": {"type": "Polygon", "coordinates": [[[27.5592925, 53.9154521], [27.5586876, 53.9143816], [27.5571899, 53.9145715], [27.5573792, 53.9151926], [27.5573951, 53.9152446], [27.5574683, 53.9156072], [27.5592925, 53.9154521]]]}}, {"type": "Feature", "properties": {"name": "\u041b\u044e\u0442\u044d\u0440\u0430\u043d\u0441\u043a\u0456 \u0441\u043a\u0432\u0435\u0440", "kind": "park", "osm_id": 36129498, "area": 1.7964338212550501e-06}, "geometry": {"type": "Polygon", "coordinates": [[[27.5266525, 53.8961864], [27.5256444, 53.8973784], [27.5256131, 53.8974259], [27.5252869, 53.8978009], [27.5252953, 53.8978492], [27.5253446, 53.8978541], [27.5254684, 53.8977261], [27.525912, 53.8978751], [27.5259809, 53.8978445], [27.5262473, 53.8979311], [27.5265498, 53.8977099], [27.5271769, 53.8969854], [27.5276225, 53.8964951], [27.527532, 53.8964618], [27.5266525, 53.8961864]]]}}, {"type": "Feature", "properties": {"name": "", "kind": "park", "osm_id": 554108106, "area": 1.7886796968014096e-06}, "geometry": {"type": "Polygon", "coordinates": [[[27.5730313, 53.9520008], [27.5730619, 53.9521028], [27.573123, 53.9521297], [27.5731378, 53.9521777], [27.5730989, 53.9522134], [27.5729609, 53.9522581], [27.5727165, 53.9523356], [27.5725806, 53.9523825], [27.5723973, 53.9524626], [27.5720187, 53.9525876], [27.5717805, 53.9526034], [27.5719572, 53.9526298], [27.5724272, 53.9526293], [27.5728939, 53.9526465], [27.573186, 53.952665], [27.5735109, 53.9526569], [27.5738133, 53.9526259], [27.5740832, 53.9525765], [27.5742615, 53.9525256], [27.5744439, 53.9524794], [27.5747062, 53.9523889], [27.5751008, 53.9522527], [27.5751106, 53.9522493], [27.5754358, 53.9521507], [27.5759654, 53.9520018], [27.5761006, 53.9519727], [27.5762921, 53.9519358], [27.5765505, 53.9519069], [27.5767745, 53.9519159], [27.5769813, 53.9519438], [27.5772421, 53.9519988], [27.5774619, 53.9520196], [27.5771873, 53.9519186], [27.5768869, 53.9517419], [27.5766003, 53.9516535], [27.575886, 53.9518914], [27.5757101, 53.9519247], [27.5730313, 53.9520008]]]}}, {"type": "Feature", "properties": {"name": "", "kind": "park", "osm_id": 715431693, "area": 1.7708664472593227e-06}, "geometry": {"type": "Polygon", "coordinates": [[[27.5800663, 53.8985385], [27.5801253, 53.8984816], [27.5809675, 53.8986349], [27.5828907, 53.8992149], [27.5830248, 53.8993018], [27.5848621, 53.8998739], [27.584728, 53.9000335], [27.5828907, 53.8994488], [27.5825554, 53.8998439], [27.5807396, 53.8991928], [27.581048, 53.8988482], [27.5800663, 53.8985385]]]}}, {"type": "Feature", "properties": {"name": "\u041a\u0430\u043b\u044c\u0432\u0430\u0440\u044b\u0439\u0441\u043a\u0456 \u0441\u043a\u0432\u0435\u0440", "kind": "park", "osm_id": 34482472, "area": 1.7561402501087287e-06}, "geometry": {"type": "Polygon", "coordinates": [[[27.5067649, 53.9097051], [27.5068096, 53.9097265], [27.5067954, 53.9097642], [27.5073051, 53.9096119], [27.5075657, 53.9095097], [27.5086966, 53.9090451], [27.5097925, 53.9085785], [27.5097332, 53.9084961], [27.509048, 53.9085526], [27.5090002, 53.9085829], [27.5085325, 53.9086294], [27.5081223, 53.9086645], [27.507654, 53.9087123], [27.5076192, 53.9087375], [27.5076195, 53.9087585], [27.5070695, 53.9088231], [27.5068998, 53.9087946], [27.506784, 53.9087731], [27.5066915, 53.9088087], [27.5065642, 53.9088748], [27.5066304, 53.9093291], [27.5068203, 53.9096168], [27.5067649, 53.9097051]]]}}, {"type": "Feature", "properties": {"name": "\u041c\u0430\u0437\u044b\u0440\u0441\u043a\u0456 \u0441\u043a\u0432\u0435\u0440", "kind": "park", "osm_id": 101783526, "area": 1.7322836356470361e-06}, "geometry": {"type": "Polygon", "coordinates": [[[27.550496, 53.9396734], [27.5505376, 53.9391355], [27.5505234, 53.9379787], [27.5505229, 53.9379419], [27.5494605, 53.9379499], [27.549462, 53.9394663], [27.5501716, 53.9396084], [27.550496, 53.9396734]]]}}, {"type": "Feature", "properties": {"name": "", "kind": "park", "osm_id": 8410919, "area": 1.7121901692007668e-06}, "geometry": {"type": "MultiPolygon", "coordinates": [[[[27.5356767, 53.872525], [27.537073, 53.8725839], [27.5370323, 53.8720306], [27.5361507, 53.8719821], [27.5361305, 53.8720623], [27.5360985, 53.8721143], [27.5360689, 53.8721571], [27.5360402, 53.8721892], [27.5359737, 53.8722435], [27.5359082, 53.8722909], [27.5357883, 53.8723489], [27.5357218, 53.8723829], [27.5356952, 53.8724045], [27.5356781, 53.8724247], [27.5356703, 53.8724487], [27.5356703, 53.8724836], [27.5356767, 53.872525]]], [[[27.5343483, 53.8718143], [27.5342663, 53.8717492], [27.5340933, 53.871682], [27.5339123, 53.8715801], [27.5333356, 53.871579], [27.5330834, 53.871988], [27.5329321, 53.8723683], [27.5329221, 53.872383], [27.5338998, 53.8724312], [27.5345277, 53.8724587], [27.534646, 53.8724515], [27.5346705, 53.8724151], [27.5346694, 53.8723505], [27.5346044, 53.8722862], [27.5344849, 53.8722015], [27.5344068, 53.8720942], [27.5343668, 53.8719809], [27.5343483, 53.8718143]]]]}}, {"type": "Feature", "properties": {"name": "", "kind": "park", "osm_id": 9576974, "area": 1.6882174804777605e-06}, "geometry": {"type": "MultiPolygon", "coordinates": [[[[27.5750849, 53.9240706], [27.5755385, 53.9242118], [27.5746162, 53.9252069], [27.5742512, 53.9255262], [27.573951, 53.9257118], [27.5736638, 53.9258276], [27.5736011, 53.9257653], [27.5739057, 53.9256533], [27.5742015, 53.9254638], [27.5744046, 53.9253061], [27.5745601, 53.9251573], [27.5747761, 53.9249068], [27.5749013, 53.9245838], [27.5749834, 53.9242048], [27.5750849, 53.9240706]]], [[[27.5771697, 53.9224076], [27.5755466, 53.9241583], [27.5751632, 53.9240286], [27.5751286, 53.9239854], [27.57512, 53.9238976], [27.5751675, 53.9236712], [27.575269, 53.9235008], [27.5753857, 53.9233558], [27.5755779, 53.9231676], [27.5757528, 53.9230671], [27.5759861, 53.9229476], [27.5760898, 53.9228763], [27.5761913, 53.9227886], [27.5763036, 53.9226805], [27.576377, 53.92258], [27.5764505, 53.9224782], [27.5765757, 53.9222188], [27.5771697, 53.9224076]]]]}}, {"type": "Feature", "properties": {"name": "", "kind": "park", "osm_id": 178179368, "area": 1.6773183233453892e-06}, "geometry": {"type": "Polygon", "coordinates": [[[27.6240617, 53.9170454], [27.6254943, 53.9175834], [27.6246048, 53.9184176], [27.6231648, 53.9178745], [27.6240617, 53.9170454]]]}}, {"type": "Feature", "properties": {"name": "\u0421\u043a\u0432\u0435\u0440 \u0456\u043c\u044f \u0412\u0430\u0441\u0456\u043b\u044f \u0426\u0432\u044f\u0442\u043a\u043e\u0432\u0430", "kind": "park", "osm_id": 602166021, "area": 1.6467705563627533e-06}, "geometry": {"type": "Polygon", "coordinates": [[[27.5069573, 53.8451041], [27.5067441, 53.844771], [27.5070673, 53.844199], [27.5103195, 53.8440946], [27.5101653, 53.8444332], [27.5096878, 53.8445281], [27.5095012, 53.8442073], [27.5083601, 53.8444569], [27.5085345, 53.8447591], [27.5069573, 53.8451041]]]}}, {"type": "Feature", "properties": {"name": "\u0423\u0447\u0430\u0441\u0442\u0430\u043a \u043b\u0435\u043a\u0430\u0432\u044b\u0445 \u0456 \u0440\u044d\u0437\u043a\u0430-\u0430\u0440\u0430\u043c\u0430\u0442\u044b\u0447\u043d\u044b\u0445 \u0440\u0430\u0441\u043b\u0456\u043d", "kind": "garden", "osm_id": 986263858, "area": 1.5822301975276787e-06}, "geometry": {"type": "Polygon", "coordinates": [[[27.607339, 53.913657], [27.6086399, 53.9126586], [27.6088598, 53.9127423], [27.6086104, 53.9129761], [27.608259, 53.9132289], [27.6090905, 53.9136191], [27.6097436, 53.9139485], [27.6090234, 53.9144059], [27.607339, 53.913657]]]}}, {"type": "Feature", "properties": {"name": "\u041f\u044f\u0440\u044d\u0441\u043f\u0456\u043d\u0441\u043a\u0456 \u0441\u043a\u0432\u0435\u0440", "kind": "park", "osm_id": 654207173, "area": 1.5284924756997498e-06}, "geometry": {"type": "Polygon", "coordinates": [[[27.5525212, 53.919281], [27.5526499, 53.9192936], [27.5528001, 53.9190693], [27.5531113, 53.9189556], [27.554903, 53.9189303], [27.5552731, 53.918112], [27.5537711, 53.9181847], [27.5533634, 53.9183395], [27.5525212, 53.919281]]]}}, {"type": "Feature", "properties": {"name": "", "kind": "park", "osm_id": 653310647, "area": 1.5133045963011682e-06}, "geometry": {"type": "Polygon", "coordinates": [[[27.4295454, 53.9018909], [27.4291025, 53.9019094], [27.4290802, 53.9020038], [27.4295206, 53.9020769], [27.4296911, 53.9022143], [27.430462, 53.9022266], [27.4311982, 53.902383], [27.4312831, 53.9022474], [27.4311203, 53.9012007], [27.4302426, 53.901259], [27.4302532, 53.9015176], [27.4302016, 53.901517], [27.4297648, 53.9015322], [27.4296976, 53.9015843], [27.4296956, 53.9016187], [27.4296869, 53.9017657], [27.4295454, 53.9018909]]]}}, {"type": "Feature", "properties": {"name": "", "kind": "park", "osm_id": 653247011, "area": 1.4520690001518233e-06}, "geometry": {"type": "Polygon", "coordinates": [[[27.4998547, 53.9090867], [27.4995887, 53.9090684], [27.4994364, 53.9090577], [27.4994165, 53.9091566], [27.4991866, 53.9091405], [27.4988653, 53.9091104], [27.4988484, 53.9091912], [27.4988129, 53.9091886], [27.4988071, 53.9092153], [27.4987717, 53.9092127], [27.498767, 53.9092345], [27.4985977, 53.9092218], [27.4986023, 53.9092005], [27.4985553, 53.909197], [27.4985442, 53.9092475], [27.4985029, 53.9092444], [27.498498, 53.9092666], [27.498454, 53.9092632], [27.4984498, 53.909282], [27.4983207, 53.9092721], [27.4983244, 53.909255], [27.4982736, 53.9092512], [27.4982773, 53.9092342], [27.4981927, 53.9092278], [27.4981891, 53.9092443], [27.4981396, 53.9092407], [27.4981363, 53.9092563], [27.498014, 53.9092474], [27.4980178, 53.909229], [27.4979722, 53.9092257], [27.4979755, 53.9092099], [27.4978703, 53.9092024], [27.4978675, 53.9092161], [27.4978284, 53.9092133], [27.4978237, 53.9092366], [27.4976934, 53.9092275], [27.4976965, 53.9092123], [27.4976469, 53.9092088], [27.4976504, 53.909191], [27.4975671, 53.9091852], [27.4975642, 53.9091994], [27.4975162, 53.9091961], [27.4975119, 53.9092179], [27.4973739, 53.9092083], [27.4973789, 53.9091831], [27.4972671, 53.9091753], [27.4972794, 53.9091146], [27.4972546, 53.9091129], [27.4972656, 53.9090593], [27.4972392, 53.9090574], [27.4972706, 53.9089059], [27.4972983, 53.9089079], [27.4973129, 53.9088381], [27.4970851, 53.9087872], [27.4968609, 53.9087822], [27.4968695, 53.9086494], [27.4966684, 53.9085772], [27.4965898, 53.9085148], [27.4963908, 53.9085055], [27.4962668, 53.9084992], [27.4961521, 53.9087029], [27.496102, 53.9087205], [27.4960883, 53.9088661], [27.4961544, 53.9088947], [27.4961522, 53.9090131], [27.4961767, 53.9090477], [27.4962577, 53.9090601], [27.4964203, 53.9091216], [27.4966842, 53.9092373], [27.4967478, 53.9092701], [27.4969437, 53.9092952], [27.497067, 53.9093947], [27.4972689, 53.9094061], [27.4988779, 53.9095141], [27.4996771, 53.9095658], [27.4997592, 53.9095204], [27.4998547, 53.9090867]]]}}, {"type": "Feature", "properties": {"name": "\u0411\u0443\u043b\u044c\u0432\u0430\u0440 \u0428\u0430\u045e\u0447\u044d\u043d\u043a\u0456", "kind": "park", "osm_id": 9577334, "area": 1.4452273262577364e-06}, "geometry": {"type": "MultiPolygon", "coordinates": [[[[27.5558503, 53.925946], [27.5561196, 53.925945], [27.5560486, 53.9242405], [27.5560293, 53.9234698], [27.556026, 53.9234381], [27.5560121, 53.9234107], [27.5559789, 53.9233874], [27.555946, 53.9233738], [27.5558961, 53.9233686], [27.5558617, 53.9233689], [27.5558295, 53.9233764], [27.5558019, 53.9233905], [27.5557841, 53.9234049], [27.5557681, 53.9234255], [27.5557594, 53.9234424], [27.5557539, 53.9234675], [27.5557511, 53.9234886], [27.5557498, 53.9235141], [27.5558503, 53.925946]]], [[[27.55597, 53.9287931], [27.5559318, 53.9279985], [27.5558627, 53.9261567], [27.5561256, 53.9261547], [27.5562057, 53.9280005], [27.5562426, 53.9287986], [27.5562437, 53.928874], [27.5562207, 53.9289268], [27.5561646, 53.9289583], [27.5561107, 53.9289644], [27.5560413, 53.9289576], [27.556003, 53.9289314], [27.5559831, 53.9288936], [27.5559745, 53.9288621], [27.55597, 53.9287931]]]]}}, {"type": "Feature", "properties": {"name": "", "kind": "park", "osm_id": 101784050, "area": 1.4352132211570279e-06}, "geometry": {"type": "Polygon", "coordinates": [[[27.5804787, 53.9460334], [27.5811337, 53.9459961], [27.5818311, 53.9459582], [27.5815951, 53.94491], [27.5815092, 53.9448469], [27.5805645, 53.9449131], [27.580372, 53.9449353], [27.5803551, 53.9450385], [27.5804088, 53.9452785], [27.580441, 53.9455849], [27.5804787, 53.9460334]]]}}, {"type": "Feature", "properties": {"name": "\u0421\u043a\u0432\u0435\u0440 \u0421\u0435\u043d\u0430\u0436\u0430\u043d\u044b", "kind": "park", "osm_id": 46387750, "area": 1.4281381481850985e-06}, "geometry": {"type": "Polygon", "coordinates": [[[27.5550238, 53.8776462], [27.5555953, 53.8776219], [27.5559326, 53.877607], [27.5559843, 53.8776047], [27.5560793, 53.8776005], [27.5562008, 53.8789837], [27.5551909, 53.8790181], [27.5550238, 53.8776462]]]}}, {"type": "Feature", "properties": {"name": "", "kind": "park", "osm_id": 653246662, "area": 1.4178913261275738e-06}, "geometry": {"type": "Polygon", "coordinates": [[[27.5010914, 53.9096635], [27.5022822, 53.9097609], [27.5014511, 53.908555], [27.5011735, 53.9083564], [27.5008446, 53.9082401], [27.5008001, 53.9082317], [27.500441, 53.908762], [27.5003495, 53.9088302], [27.5006249, 53.9089013], [27.5006735, 53.9089424], [27.5010914, 53.9096635]]]}}, {"type": "Feature", "properties": {"name": "", "kind": "park", "osm_id": 602166015, "area": 1.4069316875975346e-06}, "geometry": {"type": "Polygon", "coordinates": [[[27.5293156, 53.8648223], [27.5295871, 53.8648861], [27.5298527, 53.8648544], [27.5308129, 53.864217], [27.5300056, 53.8638928], [27.5289579, 53.8639162], [27.5284321, 53.8639356], [27.5293156, 53.8648223]]]}}, {"type": "Feature", "properties": {"name": "", "kind": "park", "osm_id": 101784051, "area": 1.379043169436045e-06}, "geometry": {"type": "Polygon", "coordinates": [[[27.5766334, 53.9404803], [27.5767626, 53.9404756], [27.5767802, 53.9405327], [27.5767946, 53.9405944], [27.5769037, 53.9410521], [27.5770434, 53.9416288], [27.5771428, 53.9420958], [27.5771737, 53.9422348], [27.5772639, 53.94272], [27.5772798, 53.9428312], [27.5773056, 53.9430438], [27.5773921, 53.943632], [27.5775388, 53.9444072], [27.5776495, 53.9449502], [27.5773188, 53.9449727], [27.5772171, 53.9444262], [27.5770672, 53.9436546], [27.5769898, 53.9431573], [27.5769485, 53.9428457], [27.57686, 53.94225], [27.5766329, 53.9410681], [27.5765954, 53.940684], [27.5765955, 53.9406153], [27.5766063, 53.9405561], [27.5766334, 53.9404803]]]}}, {"type": "Feature", "properties": {"name": "\u041c\u0456\u043d\u0441\u043a\u0456\u044f \u0431\u0440\u0430\u0446\u043a\u0456\u044f \u0432\u0430\u0439\u0441\u043a\u043e\u0432\u044b\u044f \u043c\u043e\u0433\u0456\u043b\u043a\u0456 1914-1918 \u0433\u0433.", "kind": "park", "osm_id": 42466290, "area": 1.3576380979429814e-06}, "geometry": {"type": "Polygon", "coordinates": [[[27.5481106, 53.9233931], [27.5496406, 53.9239805], [27.5500895, 53.9242169], [27.5501939, 53.9235977], [27.5502684, 53.9233394], [27.5495152, 53.923167], [27.549455, 53.9231538], [27.5494057, 53.923143], [27.5485558, 53.9229396], [27.5483507, 53.9231422], [27.5483247, 53.9231679], [27.5482966, 53.9232044], [27.5481106, 53.9233931]]]}}, {"type": "Feature", "properties": {"name": "", "kind": "park", "osm_id": 653338120, "area": 1.3560216984842555e-06}, "geometry": {"type": "Polygon", "coordinates": [[[27.5056861, 53.8979555], [27.5059141, 53.8977858], [27.5074115, 53.8983713], [27.5064032, 53.8997171], [27.5060558, 53.899632], [27.5064117, 53.8986281], [27.5056861, 53.8979555]]]}}, {"type": "Feature", "properties": {"name": "", "kind": "park", "osm_id": 653303653, "area": 1.3184408089728095e-06}, "geometry": {"type": "Polygon", "coordinates": [[[27.503774, 53.9149486], [27.5038387, 53.9145729], [27.504076, 53.914582], [27.504146, 53.9140909], [27.5045236, 53.9141204], [27.5046664, 53.9135855], [27.5048787, 53.9135933], [27.504887, 53.9136517], [27.5051731, 53.9137657], [27.5051406, 53.913793], [27.5052177, 53.9138248], [27.505448, 53.9139199], [27.5054953, 53.9138801], [27.5056746, 53.9139603], [27.5042615, 53.9151726], [27.503774, 53.9149486]]]}}, {"type": "Feature", "properties": {"name": "\u041c\u0456\u0445\u0430\u0439\u043b\u0430\u045e\u0441\u043a\u0456 \u0441\u043a\u0432\u0435\u0440", "kind": "park", "osm_id": 244053458, "area": 1.2992620668228483e-06}, "geometry": {"type": "Polygon", "coordinates": [[[27.5507277, 53.8942557], [27.5523019, 53.8938741], [27.5524029, 53.8938812], [27.552653, 53.8942724], [27.5526582, 53.894306], [27.5526411, 53.8943384], [27.5525822, 53.8943807], [27.5524943, 53.8944449], [27.5517235, 53.8950438], [27.5516618, 53.8950673], [27.5511784, 53.8948188], [27.5511635, 53.894784], [27.5510853, 53.8947515], [27.5507277, 53.8942557]]]}}, {"type": "Feature", "properties": {"name": "", "kind": "garden", "osm_id": 387307839, "area": 1.2970072020834778e-06}, "geometry": {"type": "Polygon", "coordinates": [[[27.5028951, 53.9461577], [27.5027483, 53.946527], [27.5046604, 53.9467444], [27.5046146, 53.9468838], [27.5055875, 53.9469945], [27.5057694, 53.946452], [27.5028951, 53.9461577]]]}}, {"type": "Feature", "properties": {"name": "", "kind": "recreation_ground", "osm_id": 276072092, "area": 1.274676378670847e-06}, "geometry": {"type": "Polygon", "coordinates": [[[27.4704633, 53.8524693], [27.4703312, 53.852396], [27.469837, 53.8521197], [27.4697486, 53.8520781], [27.4698628, 53.8520122], [27.4703209, 53.8517414], [27.4704161, 53.851684], [27.4707749, 53.8514783], [27.4710647, 53.8512999], [27.4711666, 53.8516738], [27.4713355, 53.8518841], [27.4713668, 53.8519031], [27.471462, 53.8519161], [27.4715041, 53.8519334], [27.471532, 53.8519987], [27.4717014, 53.8525116], [27.4710618, 53.8525119], [27.470673, 53.8524575], [27.4704633, 53.8524693]]]}}, {"type": "Feature", "properties": {"name": "", "kind": "park", "osm_id": 607422995, "area": 1.269778636014962e-06}, "geometry": {"type": "Polygon", "coordinates": [[[27.6107667, 53.8632247], [27.6106298, 53.86339], [27.6099007, 53.8631965], [27.6097437, 53.8633762], [27.6097041, 53.8634243], [27.6096311, 53.8634039], [27.6079588, 53.8629747], [27.6075211, 53.8628451], [27.6075328, 53.8627519], [27.607786, 53.8624461], [27.6079455, 53.8624534], [27.6107667, 53.8632247]]]}}, {"type": "Feature", "properties": {"name": "", "kind": "park", "osm_id": 549356028, "area": 1.233848024639883e-06}, "geometry": {"type": "Polygon", "coordinates": [[[27.5985928, 53.8812228], [27.6001116, 53.8807756], [27.5996647, 53.8802259], [27.5988837, 53.8801032], [27.5984962, 53.8806557], [27.5980398, 53.8805616], [27.5985928, 53.8812228]]]}}, {"type": "Feature", "properties": {"name": "", "kind": "park", "osm_id": 1143706656, "area": 1.2313665820329334e-06}, "geometry": {"type": "Polygon", "coordinates": [[[27.5945165, 53.9225469], [27.594281, 53.9224461], [27.5952472, 53.9216829], [27.5957841, 53.921915], [27.595802, 53.921922], [27.5959423, 53.9219827], [27.5960656, 53.9220391], [27.5955366, 53.9224705], [27.5956513, 53.9225193], [27.5957433, 53.9225626], [27.5958692, 53.922623], [27.5958578, 53.922699], [27.5956385, 53.9228653], [27.5959807, 53.9230115], [27.5959166, 53.9230649], [27.5958485, 53.9231187], [27.5954999, 53.9229696], [27.5950409, 53.9227721], [27.5945165, 53.9225469]]]}}, {"type": "Feature", "properties": {"name": "", "kind": "park", "osm_id": 319099474, "area": 1.228488486049173e-06}, "geometry": {"type": "Polygon", "coordinates": [[[27.418475, 53.9103], [27.4183745, 53.9103656], [27.4181029, 53.9103606], [27.4180841, 53.910093], [27.4179799, 53.9098505], [27.417821, 53.9095815], [27.4178076, 53.9095425], [27.4178603, 53.9094896], [27.4184165, 53.9093605], [27.4184678, 53.9092945], [27.4191606, 53.9091255], [27.4196779, 53.9093737], [27.4197081, 53.9093847], [27.4197, 53.9094012], [27.418475, 53.9103]]]}}, {"type": "Feature", "properties": {"name": "", "kind": "park", "osm_id": 426295339, "area": 1.205493731504248e-06}, "geometry": {"type": "Polygon", "coordinates": [[[27.5064032, 53.8997171], [27.5061081, 53.8996406], [27.5064858, 53.8986299], [27.5057336, 53.8979392], [27.5059089, 53.8978017], [27.5073965, 53.8983973], [27.5064032, 53.8997171]]]}}, {"type": "Feature", "properties": {"name": "", "kind": "park", "osm_id": 99883885, "area": 1.190996613331663e-06}, "geometry": {"type": "Polygon", "coordinates": [[[27.5459028, 53.9291435], [27.5452911, 53.930554], [27.5460896, 53.9306832], [27.5466827, 53.9292727], [27.5459028, 53.9291435]]]}}, {"type": "Feature", "properties": {"name": "", "kind": "recreation_ground", "osm_id": 82464354, "area": 1.1739141427824507e-06}, "geometry": {"type": "Polygon", "coordinates": [[[27.6229318, 53.8733938], [27.6234691, 53.8732912], [27.6246941, 53.8730458], [27.6243334, 53.8724428], [27.622611, 53.8727885], [27.6229318, 53.8733938]]]}}, {"type": "Feature", "properties": {"name": "", "kind": "wood", "osm_id": 6386166, "area": 0.002119842569413777}, "geometry": {"type": "Polygon", "coordinates": [[[27.7904904, 53.8220795], [27.7915352, 53.8223331], [27.7932206, 53.8226256], [27.7935903, 53.8227831], [27.7939714, 53.8227559], [27.7953911, 53.8230023], [27.795676, 53.823288], [27.7962738, 53.8234209], [27.7960596, 53.8235696], [27.7969871, 53.82379], [27.7970285, 53.8234318], [27.7973631, 53.8231875], [27.8005914, 53.824414], [27.8014341, 53.8247592], [27.8018724, 53.8249621], [27.8020787, 53.8249841], [27.802253, 53.8249102], [27.8026629, 53.8250505], [27.802938, 53.8251831], [27.8033873, 53.8253802], [27.8037059, 53.8252929], [27.8066165, 53.8268644], [27.8073695, 53.8287511], [27.8073082, 53.8293337], [27.8077374, 53.829511], [27.8074799, 53.8298367], [27.8071059, 53.8297064], [27.806548, 53.8310452], [27.8066277, 53.831284], [27.8062203, 53.8323693], [27.8061974, 53.8324304], [27.8090861, 53.8331283], [27.8097597, 53.8352113], [27.8114479, 53.8352772], [27.8094808, 53.8353844], [27.8081688, 53.8354278], [27.8080155, 53.835189], [27.8045884, 53.834621], [27.8044707, 53.8347123], [27.8034051, 53.8368062], [27.8034871, 53.8368698], [27.8035879, 53.836948], [27.8091484, 53.8378706], [27.8094011, 53.8378083], [27.8098671, 53.8370196], [27.8103698, 53.8369907], [27.8107915, 53.836304], [27.811314, 53.8362671], [27.8113739, 53.8363293], [27.8112772, 53.8365746], [27.8111914, 53.8369871], [27.8112819, 53.8370493], [27.8124254, 53.8371315], [27.8130415, 53.837267], [27.8136745, 53.8373463], [27.8146435, 53.8371579], [27.8159323, 53.8372795], [27.8166448, 53.8360847], [27.8178977, 53.8362716], [27.8182344, 53.8362226], [27.818575, 53.8356312], [27.8186597, 53.8355852], [27.8196325, 53.8356686], [27.819882, 53.8355378], [27.8199731, 53.8352082], [27.8204405, 53.8351825], [27.820758, 53.8353133], [27.8212722, 53.8353438], [27.8213039, 53.835491], [27.8212286, 53.8358416], [27.8213435, 53.836059], [27.822262, 53.8362179], [27.822781, 53.8364444], [27.8235372, 53.8365039], [27.8246923, 53.8365243], [27.8252064, 53.8365833], [27.8250719, 53.8368014], [27.8247303, 53.8367948], [27.8246406, 53.8369468], [27.824776, 53.837166], [27.8275757, 53.8371385], [27.8292056, 53.8372046], [27.8294241, 53.8376475], [27.8307236, 53.837631], [27.8314263, 53.8377135], [27.8314573, 53.8379747], [27.8321351, 53.8379913], [27.8321001, 53.8384729], [27.8313901, 53.838454], [27.8311436, 53.8382689], [27.830886, 53.8383548], [27.8300402, 53.8383548], [27.830029, 53.8388241], [27.8297994, 53.8388208], [27.8296537, 53.8383945], [27.8272172, 53.8382127], [27.824327, 53.8379714], [27.8224641, 53.8379162], [27.8218977, 53.8408094], [27.8117661, 53.8406609], [27.8117188, 53.8397311], [27.8102975, 53.8396363], [27.808919, 53.8393272], [27.8078794, 53.8412022], [27.8074042, 53.8411032], [27.806178, 53.8422626], [27.805663, 53.8420925], [27.8064864, 53.8413231], [27.8024216, 53.8396519], [27.8029306, 53.8392337], [27.800173, 53.8381367], [27.7993468, 53.8377125], [27.7988884, 53.8375258], [27.7979968, 53.8382095], [27.7977659, 53.8382406], [27.7968077, 53.8390712], [27.7977779, 53.8394776], [27.7983913, 53.839092], [27.7990503, 53.8393452], [27.7987669, 53.8395512], [27.8035374, 53.8415182], [27.8026392, 53.8421093], [27.8052335, 53.842623], [27.8058404, 53.8428159], [27.8055556, 53.8430832], [27.8071713, 53.8434448], [27.8082227, 53.8432278], [27.8087906, 53.8429671], [27.8092445, 53.8423114], [27.8086332, 53.841534], [27.8093552, 53.8415147], [27.8098434, 53.8415691], [27.8101788, 53.8414012], [27.8108711, 53.8405994], [27.8111253, 53.8405043], [27.8114293, 53.8404989], [27.8116412, 53.8405641], [27.8116596, 53.8407761], [27.8115944, 53.8415343], [27.8157879, 53.8420515], [27.8218095, 53.8418928], [27.8220256, 53.8418651], [27.8227113, 53.8417771], [27.8249686, 53.8417374], [27.8259152, 53.8417837], [27.826954, 53.8418915], [27.8271082, 53.8423455], [27.8283196, 53.8423857], [27.8283909, 53.8427289], [27.8324049, 53.842278], [27.8325806, 53.8420415], [27.8329641, 53.8420336], [27.8332575, 53.8474915], [27.8333159, 53.8501107], [27.8323486, 53.8504944], [27.8315148, 53.8512683], [27.8318385, 53.8516151], [27.8307717, 53.8521359], [27.830085, 53.8525662], [27.8295969, 53.8528728], [27.8290942, 53.8531621], [27.8282726, 53.8535382], [27.8281255, 53.8535093], [27.8272059, 53.8543338], [27.8269583, 53.8543671], [27.8277209, 53.8532199], [27.8268258, 53.853003], [27.8267031, 53.8531766], [27.8261514, 53.8533791], [27.8253176, 53.8546158], [27.8247958, 53.8545297], [27.8238179, 53.8566917], [27.824194, 53.8567641], [27.824194, 53.8570556], [27.8257161, 53.8570953], [27.8250698, 53.8592436], [27.8269452, 53.8593825], [27.8272279, 53.858849], [27.8275641, 53.8588136], [27.8275389, 53.8590657], [27.8279757, 53.8591142], [27.8278408, 53.8593529], [27.82797, 53.85942], [27.8286273, 53.8594492], [27.8286768, 53.8590532], [27.8293093, 53.8589201], [27.8294824, 53.85922], [27.8301609, 53.8588198], [27.8304601, 53.8585505], [27.8306408, 53.8577326], [27.8300266, 53.857636], [27.82944, 53.8575902], [27.8280143, 53.8572919], [27.8278974, 53.8563117], [27.8280153, 53.8558193], [27.8286509, 53.8557106], [27.8309917, 53.855986], [27.8311503, 53.8557546], [27.8315427, 53.8556678], [27.8316168, 53.8558686], [27.8326755, 53.855946], [27.8329597, 53.8557227], [27.8337583, 53.8558394], [27.834018, 53.8555907], [27.8360294, 53.8556714], [27.8361091, 53.8554616], [27.8362128, 53.855493], [27.8376315, 53.8563609], [27.8361582, 53.8561957], [27.8360172, 53.8566549], [27.836992, 53.8566549], [27.8373046, 53.8565935], [27.8376664, 53.8566658], [27.8379385, 53.8565487], [27.8413136, 53.8586135], [27.8403265, 53.8591198], [27.8400822, 53.8596944], [27.8398878, 53.859653], [27.8398047, 53.8601393], [27.8393278, 53.8608961], [27.8394253, 53.861018], [27.8392932, 53.8614227], [27.8391718, 53.8615506], [27.8392537, 53.8619544], [27.8393638, 53.8620352], [27.8406699, 53.8621641], [27.8407188, 53.8623281], [27.8406575, 53.8628306], [27.8407128, 53.8629414], [27.8444967, 53.8633704], [27.8444969, 53.8636462], [27.844352, 53.8639889], [27.8437752, 53.8645797], [27.8435872, 53.8656552], [27.846563, 53.8659317], [27.8466562, 53.8660298], [27.8483833, 53.8660993], [27.848159, 53.8661765], [27.846719, 53.8662181], [27.8459387, 53.8663459], [27.8450249, 53.8664102], [27.8442045, 53.8662211], [27.8202574, 53.8636905], [27.814671, 53.8654792], [27.7974006, 53.8657577], [27.797208, 53.8655464], [27.7971211, 53.8653591], [27.7970362, 53.8652366], [27.7969644, 53.8650282], [27.7968832, 53.8648157], [27.7963387, 53.8638158], [27.7962296, 53.8638669], [27.7966441, 53.8650455], [27.7967761, 53.8652692], [27.7968177, 53.8654626], [27.7969244, 53.8656368], [27.7848458, 53.8656488], [27.7834671, 53.8656563], [27.7819594, 53.8656585], [27.7807914, 53.8656602], [27.7790856, 53.8656626], [27.7772392, 53.8656653], [27.7713643, 53.865623], [27.771703, 53.8654848], [27.7725621, 53.8631027], [27.773751, 53.859976], [27.7736325, 53.8598726], [27.7716688, 53.8566311], [27.7709553, 53.855485], [27.762225, 53.8515911], [27.7567911, 53.8488918], [27.7566791, 53.8487348], [27.7564605, 53.8487506], [27.7561024, 53.8486353], [27.7551182, 53.8480834], [27.7548712, 53.8477309], [27.7545889, 53.8477417], [27.7541524, 53.8474888], [27.7526289, 53.8467419], [27.7527857, 53.8465844], [27.7485599, 53.844428], [27.7470439, 53.8437671], [27.746241, 53.8433322], [27.7461083, 53.8430616], [27.7462228, 53.8427142], [27.7466959, 53.8424915], [27.7467955, 53.8421791], [27.7479404, 53.840355], [27.7485305, 53.8393041], [27.7491762, 53.8385709], [27.7494887, 53.8386166], [27.7484324, 53.8404026], [27.7512779, 53.8408846], [27.7522009, 53.8409919], [27.7531919, 53.8411466], [27.7533981, 53.8408074], [27.7539637, 53.8397732], [27.754822, 53.8399555], [27.7562016, 53.8377559], [27.7563029, 53.8375944], [27.7687814, 53.840265], [27.786819, 53.8398243], [27.7875532, 53.8398897], [27.7888872, 53.8401682], [27.7900098, 53.8406655], [27.7907552, 53.8411537], [27.7913212, 53.8417866], [27.7941955, 53.8465628], [27.7949077, 53.8477267], [27.7953124, 53.8482999], [27.7958179, 53.848782], [27.7964684, 53.8492752], [27.7972763, 53.84976], [27.7981657, 53.8501397], [27.8000081, 53.8508974], [27.8002768, 53.8513254], [27.7999958, 53.8520619], [27.7997139, 53.8524344], [27.7994318, 53.8527201], [27.7995697, 53.8560866], [27.7996464, 53.8582888], [27.7975436, 53.8589216], [27.7977581, 53.8592253], [27.7951452, 53.8600577], [27.7954504, 53.8603555], [27.7958584, 53.8610035], [27.795912, 53.8611114], [27.7958453, 53.8612136], [27.795639, 53.8613737], [27.7956336, 53.8615382], [27.7959277, 53.8615066], [27.7959557, 53.8622118], [27.7979298, 53.8620094], [27.7985735, 53.8625914], [27.7987093, 53.8624866], [27.7973199, 53.8601202], [27.7981299, 53.8598576], [27.7985483, 53.8604208], [27.7992082, 53.8603227], [27.7995944, 53.861895], [27.8015095, 53.8622651], [27.8037234, 53.8617816], [27.8037234, 53.8614526], [27.8043242, 53.8613766], [27.8053971, 53.8614273], [27.8068562, 53.8605667], [27.8072441, 53.8600601], [27.8065789, 53.8599905], [27.8058584, 53.8594436], [27.8054561, 53.8594816], [27.8043725, 53.8586653], [27.804755, 53.8585383], [27.8051717, 53.8585641], [27.8053826, 53.8584402], [27.8046638, 53.8582915], [27.8045458, 53.8577505], [27.8042936, 53.8575259], [27.8026414, 53.8579245], [27.8023554, 53.8576719], [27.8002043, 53.8581623], [27.7999039, 53.8556311], [27.8000326, 53.8525067], [27.8029621, 53.8534988], [27.8026678, 53.8538424], [27.8039219, 53.854272], [27.8047649, 53.853594], [27.8042374, 53.8531046], [27.8046727, 53.852479], [27.8065303, 53.853177], [27.8062115, 53.8535856], [27.8066958, 53.8537447], [27.8080717, 53.8539214], [27.8087362, 53.8533458], [27.8085338, 53.8528113], [27.8071741, 53.8524175], [27.806122, 53.8512374], [27.8065573, 53.8499716], [27.8056328, 53.8496939], [27.8045158, 53.8502682], [27.8025306, 53.8495225], [27.8014713, 53.8503326], [27.800716, 53.8500679], [27.8000305, 53.850543], [27.7983292, 53.8498619], [27.7973673, 53.8494037], [27.796685, 53.8488509], [27.7960956, 53.8483024], [27.7956478, 53.8477201], [27.7946278, 53.8460407], [27.7916759, 53.8413904], [27.7913163, 53.8409988], [27.7909127, 53.8406659], [27.7902905, 53.8402727], [27.7894795, 53.8399352], [27.7877953, 53.8396144], [27.7875054, 53.8395706], [27.7896855, 53.83952], [27.7900282, 53.8382387], [27.7904006, 53.8371208], [27.7913294, 53.8338176], [27.7913147, 53.8336101], [27.791099, 53.8334873], [27.7883127, 53.8327363], [27.7877629, 53.8327331], [27.7835057, 53.8309602], [27.7822783, 53.8304233], [27.7819289, 53.8230603], [27.78174, 53.8211047], [27.7817544, 53.8208358], [27.7818006, 53.8206901], [27.7820184, 53.8205875], [27.7822995, 53.8204443], [27.7825382, 53.8204269], [27.7884418, 53.8216919], [27.7904904, 53.8220795]]]}}, {"type": "Feature", "properties": {"name": "", "kind": "wood", "osm_id": 3818136, "area": 0.001503371895410055}, "geometry": {"type": "MultiPolygon", "coordinates": [[[[27.8375554, 53.9219491], [27.8283989, 53.9223741], [27.8272582, 53.9235914], [27.8271176, 53.9224336], [27.8143197, 53.9230276], [27.7985106, 53.9236437], [27.7915112, 53.923863], [27.7805716, 53.9243489], [27.7699084, 53.9247613], [27.7694839, 53.9246797], [27.7658953, 53.9246442], [27.7649403, 53.924667], [27.763465, 53.9245185], [27.7634007, 53.9245786], [27.7634172, 53.9249228], [27.7625848, 53.9249435], [27.7622661, 53.9249845], [27.7622597, 53.925046], [27.7640746, 53.9262076], [27.7650241, 53.9268402], [27.765985, 53.9274483], [27.7667158, 53.927932], [27.7673562, 53.9283203], [27.7679208, 53.9286834], [27.7682453, 53.9289056], [27.7685481, 53.9290246], [27.7687734, 53.9290795], [27.7691053, 53.9291419], [27.7700117, 53.9292232], [27.7709636, 53.9293154], [27.7727242, 53.9296347], [27.774095, 53.9298851], [27.7750346, 53.9300566], [27.7751995, 53.9300953], [27.7753243, 53.9301266], [27.7814287, 53.9314909], [27.7816892, 53.9312659], [27.7818297, 53.9315892], [27.783869, 53.9319699], [27.7864219, 53.9325283], [27.7871126, 53.9326825], [27.7879384, 53.9324831], [27.7882789, 53.9326709], [27.7882223, 53.9330734], [27.7899887, 53.9335123], [27.7907419, 53.9336781], [27.7915711, 53.9324966], [27.7921007, 53.9323934], [27.7950131, 53.9329071], [27.7943005, 53.9340189], [27.7942399, 53.9341379], [27.7948614, 53.9343881], [27.796009, 53.9345742], [27.796872, 53.9347439], [27.7981045, 53.9349442], [27.7986982, 53.9349568], [27.7991747, 53.9349001], [27.7997017, 53.9348184], [27.8001227, 53.9346991], [27.8005403, 53.934578], [27.8006066, 53.9345703], [27.7996786, 53.9339365], [27.7996352, 53.9339523], [27.7986817, 53.9343337], [27.7981643, 53.9345407], [27.7979105, 53.9343125], [27.7974361, 53.9338858], [27.798932, 53.933352], [27.7990372, 53.9333118], [27.7996058, 53.9337911], [27.7997691, 53.9338961], [27.800737, 53.9345295], [27.8010479, 53.9344529], [27.8025728, 53.9340769], [27.8035282, 53.9337957], [27.8055617, 53.9332377], [27.8076202, 53.9327033], [27.8094928, 53.9322114], [27.8144921, 53.9309313], [27.8146224, 53.9307835], [27.8149127, 53.9306653], [27.8168084, 53.9305438], [27.8173603, 53.9305391], [27.8192187, 53.9306185], [27.8196489, 53.9305971], [27.8267514, 53.9286335], [27.8302498, 53.9272154], [27.8303296, 53.9257953], [27.8312118, 53.9257806], [27.8311524, 53.9267339], [27.8331093, 53.9259285], [27.8400341, 53.9247251], [27.8402332, 53.9245088], [27.8396693, 53.9237667], [27.8394478, 53.9232992], [27.8378026, 53.9222585], [27.8377019, 53.9221325], [27.8375554, 53.9219491]]], [[[27.80797, 53.9065921], [27.8069559, 53.9062789], [27.8070173, 53.9067022], [27.8066516, 53.9071095], [27.8059769, 53.9069205], [27.804945, 53.9066443], [27.8012127, 53.9068017], [27.8012184, 53.9068482], [27.8008612, 53.906866], [27.8008803, 53.9069872], [27.8009215, 53.9073266], [27.8014963, 53.9084214], [27.800572, 53.908533], [27.7994571, 53.9085325], [27.7993495, 53.9076855], [27.7993418, 53.9075091], [27.7992717, 53.9074706], [27.7983752, 53.9070294], [27.7980104, 53.9071599], [27.797624, 53.9072652], [27.7976099, 53.9073814], [27.7973207, 53.9075916], [27.7967316, 53.9075798], [27.7964457, 53.9075806], [27.7961162, 53.9071921], [27.7960731, 53.9068373], [27.7958852, 53.9065596], [27.7958997, 53.9063623], [27.7957731, 53.9062388], [27.7958171, 53.90576], [27.7946229, 53.9054385], [27.7943447, 53.9050377], [27.7939366, 53.9045545], [27.7932621, 53.9045237], [27.7932554, 53.9047051], [27.7925613, 53.9047019], [27.7925523, 53.905143], [27.7931685, 53.9052554], [27.793512, 53.9054545], [27.7937737, 53.9058663], [27.7930157, 53.9067305], [27.7920911, 53.9062917], [27.7917865, 53.9067527], [27.7915075, 53.9069912], [27.7913171, 53.9071002], [27.7911296, 53.9070618], [27.7907124, 53.9065543], [27.7902168, 53.9066607], [27.7906466, 53.9072962], [27.7908706, 53.9074165], [27.7895223, 53.9076155], [27.7882795, 53.9072528], [27.7881667, 53.9071132], [27.7877647, 53.9072864], [27.7873525, 53.9074199], [27.7870129, 53.9075392], [27.7860066, 53.9072043], [27.7859076, 53.9070117], [27.7865969, 53.9064343], [27.7864851, 53.9063728], [27.7861768, 53.9065004], [27.785365, 53.9067857], [27.7853387, 53.9068815], [27.7856929, 53.9072488], [27.7855798, 53.9072727], [27.7856175, 53.9073331], [27.7862684, 53.9083291], [27.7866417, 53.9086047], [27.7870994, 53.9086541], [27.7873073, 53.9088162], [27.7867444, 53.9091311], [27.7865326, 53.9089558], [27.7861718, 53.9086091], [27.7859056, 53.908441], [27.7859327, 53.9083447], [27.7857665, 53.9080715], [27.7856532, 53.9080708], [27.7855614, 53.9079579], [27.7854982, 53.9078656], [27.7856138, 53.9077879], [27.7855559, 53.9075738], [27.78553, 53.9073552], [27.7851213, 53.9074502], [27.7850472, 53.9074835], [27.7852316, 53.9079342], [27.7852786, 53.9084506], [27.7852929, 53.9086582], [27.7850037, 53.9093645], [27.7861014, 53.909556], [27.7865983, 53.9101359], [27.7877283, 53.9103361], [27.7868791, 53.9112717], [27.7860703, 53.911551], [27.7846692, 53.9110628], [27.7836885, 53.9107017], [27.7823535, 53.9115553], [27.7832076, 53.9123469], [27.779631, 53.9137674], [27.7786714, 53.9130239], [27.7785185, 53.9130703], [27.7778776, 53.913256], [27.7782992, 53.9142274], [27.7746933, 53.9147052], [27.7740008, 53.9141879], [27.7734804, 53.9143774], [27.7718711, 53.914883], [27.7718878, 53.9149137], [27.7719679, 53.9150609], [27.7737326, 53.9147737], [27.7739664, 53.9152718], [27.7739328, 53.9151657], [27.773949, 53.9150618], [27.7740182, 53.9149658], [27.7740931, 53.9149094], [27.7741866, 53.9148637], [27.7742789, 53.9148343], [27.7743788, 53.9148153], [27.7745673, 53.9148092], [27.77468, 53.9148236], [27.7747855, 53.9148509], [27.7748746, 53.9148876], [27.7749503, 53.9149336], [27.7750062, 53.9149831], [27.7750464, 53.9150377], [27.7750698, 53.9150961], [27.7750752, 53.9151561], [27.7750396, 53.9152617], [27.7749774, 53.9153328], [27.7749141, 53.9153787], [27.7748584, 53.9154083], [27.7749168, 53.9156136], [27.771452, 53.9161955], [27.7713685, 53.9160273], [27.7712099, 53.9159874], [27.7710787, 53.9159207], [27.7709875, 53.9158332], [27.7709458, 53.9157328], [27.7709587, 53.9156291], [27.7710257, 53.9155324], [27.7711001, 53.9154752], [27.7711937, 53.9154287], [27.7712867, 53.915399], [27.7713875, 53.9153799], [27.7715774, 53.9153746], [27.7716903, 53.9153898], [27.7717954, 53.9154181], [27.7718833, 53.9154557], [27.771957, 53.9155022], [27.7720108, 53.9155521], [27.7720486, 53.9156064], [27.7720697, 53.9156642], [27.7720724, 53.9157294], [27.7720353, 53.9158259], [27.7722069, 53.9157966], [27.7718721, 53.9150765], [27.7717997, 53.9149437], [27.7715484, 53.91503], [27.7698638, 53.9156444], [27.7691265, 53.9161051], [27.7688118, 53.916369], [27.7685766, 53.9167023], [27.7674427, 53.9191956], [27.7692869, 53.919499], [27.7694194, 53.9190162], [27.7704542, 53.9191619], [27.7706598, 53.9186496], [27.7708401, 53.918177], [27.7712561, 53.9175575], [27.7717853, 53.9171151], [27.7723834, 53.9167992], [27.7725951, 53.9167248], [27.7725926, 53.9165796], [27.7728104, 53.9165233], [27.7729263, 53.9166293], [27.7744151, 53.9163175], [27.7753726, 53.9163644], [27.7764247, 53.9165346], [27.7769404, 53.9166491], [27.7776983, 53.9168905], [27.7786355, 53.9174196], [27.7787497, 53.9176665], [27.7787589, 53.9179061], [27.7786422, 53.9180851], [27.7784058, 53.9182075], [27.7776472, 53.9184206], [27.7765683, 53.9187129], [27.7759055, 53.9188903], [27.7742078, 53.9193634], [27.7728703, 53.9198559], [27.7718999, 53.9202269], [27.7710047, 53.9205765], [27.7702767, 53.9208709], [27.7686628, 53.921498], [27.7676878, 53.9218667], [27.7670177, 53.9221624], [27.7644786, 53.9230423], [27.7626404, 53.9214112], [27.7616239, 53.9218819], [27.7617702, 53.9219895], [27.7624804, 53.9216806], [27.7643444, 53.923227], [27.7632199, 53.9236995], [27.7630506, 53.9238812], [27.7630761, 53.9239255], [27.7631418, 53.9239578], [27.7631882, 53.9239902], [27.7633786, 53.9242478], [27.7653838, 53.9243852], [27.767297, 53.9242693], [27.7701329, 53.9244207], [27.7806438, 53.9239804], [27.7908352, 53.9235962], [27.7984529, 53.9233029], [27.8025663, 53.9231665], [27.8242761, 53.9222473], [27.8341573, 53.9217987], [27.8374255, 53.9216215], [27.8380038, 53.9170919], [27.8384494, 53.9144088], [27.8384692, 53.9136563], [27.8383029, 53.9133921], [27.8355767, 53.9113279], [27.835363, 53.9112204], [27.8351589, 53.9113219], [27.8345096, 53.9108482], [27.8345327, 53.9106857], [27.8329678, 53.9104036], [27.8341688, 53.9124303], [27.8333066, 53.913387], [27.8311719, 53.9102692], [27.829878, 53.909913], [27.8300469, 53.9096163], [27.8299455, 53.9095548], [27.8270041, 53.908966], [27.8295407, 53.9034583], [27.8310326, 53.9022365], [27.8342208, 53.9016303], [27.8341106, 53.9014539], [27.8339961, 53.9012503], [27.8340516, 53.8997954], [27.8359874, 53.899183], [27.8361094, 53.8989462], [27.8361171, 53.8989313], [27.8361939, 53.8987823], [27.8363768, 53.8983145], [27.8365475, 53.8978782], [27.8367058, 53.8974733], [27.8374926, 53.8964283], [27.8370669, 53.8960229], [27.836338, 53.8962237], [27.8353403, 53.8957896], [27.83428, 53.8952971], [27.8337799, 53.8970433], [27.8333973, 53.8976738], [27.8333723, 53.898068], [27.8322336, 53.8987224], [27.8317128, 53.898936], [27.8307999, 53.8990619], [27.8315198, 53.8992781], [27.831876, 53.8995213], [27.8321427, 53.8997213], [27.8324392, 53.8998133], [27.8334838, 53.8999484], [27.8334554, 53.9003794], [27.8334091, 53.9007135], [27.8310989, 53.9007346], [27.8294225, 53.9006312], [27.8285561, 53.9021939], [27.8264433, 53.901986], [27.8256703, 53.9019738], [27.8247644, 53.9021273], [27.8250889, 53.9024771], [27.8252407, 53.9027651], [27.825283, 53.9036341], [27.8252186, 53.9049707], [27.8254026, 53.9050619], [27.8254154, 53.9052144], [27.8253236, 53.9057472], [27.825136, 53.9061213], [27.8226999, 53.9069276], [27.8204402, 53.9068913], [27.8187249, 53.9069343], [27.8171302, 53.9071013], [27.8162835, 53.9070862], [27.8154028, 53.9075007], [27.8150552, 53.9075732], [27.8143808, 53.9082707], [27.8139371, 53.9084375], [27.8131981, 53.9084481], [27.8121339, 53.9092147], [27.8117052, 53.9092115], [27.8087261, 53.9093734], [27.806432, 53.9088164], [27.80797, 53.9065921]]]]}}, {"type": "Feature", "properties": {"name": "", "kind": "wood", "osm_id": 547107340, "area": 0.0007581793680628834}, "geometry": {"type": "Polygon", "coordinates": [[[27.7392983, 53.9281416], [27.7369541, 53.9276267], [27.7371472, 53.9271529], [27.7369487, 53.9267865], [27.7372652, 53.9243164], [27.737276, 53.9238552], [27.7370238, 53.9228412], [27.7368146, 53.9225095], [27.7416533, 53.9213943], [27.7389386, 53.9176225], [27.7367028, 53.9182126], [27.7357694, 53.9184589], [27.7354824, 53.9184714], [27.735118, 53.9184761], [27.7349377, 53.9184596], [27.7348612, 53.9184457], [27.7348554, 53.9184385], [27.7347971, 53.918411], [27.7347039, 53.9182769], [27.7342611, 53.9177202], [27.7346512, 53.9173932], [27.7337965, 53.9161505], [27.7338447, 53.9158408], [27.7348986, 53.9155872], [27.7368844, 53.9150094], [27.7372082, 53.9151415], [27.7376415, 53.9147546], [27.7291703, 53.9035765], [27.728591, 53.9039052], [27.7283066, 53.9035449], [27.7282262, 53.9031656], [27.7279801, 53.9026265], [27.7275717, 53.902129], [27.7271587, 53.9017213], [27.72681, 53.9010734], [27.7267617, 53.90077], [27.725662, 53.8991264], [27.7249807, 53.8980707], [27.7236611, 53.8964207], [27.7234889, 53.8962434], [27.7233767, 53.8962026], [27.7111781, 53.8948623], [27.7040648, 53.8950204], [27.7035928, 53.8954692], [27.7035177, 53.8960066], [27.7036035, 53.8966009], [27.7036287, 53.8972258], [27.7044367, 53.8969903], [27.7048462, 53.896897], [27.7054223, 53.8968171], [27.7060514, 53.8968289], [27.7062128, 53.8968102], [27.706282, 53.896777], [27.706331, 53.8967594], [27.706382, 53.8967674], [27.7064016, 53.8967977], [27.706358, 53.8968398], [27.706349, 53.8968752], [27.706378, 53.8969072], [27.7064418, 53.8969387], [27.7065181, 53.8969506], [27.7067304, 53.8969584], [27.7069357, 53.8969536], [27.7072199, 53.896938], [27.7071719, 53.8966567], [27.7070823, 53.896103], [27.7083188, 53.8959039], [27.7089196, 53.8965361], [27.70863, 53.896781], [27.7072197, 53.89696], [27.7070314, 53.8970213], [27.7063984, 53.8970213], [27.706009, 53.8968936], [27.7054212, 53.8968704], [27.7048761, 53.8969357], [27.7044684, 53.8970254], [27.7036555, 53.8972656], [27.7031529, 53.8975934], [27.703228, 53.8983646], [27.7033889, 53.8988957], [27.7035928, 53.8994014], [27.7041507, 53.9004855], [27.7040403, 53.9005844], [27.7043006, 53.9009292], [27.7047443, 53.9016673], [27.7052849, 53.9023964], [27.7056256, 53.9027614], [27.7062814, 53.9033729], [27.7070443, 53.9039117], [27.7076577, 53.9043448], [27.7077262, 53.904463], [27.70771, 53.9047193], [27.707559, 53.9047729], [27.706327, 53.904968], [27.707262, 53.9066104], [27.7079487, 53.9078903], [27.709102, 53.9100201], [27.7109313, 53.9133032], [27.7118969, 53.9131989], [27.7119613, 53.9145038], [27.7119766, 53.9148634], [27.7119634, 53.9151607], [27.712161, 53.9156134], [27.7123431, 53.9158476], [27.7131551, 53.9173593], [27.7132352, 53.9175045], [27.7134391, 53.9178742], [27.7134953, 53.9179762], [27.7142519, 53.9193662], [27.7153462, 53.921745], [27.7157539, 53.9221241], [27.7167946, 53.9214165], [27.7169555, 53.9220135], [27.7167731, 53.9225727], [27.7167946, 53.922917], [27.7169931, 53.923514], [27.7173471, 53.924825], [27.717787, 53.9257789], [27.7182162, 53.9265623], [27.7184462, 53.9268368], [27.718896, 53.9267251], [27.7196519, 53.9265607], [27.7203495, 53.9264153], [27.7237389, 53.9257207], [27.7256651, 53.9252963], [27.7266118, 53.9250917], [27.7272324, 53.9252217], [27.7335778, 53.9266946], [27.7297057, 53.9326484], [27.7296746, 53.9327402], [27.7329908, 53.9332691], [27.7319715, 53.9349145], [27.731756, 53.9348846], [27.7315494, 53.9350046], [27.7315079, 53.9351609], [27.7311136, 53.9352517], [27.7310881, 53.9353133], [27.7317485, 53.9353583], [27.7319075, 53.9353867], [27.7318396, 53.9356551], [27.7348834, 53.9360499], [27.7355808, 53.934594], [27.7366751, 53.9329202], [27.7380216, 53.9302546], [27.7383757, 53.9298314], [27.7400869, 53.9283895], [27.7396524, 53.9282111], [27.7392983, 53.9281416]]]}}, {"type": "Feature", "properties": {"name": "", "kind": "wood", "osm_id": 7180487, "area": 0.000720138970109474}, "geometry": {"type": "Polygon", "coordinates": [[[27.4712032, 53.9930194], [27.4710917, 53.9930462], [27.4702035, 53.9931909], [27.4700048, 53.9931914], [27.4698248, 53.9931643], [27.4695864, 53.993062], [27.468962, 53.9927118], [27.4673475, 53.9918302], [27.4663133, 53.9912594], [27.4653403, 53.9907243], [27.4643482, 53.9902276], [27.4639082, 53.9900379], [27.463615, 53.9899419], [27.4633056, 53.9898714], [27.4620416, 53.9896666], [27.4613342, 53.9895088], [27.4607135, 53.9893256], [27.4597352, 53.9887981], [27.4596193, 53.9886571], [27.4588081, 53.9880469], [27.4585137, 53.9877084], [27.4585257, 53.9876576], [27.4585048, 53.9876178], [27.4590384, 53.9876346], [27.4605285, 53.9870095], [27.4607199, 53.9869162], [27.4608954, 53.9868307], [27.4610516, 53.9867193], [27.4611943, 53.98656], [27.4614474, 53.9862106], [27.4614665, 53.9861917], [27.4617685, 53.9858931], [27.4624742, 53.9854137], [27.463156, 53.9849791], [27.4644082, 53.9841581], [27.465286, 53.9835547], [27.4656372, 53.9832423], [27.4658607, 53.9829006], [27.4659806, 53.9826627], [27.4659958, 53.9824821], [27.4659094, 53.9823134], [27.465651, 53.9820932], [27.4652635, 53.9818168], [27.4649498, 53.9817025], [27.4645289, 53.9816325], [27.4640627, 53.9816052], [27.4632615, 53.9816181], [27.4627122, 53.981644], [27.4615129, 53.9815919], [27.4607025, 53.9815245], [27.4602073, 53.981476], [27.45965, 53.9814032], [27.4591177, 53.9812926], [27.457804, 53.9809072], [27.4554202, 53.9801512], [27.4547122, 53.9799266], [27.4542283, 53.9797731], [27.4536243, 53.9795694], [27.4533454, 53.9794439], [27.4532311, 53.9793924], [27.4530076, 53.9792796], [27.4528044, 53.9791317], [27.4526929, 53.9790068], [27.4526156, 53.9788979], [27.4524051, 53.9786018], [27.4523126, 53.9784821], [27.4522831, 53.9784643], [27.4522358, 53.9784571], [27.4521937, 53.978451], [27.4521536, 53.978442], [27.452122, 53.9784255], [27.4521077, 53.9784173], [27.4520963, 53.9784065], [27.4520838, 53.9783797], [27.4522059, 53.9783825], [27.4522201, 53.9783801], [27.45223, 53.9783738], [27.452237, 53.9783656], [27.4522394, 53.9783586], [27.4522399, 53.9783502], [27.4522381, 53.9783447], [27.4522354, 53.9783403], [27.452034, 53.9781231], [27.4520189, 53.9780959], [27.4520167, 53.9780683], [27.4520284, 53.9780379], [27.4520823, 53.9779996], [27.4538003, 53.9774452], [27.454704, 53.9771235], [27.4554029, 53.9768746], [27.4568073, 53.9763868], [27.4579568, 53.9759751], [27.4592305, 53.9753159], [27.4603179, 53.9745156], [27.4604698, 53.9744488], [27.4606964, 53.9744314], [27.4608751, 53.9743963], [27.4609678, 53.9743125], [27.4612599, 53.9738176], [27.4621999, 53.9714583], [27.4636927, 53.9680888], [27.4640435, 53.967297], [27.4653088, 53.9646631], [27.4655114, 53.9646472], [27.4656655, 53.9646655], [27.46584, 53.9647222], [27.4659528, 53.9649679], [27.4662025, 53.9650771], [27.4664643, 53.9651467], [27.4669104, 53.9651644], [27.4691588, 53.9657106], [27.4693246, 53.9659481], [27.4695571, 53.9660704], [27.4704878, 53.9663686], [27.470976, 53.9663085], [27.4729428, 53.9666184], [27.4742468, 53.9668094], [27.4767881, 53.9672193], [27.4793131, 53.9674604], [27.4806459, 53.9676029], [27.4813379, 53.9676361], [27.4818467, 53.9676122], [27.4868791, 53.9677441], [27.4867897, 53.9678355], [27.4876602, 53.9677684], [27.4897555, 53.9678107], [27.489749, 53.9680215], [27.4936335, 53.9682084], [27.4937139, 53.9682495], [27.4937819, 53.9683359], [27.4938753, 53.9683763], [27.494039, 53.9684038], [27.4941558, 53.9683917], [27.4942067, 53.9683571], [27.4942515, 53.9682427], [27.4943157, 53.9682245], [27.4944638, 53.9682356], [27.494611, 53.9682834], [27.4947979, 53.9683787], [27.4950779, 53.9687667], [27.4950004, 53.9690315], [27.494328, 53.968575], [27.4930076, 53.9691556], [27.4956129, 53.9707921], [27.4965954, 53.9704133], [27.4963282, 53.969908], [27.4956174, 53.9691417], [27.4955449, 53.9690074], [27.4956533, 53.9689631], [27.4955874, 53.9688356], [27.4956032, 53.9687884], [27.4956816, 53.9687642], [27.4957759, 53.96883], [27.4963031, 53.9694916], [27.4964303, 53.9696411], [27.4964829, 53.9697902], [27.4966216, 53.9700721], [27.4968718, 53.970334], [27.49722, 53.9706594], [27.4975582, 53.9710096], [27.4977746, 53.9713174], [27.4980093, 53.9718298], [27.4981343, 53.9722862], [27.4981264, 53.9725086], [27.4981692, 53.9730587], [27.4981152, 53.9734914], [27.4980362, 53.9737228], [27.4976688, 53.9740952], [27.4973725, 53.9750526], [27.4971613, 53.9754087], [27.4970154, 53.97563], [27.4967845, 53.9759801], [27.4965682, 53.9762482], [27.4956938, 53.977094], [27.4953338, 53.9774422], [27.4951097, 53.9776773], [27.494288, 53.9785392], [27.4940617, 53.9787458], [27.4938929, 53.9788929], [27.4936937, 53.9790414], [27.4934922, 53.9791718], [27.4931736, 53.9793572], [27.4926124, 53.9799183], [27.4907182, 53.9814787], [27.4899152, 53.9821413], [27.4894972, 53.9825066], [27.4893152, 53.9826195], [27.4890924, 53.9827092], [27.4889018, 53.9828242], [27.4870681, 53.9845505], [27.4869596, 53.9845853], [27.4868082, 53.9845885], [27.486471, 53.9845485], [27.4862999, 53.9845164], [27.4854855, 53.9854521], [27.4854419, 53.9856018], [27.4854815, 53.9857113], [27.4855378, 53.9859824], [27.4855012, 53.9860928], [27.4854413, 53.9862102], [27.4853436, 53.9863566], [27.4851605, 53.9864599], [27.4849542, 53.986675], [27.4847043, 53.9868679], [27.4844109, 53.987016], [27.4840078, 53.987216], [27.4837929, 53.9874519], [27.4832083, 53.9877842], [27.4827464, 53.9879325], [27.4824456, 53.9879879], [27.4822758, 53.9880569], [27.4822179, 53.9881497], [27.48216, 53.9882716], [27.4820584, 53.9883698], [27.4817761, 53.9885089], [27.4816691, 53.9885655], [27.4815428, 53.9885224], [27.4815321, 53.9884477], [27.4815702, 53.9883825], [27.4822802, 53.9878697], [27.4831697, 53.9872325], [27.4828506, 53.9869992], [27.4828141, 53.9869459], [27.4828164, 53.9868957], [27.4833842, 53.9862325], [27.4830392, 53.9858607], [27.4828904, 53.9858435], [27.4822493, 53.9860339], [27.4819091, 53.9860689], [27.4815197, 53.9860228], [27.4808436, 53.9857853], [27.4804089, 53.9861161], [27.4798785, 53.9863953], [27.4799886, 53.9864493], [27.4801164, 53.986522], [27.4804864, 53.9867324], [27.4804892, 53.986766], [27.4804212, 53.9868162], [27.4798323, 53.9870124], [27.4797232, 53.9870094], [27.4796467, 53.9869908], [27.479529, 53.9869087], [27.4794318, 53.9867179], [27.4787318, 53.9865232], [27.4786326, 53.9864808], [27.47861, 53.9864102], [27.4786499, 53.9863747], [27.479393, 53.9864118], [27.4796092, 53.9863352], [27.4801126, 53.9859645], [27.4801207, 53.9859118], [27.4799659, 53.9857659], [27.4797632, 53.9856572], [27.4797179, 53.9856245], [27.4797377, 53.9855332], [27.4797009, 53.9854961], [27.4793546, 53.9853695], [27.47934, 53.9853416], [27.480828, 53.983897], [27.4808154, 53.9838633], [27.480022, 53.983416], [27.4799683, 53.9834285], [27.4777789, 53.9856517], [27.477753, 53.9857694], [27.477801, 53.9859258], [27.4782987, 53.9866594], [27.4784614, 53.9870033], [27.47847, 53.9871354], [27.4784555, 53.987217], [27.4783785, 53.9873641], [27.4783797, 53.9874154], [27.4784157, 53.9874995], [27.4786817, 53.9878785], [27.47911, 53.9886645], [27.4794114, 53.9892176], [27.4794361, 53.9894363], [27.4794106, 53.9897149], [27.4793513, 53.9898369], [27.479367, 53.9899596], [27.47945, 53.9900495], [27.4797018, 53.990239], [27.4793219, 53.9904541], [27.4784531, 53.9908673], [27.4783109, 53.9909821], [27.4781567, 53.99106], [27.4768536, 53.9915003], [27.4768905, 53.9910681], [27.4772177, 53.9905536], [27.4765348, 53.9903986], [27.4763177, 53.9907453], [27.4764374, 53.9910047], [27.4768614, 53.9910629], [27.4768207, 53.9915065], [27.4764548, 53.9916274], [27.4761783, 53.9918632], [27.4750832, 53.9920872], [27.474915, 53.9921276], [27.4747957, 53.9920301], [27.4745268, 53.9918934], [27.4741393, 53.9917246], [27.4735696, 53.9915558], [27.4720289, 53.9912208], [27.4715047, 53.9911002], [27.4710307, 53.9910252], [27.4704609, 53.9909394], [27.4700051, 53.9909314], [27.469686, 53.9908805], [27.4694399, 53.9907974], [27.4692803, 53.9906795], [27.4690752, 53.990516], [27.4686422, 53.9903686], [27.4681955, 53.9903043], [27.4678308, 53.990307], [27.467457, 53.9904008], [27.4671471, 53.9904972], [27.466828, 53.9905106], [27.466632, 53.9905187], [27.4664269, 53.9905508], [27.4661944, 53.9906259], [27.4660258, 53.9906821], [27.4658526, 53.9906955], [27.4657113, 53.9906875], [27.4656201, 53.9907143], [27.4655882, 53.9907491], [27.4656019, 53.9907947], [27.4657386, 53.9908939], [27.4658799, 53.9909341], [27.4662218, 53.9909609], [27.4670286, 53.9911699], [27.467489, 53.9913039], [27.4677305, 53.9914271], [27.4678263, 53.9915638], [27.467963, 53.9916737], [27.4684507, 53.991805], [27.4692439, 53.991947], [27.4698866, 53.9921132], [27.4704563, 53.9923383], [27.4708711, 53.9924937], [27.471099, 53.9926973], [27.4712175, 53.9929251], [27.4712032, 53.9930194]]]}}, {"type": "Feature", "properties": {"name": "", "kind": "wood", "osm_id": 23426445, "area": 0.0006639531119390085}, "geometry": {"type": "Polygon", "coordinates": [[[27.9066928, 53.8713946], [27.9060103, 53.8714265], [27.9057363, 53.8710142], [27.9057623, 53.8705869], [27.9056844, 53.8704365], [27.9007402, 53.8703045], [27.8998067, 53.8716091], [27.8988209, 53.8717102], [27.8987319, 53.8715298], [27.8984208, 53.8714897], [27.8981427, 53.871547], [27.8980414, 53.8715874], [27.8979064, 53.8717156], [27.8967869, 53.8714623], [27.8964455, 53.8714411], [27.8968011, 53.8708923], [27.8965763, 53.8709139], [27.8963462, 53.8709694], [27.8964403, 53.8705532], [27.8969893, 53.8704916], [27.8970347, 53.870112], [27.8962792, 53.8700013], [27.8963641, 53.8693867], [27.8966602, 53.8686733], [27.8975569, 53.8685755], [27.8987865, 53.8684735], [27.8983365, 53.866584], [27.8963111, 53.8666932], [27.8956315, 53.8668368], [27.8958549, 53.8678176], [27.8963756, 53.86827], [27.8961194, 53.8684959], [27.895816, 53.8687636], [27.8955476, 53.8701688], [27.8915477, 53.8704697], [27.890268, 53.8701756], [27.8884042, 53.8696807], [27.8864324, 53.8699352], [27.8837666, 53.8709399], [27.8822119, 53.8718742], [27.8801651, 53.8732847], [27.8797345, 53.8735229], [27.878092, 53.8753152], [27.878607, 53.8756188], [27.8781779, 53.8760236], [27.8684788, 53.8713013], [27.8658345, 53.8700192], [27.8626132, 53.8697976], [27.8636322, 53.8679128], [27.8643709, 53.8679342], [27.8647246, 53.8677067], [27.8647728, 53.8673228], [27.865633, 53.8673939], [27.8658266, 53.8669244], [27.8659223, 53.8666924], [27.865837, 53.866155], [27.8658212, 53.8660551], [27.8609144, 53.865569], [27.8577874, 53.8656922], [27.8552165, 53.865861], [27.8549396, 53.8658493], [27.8542585, 53.8657064], [27.859363, 53.8653367], [27.8628275, 53.8653509], [27.86298, 53.8650948], [27.8658015, 53.8652987], [27.8656086, 53.8647535], [27.8659068, 53.864028], [27.8596489, 53.8634607], [27.85341, 53.8628406], [27.8531491, 53.8636607], [27.8547728, 53.8639382], [27.8547084, 53.8645118], [27.8545155, 53.8649621], [27.854194, 53.8649432], [27.8539955, 53.8653497], [27.8531288, 53.8652057], [27.8519162, 53.8635795], [27.8521916, 53.8623528], [27.852252, 53.8620835], [27.8519308, 53.8618185], [27.8504558, 53.8614552], [27.8508041, 53.8605096], [27.8513851, 53.8597452], [27.853165, 53.8600058], [27.8546601, 53.8599489], [27.8547485, 53.860167], [27.8541939, 53.8603234], [27.8542429, 53.8604848], [27.8595475, 53.8607785], [27.8597887, 53.8604609], [27.862387, 53.8605935], [27.8624735, 53.8604277], [27.8623208, 53.8602381], [27.8624522, 53.8601064], [27.8629524, 53.8600461], [27.8631192, 53.8597728], [27.8646943, 53.85993], [27.865754, 53.8599891], [27.8662737, 53.858091], [27.8615188, 53.8575502], [27.861712, 53.8572087], [27.8613357, 53.856659], [27.8602249, 53.8565355], [27.8620416, 53.8539704], [27.861503, 53.8538045], [27.8612377, 53.8540368], [27.8609885, 53.8539846], [27.8590352, 53.8563932], [27.8576606, 53.8561846], [27.8580866, 53.8557958], [27.8586156, 53.8554677], [27.8586615, 53.8553132], [27.8582196, 53.8552643], [27.8580581, 53.8551747], [27.8580384, 53.8547575], [27.8549356, 53.854492], [27.8552039, 53.8541906], [27.855442, 53.853923], [27.8564709, 53.8541174], [27.8585529, 53.8542928], [27.8590111, 53.8540747], [27.8605107, 53.854193], [27.8602811, 53.8537523], [27.8605866, 53.8534773], [27.8609323, 53.8535152], [27.860868, 53.853207], [27.861302, 53.8524152], [27.860466, 53.8512961], [27.8611252, 53.8515048], [27.8613036, 53.8513833], [27.8706934, 53.852493], [27.8706334, 53.8529689], [27.8726418, 53.8533132], [27.8727196, 53.8536852], [27.8725789, 53.8543569], [27.8724525, 53.8544632], [27.8693802, 53.8542245], [27.8699564, 53.8557782], [27.870496, 53.8579909], [27.876619, 53.8585316], [27.8768647, 53.8582541], [27.8823407, 53.8589021], [27.8825295, 53.8583351], [27.8815682, 53.8581934], [27.8816712, 53.8578492], [27.8827698, 53.8579504], [27.8832967, 53.8559223], [27.8817022, 53.8557422], [27.8817399, 53.8554091], [27.8825982, 53.8555205], [27.8826582, 53.8554049], [27.8784952, 53.8549145], [27.8783424, 53.8550425], [27.8801591, 53.8552511], [27.8797733, 53.8560524], [27.8778346, 53.8558295], [27.8782288, 53.8552214], [27.8757284, 53.8549543], [27.8756674, 53.8546848], [27.87659, 53.8547105], [27.8760149, 53.8534651], [27.8762295, 53.8528828], [27.877414, 53.8530347], [27.878032, 53.8521386], [27.874926, 53.851917], [27.87504, 53.8515094], [27.8669774, 53.8505183], [27.866479, 53.8506701], [27.8661012, 53.8505326], [27.8664063, 53.8502347], [27.875389, 53.8512469], [27.8759419, 53.8492619], [27.8739389, 53.8490513], [27.8740258, 53.8486194], [27.8742612, 53.8485206], [27.8753455, 53.8487159], [27.87556, 53.8481438], [27.8760458, 53.8481128], [27.8784923, 53.8484266], [27.8860486, 53.8522702], [27.8859641, 53.8537814], [27.8865074, 53.8551383], [27.8868333, 53.8568242], [27.88834, 53.8569263], [27.8888185, 53.8559416], [27.8885436, 53.855191], [27.8902123, 53.8549171], [27.8898102, 53.8551392], [27.8898713, 53.8551963], [27.8909962, 53.8552713], [27.8913271, 53.8551152], [27.8920567, 53.8555407], [27.8907347, 53.860862], [27.8914411, 53.8615093], [27.8926957, 53.8615198], [27.8930449, 53.8625109], [27.8944254, 53.8637775], [27.8980034, 53.8634392], [27.89813, 53.8636797], [27.9036899, 53.8636142], [27.9033618, 53.8625413], [27.9041005, 53.8625352], [27.9050675, 53.8632129], [27.9057987, 53.8639289], [27.907595, 53.8712752], [27.9066928, 53.8713946]]]}}, {"type": "Feature", "properties": {"name": "", "kind": "wood", "osm_id": 420492667, "area": 0.00044700382386508863}, "geometry": {"type": "Polygon", "coordinates": [[[27.7545869, 53.8907922], [27.7542812, 53.8911921], [27.7542644, 53.8920033], [27.7541919, 53.8929052], [27.7545333, 53.8930352], [27.754549, 53.8933387], [27.7541363, 53.8934714], [27.7544582, 53.8935852], [27.7578968, 53.8941669], [27.7626385, 53.8951975], [27.7641459, 53.8953207], [27.7671714, 53.8949951], [27.7701326, 53.894698], [27.7710494, 53.894782], [27.7713879, 53.894031], [27.779051, 53.8908128], [27.785904, 53.8869811], [27.7863008, 53.8867147], [27.7867301, 53.8866522], [27.7884292, 53.8867037], [27.8014501, 53.8881888], [27.8035923, 53.888525], [27.8035439, 53.8882433], [27.8024977, 53.8803226], [27.7985238, 53.8804822], [27.7953266, 53.8810387], [27.7922475, 53.8813296], [27.7891683, 53.8810893], [27.7866026, 53.8805281], [27.7849089, 53.8804404], [27.7839559, 53.8805217], [27.7820474, 53.8805697], [27.7815065, 53.8806532], [27.7793518, 53.8805448], [27.7779484, 53.8803352], [27.7774953, 53.8802798], [27.7745136, 53.8799277], [27.7712023, 53.8798565], [27.7695067, 53.8800521], [27.7690864, 53.8792429], [27.7687369, 53.879093], [27.7684622, 53.8791725], [27.7675867, 53.8797579], [27.7671017, 53.8799168], [27.7666875, 53.8799045], [27.7655223, 53.8794685], [27.7640073, 53.8791656], [27.764105, 53.8804652], [27.7640116, 53.8809598], [27.7636351, 53.8819884], [27.7620002, 53.88522], [27.7617104, 53.8874142], [27.7575906, 53.8882962], [27.7575669, 53.888497], [27.7571216, 53.8885223], [27.7570975, 53.8886408], [27.7569982, 53.888674], [27.756502, 53.8887546], [27.7557537, 53.8890012], [27.7554372, 53.8891609], [27.7555177, 53.8892115], [27.7557322, 53.8891356], [27.7559119, 53.8891198], [27.7558744, 53.8893458], [27.7558985, 53.8896699], [27.7556357, 53.8897458], [27.755177, 53.8897442], [27.755, 53.8896984], [27.754603, 53.8898548], [27.7546808, 53.8906989], [27.7545869, 53.8907922]]]}}, {"type": "Feature", "properties": {"name": "", "kind": "wood", "osm_id": 17443869, "area": 0.0002857162752434306}, "geometry": {"type": "Polygon", "coordinates": [[[28.0491891, 53.9139153], [28.0458855, 53.9159771], [28.0444962, 53.9167692], [28.0423906, 53.9176369], [28.0414599, 53.9181056], [28.0395985, 53.9187849], [28.0379898, 53.9195435], [28.0293524, 53.9230465], [28.0199196, 53.9270028], [28.0114345, 53.9305299], [28.0089973, 53.9316319], [28.0089067, 53.9315502], [28.0086544, 53.9309731], [28.0082048, 53.9305155], [28.007979, 53.9293355], [28.00718, 53.9288552], [28.0086619, 53.9275951], [28.01018, 53.9262527], [28.0145574, 53.9224242], [28.0174112, 53.9200106], [28.0198467, 53.9194862], [28.0211449, 53.9200106], [28.0214775, 53.9199348], [28.0212629, 53.9189871], [28.0218422, 53.9185448], [28.0228615, 53.9180266], [28.0240095, 53.9179192], [28.0267024, 53.9154549], [28.0251298, 53.9147324], [28.0269813, 53.9133], [28.0289554, 53.9127123], [28.030554, 53.9123647], [28.0329144, 53.9122004], [28.0349314, 53.9124532], [28.0354142, 53.9125796], [28.0366158, 53.9125985], [28.0378711, 53.9123205], [28.0385685, 53.9119856], [28.0391678, 53.9119446], [28.0403665, 53.9125747], [28.0412301, 53.9131417], [28.0415672, 53.913082], [28.042058, 53.9129872], [28.0439222, 53.9122573], [28.0444127, 53.9121115], [28.0459891, 53.9117098], [28.046664, 53.9119157], [28.0472698, 53.911899], [28.0475178, 53.9121959], [28.0475002, 53.9122889], [28.0474251, 53.9123774], [28.0454028, 53.9133253], [28.045274, 53.913439], [28.045274, 53.9135243], [28.0454618, 53.9137424], [28.0455798, 53.9137645], [28.0457193, 53.913755], [28.0480796, 53.9129145], [28.0480528, 53.9127534], [28.0479509, 53.9125764], [28.047865, 53.9123805], [28.0478308, 53.9122031], [28.0494448, 53.91142], [28.0497091, 53.9113075], [28.0499367, 53.9112476], [28.0500709, 53.9113195], [28.0500587, 53.9115158], [28.0500463, 53.9117169], [28.0500028, 53.9117865], [28.0490854, 53.9123821], [28.0498874, 53.9130883], [28.0507569, 53.9125515], [28.0508503, 53.9125733], [28.0508664, 53.9126207], [28.0500725, 53.9132336], [28.0496594, 53.9134738], [28.0491042, 53.9137455], [28.0491847, 53.913834], [28.0491954, 53.9138656], [28.0491891, 53.9139153]]]}}, {"type": "Feature", "properties": {"name": "", "kind": "wood", "osm_id": 16172145, "area": 0.00027595467076935165}, "geometry": {"type": "Polygon", "coordinates": [[[28.056774, 53.9029819], [28.0552939, 53.9024709], [28.0549943, 53.9023155], [28.0546457, 53.901952], [28.054205, 53.9012952], [28.0539688, 53.9013692], [28.0522915, 53.9018045], [28.0525662, 53.9026768], [28.0503089, 53.9032798], [28.0506672, 53.9040535], [28.0476277, 53.9042912], [28.0473981, 53.903575], [28.0448371, 53.9039827], [28.044923, 53.9045882], [28.0424489, 53.9051811], [28.0409169, 53.9052361], [28.0410576, 53.9047806], [28.0432235, 53.9042026], [28.0433965, 53.9038199], [28.0442428, 53.9035895], [28.0445401, 53.9031138], [28.047046, 53.9013928], [28.047908, 53.9010489], [28.0482504, 53.900807], [28.0497467, 53.8994618], [28.0505598, 53.8987308], [28.0508706, 53.898439], [28.0496353, 53.8977862], [28.0496836, 53.8976629], [28.051309, 53.8968537], [28.0515343, 53.8968316], [28.0518079, 53.8968948], [28.0516308, 53.8971161], [28.0515665, 53.8972204], [28.0518025, 53.8974259], [28.0523443, 53.8979063], [28.0530763, 53.8979721], [28.055287, 53.8970255], [28.0551821, 53.8968853], [28.0542594, 53.8969296], [28.0540609, 53.896604], [28.0527735, 53.8966388], [28.0533475, 53.896231], [28.053605, 53.896054], [28.0557615, 53.895956], [28.0560619, 53.8961994], [28.0563086, 53.8965345], [28.0565917, 53.8966512], [28.0566863, 53.8966556], [28.0578898, 53.8967119], [28.0587696, 53.8967245], [28.0595052, 53.8961521], [28.0595013, 53.8960698], [28.0594913, 53.8958587], [28.0573976, 53.8959339], [28.0566627, 53.8963701], [28.0563462, 53.8962121], [28.0563086, 53.8960603], [28.0569148, 53.8958675], [28.057124, 53.8955261], [28.0589265, 53.8954661], [28.060454, 53.8955891], [28.0606578, 53.8956145], [28.0630514, 53.8959131], [28.0631908, 53.8956144], [28.0657462, 53.8953011], [28.065255, 53.8958748], [28.0641564, 53.8964949], [28.0659059, 53.8963604], [28.0665287, 53.8959345], [28.0685197, 53.8952916], [28.0701302, 53.8952637], [28.0698446, 53.8947742], [28.0688686, 53.8949003], [28.0685181, 53.8945558], [28.0695092, 53.8942275], [28.0687346, 53.8935363], [28.0676142, 53.8940013], [28.065518, 53.8915896], [28.0629586, 53.8889328], [28.0643778, 53.8880458], [28.0650258, 53.888097], [28.0656266, 53.8878504], [28.0663991, 53.8880401], [28.0668949, 53.8880245], [28.0705131, 53.8882585], [28.0714939, 53.88698], [28.0696917, 53.8865216], [28.0696895, 53.8855124], [28.0708881, 53.8851662], [28.0746748, 53.8855446], [28.0801777, 53.8841673], [28.080703, 53.8844582], [28.0819193, 53.8842869], [28.0821518, 53.8876691], [28.085581, 53.8882049], [28.0864991, 53.887736], [28.0881642, 53.8874366], [28.0887955, 53.8870363], [28.0897786, 53.8869116], [28.087225, 53.8886263], [28.0827094, 53.8916371], [28.0814328, 53.8925471], [28.0807426, 53.8920231], [28.0795092, 53.8925287], [28.078388, 53.8914763], [28.0770395, 53.8911972], [28.0761628, 53.8912793], [28.0760237, 53.8918089], [28.078114, 53.8914891], [28.0760681, 53.8921576], [28.074511, 53.8922478], [28.0739958, 53.8921606], [28.0713001, 53.8934741], [28.0713233, 53.8942843], [28.0722587, 53.8942598], [28.0725931, 53.8953433], [28.0734632, 53.8956453], [28.0756417, 53.8947822], [28.0756254, 53.8944916], [28.074676, 53.8941722], [28.0752079, 53.8935113], [28.0774471, 53.8931627], [28.076996, 53.8937041], [28.0781931, 53.8946277], [28.0763864, 53.8958218], [28.0720854, 53.8985258], [28.0717084, 53.8989049], [28.0682491, 53.9012326], [28.0653164, 53.9010257], [28.0636511, 53.9016691], [28.0631255, 53.901668], [28.0622565, 53.9015061], [28.0616891, 53.9016202], [28.0613994, 53.9019994], [28.0620217, 53.9029729], [28.0609274, 53.9033015], [28.0597043, 53.9030677], [28.0588339, 53.9034404], [28.0594133, 53.9024683], [28.0590337, 53.9009817], [28.0601241, 53.9001689], [28.0602984, 53.8988809], [28.0598961, 53.8983783], [28.0584853, 53.8979952], [28.0578791, 53.8979478], [28.0575465, 53.8972682], [28.0565917, 53.8973087], [28.0570315, 53.9002179], [28.0563342, 53.9003595], [28.0562052, 53.9010562], [28.0563953, 53.9023741], [28.0566922, 53.9026631], [28.0571554, 53.9029054], [28.057829, 53.9032254], [28.0584792, 53.9034161], [28.0585161, 53.9034738], [28.0584732, 53.9035686], [28.0583954, 53.903616], [28.0583391, 53.9035923], [28.0580789, 53.9034058], [28.0576551, 53.9032304], [28.0573037, 53.9031309], [28.056774, 53.9029819]]]}}, {"type": "Feature", "properties": {"name": "", "kind": "wood", "osm_id": 25660199, "area": 0.00027474830403662054}, "geometry": {"type": "Polygon", "coordinates": [[[27.770622, 53.8281404], [27.770605, 53.828166], [27.7692118, 53.8280349], [27.7690151, 53.8278795], [27.7695457, 53.8276119], [27.769162, 53.8271346], [27.7688125, 53.8272617], [27.7683639, 53.8274354], [27.7683973, 53.8275265], [27.7688189, 53.8279427], [27.7688174, 53.8280397], [27.7691446, 53.8280659], [27.769199, 53.8281281], [27.7694544, 53.8281442], [27.7694358, 53.8282371], [27.7685621, 53.8283014], [27.7682184, 53.8283211], [27.7678607, 53.828349], [27.7673734, 53.8283748], [27.7675712, 53.8290921], [27.7684857, 53.8291384], [27.7688929, 53.8291676], [27.7694186, 53.8292119], [27.7697995, 53.8292468], [27.7702501, 53.8292974], [27.7703466, 53.8293132], [27.7706288, 53.8289392], [27.7707101, 53.8287795], [27.7708389, 53.8287277], [27.7709283, 53.8286864], [27.7711348, 53.82846], [27.7712897, 53.8284731], [27.7713487, 53.828352], [27.771448, 53.8283587], [27.7714312, 53.8284272], [27.7714923, 53.8284224], [27.7718141, 53.8285348], [27.7720362, 53.8287187], [27.7728835, 53.828093], [27.7730668, 53.8281044], [27.7730785, 53.8281044], [27.7736423, 53.827403], [27.7767364, 53.828579], [27.7766331, 53.8288164], [27.7769604, 53.8288873], [27.7770714, 53.8289338], [27.7770383, 53.8289718], [27.7769777, 53.8290399], [27.7769322, 53.8290731], [27.7768589, 53.829081], [27.7756771, 53.8312787], [27.7759914, 53.8313413], [27.7769144, 53.8314977], [27.7780618, 53.8293086], [27.7773829, 53.8291574], [27.7772075, 53.8290702], [27.7773298, 53.8288278], [27.7781425, 53.8291546], [27.7812719, 53.8303633], [27.7813678, 53.8344428], [27.7808904, 53.8346732], [27.7799302, 53.8358781], [27.7806278, 53.8361595], [27.7817905, 53.8364474], [27.7812626, 53.8373293], [27.7822706, 53.838955], [27.7837635, 53.83959], [27.7688114, 53.839956], [27.7577586, 53.837577], [27.7583925, 53.8363366], [27.7594402, 53.8353152], [27.7588974, 53.8346658], [27.7580055, 53.8344409], [27.7586859, 53.8331295], [27.7585756, 53.8328743], [27.7589229, 53.8320767], [27.7595525, 53.831226], [27.7606356, 53.8313984], [27.7609107, 53.8306606], [27.7609074, 53.8304334], [27.7606778, 53.8304353], [27.7537124, 53.8304821], [27.7546672, 53.8290384], [27.7619706, 53.8253378], [27.7627838, 53.8249629], [27.7634624, 53.8245956], [27.7642831, 53.8247302], [27.7641383, 53.8250199], [27.7639586, 53.825012], [27.7635911, 53.8250611], [27.7634382, 53.8251972], [27.763347, 53.8253746], [27.7638432, 53.8254996], [27.7637574, 53.8255962], [27.7627248, 53.8254173], [27.7626148, 53.8254854], [27.7624163, 53.8256595], [27.76258, 53.8258094], [27.7635765, 53.826025], [27.7635268, 53.8261862], [27.7645739, 53.8265408], [27.7667482, 53.8268115], [27.7669312, 53.8265371], [27.7671629, 53.8264173], [27.7672381, 53.826343], [27.7677423, 53.8261901], [27.7681235, 53.8253354], [27.76942, 53.8255803], [27.7703595, 53.8258869], [27.7688391, 53.8264207], [27.7678417, 53.8267581], [27.7680543, 53.8270765], [27.7685488, 53.8269191], [27.7692755, 53.8266818], [27.7697531, 53.8268347], [27.7708528, 53.8271222], [27.771055, 53.8271872], [27.7716292, 53.8273682], [27.7714847, 53.8275182], [27.771288, 53.8277274], [27.7711758, 53.8276882], [27.7711603, 53.8275006], [27.770887, 53.8273961], [27.7707365, 53.8274067], [27.7703856, 53.8272106], [27.7700694, 53.8274916], [27.7703229, 53.8276021], [27.7705911, 53.8276861], [27.7704047, 53.8278374], [27.7706305, 53.8279495], [27.770622, 53.8281404]]]}}, {"type": "Feature", "properties": {"name": "", "kind": "wood", "osm_id": 37616602, "area": 0.00027235116101564927}, "geometry": {"type": "Polygon", "coordinates": [[[27.7131908, 53.8826661], [27.713475, 53.8825854], [27.7141295, 53.8824924], [27.7147076, 53.8824506], [27.7151665, 53.8824643], [27.7157421, 53.8825744], [27.7162194, 53.8836541], [27.7165731, 53.8846382], [27.7169075, 53.8847679], [27.7172332, 53.8853283], [27.7179726, 53.8867964], [27.7191785, 53.8893954], [27.7203964, 53.892007], [27.7233065, 53.8959839], [27.7232128, 53.8959956], [27.7230763, 53.8959466], [27.7229233, 53.8958487], [27.7227145, 53.8957648], [27.7225829, 53.8957921], [27.7226287, 53.8959328], [27.7223942, 53.895936], [27.7214733, 53.8958072], [27.7203612, 53.8956507], [27.7192547, 53.8955334], [27.7172184, 53.8953175], [27.7124119, 53.8947106], [27.7111845, 53.8946172], [27.709681, 53.894634], [27.7063491, 53.8947523], [27.7046378, 53.8947804], [27.7040826, 53.8947248], [27.7029652, 53.8947027], [27.7020092, 53.8949904], [27.7017259, 53.895124], [27.701428, 53.8953884], [27.7013419, 53.8955094], [27.7019414, 53.8957735], [27.7023642, 53.8965664], [27.7022463, 53.8968563], [27.7017178, 53.8970192], [27.7016439, 53.8973364], [27.7016324, 53.8973857], [27.7019234, 53.8977819], [27.7002967, 53.8979765], [27.6998359, 53.8980316], [27.699882, 53.8979616], [27.699944, 53.8979148], [27.7000558, 53.8978722], [27.6999992, 53.8977883], [27.6998724, 53.8978083], [27.6997788, 53.8977941], [27.699709, 53.8977763], [27.699632, 53.89774], [27.6996012, 53.8976925], [27.6995443, 53.8976646], [27.6993822, 53.897663], [27.699348, 53.8976953], [27.6993261, 53.8977485], [27.6992506, 53.8977952], [27.699136, 53.8978323], [27.6988282, 53.8975507], [27.6985487, 53.8976592], [27.6981649, 53.897246], [27.6977354, 53.8965923], [27.697038, 53.89562], [27.6973009, 53.8957], [27.6978379, 53.8957692], [27.6985866, 53.8957969], [27.6994219, 53.8957727], [27.6996338, 53.8959797], [27.7000576, 53.8960651], [27.700063, 53.8964839], [27.700704, 53.8965708], [27.7012351, 53.8962215], [27.7009052, 53.8960366], [27.7002695, 53.8957348], [27.6998645, 53.8957063], [27.6997055, 53.8956473], [27.6994408, 53.8945346], [27.697899, 53.8947874], [27.6981908, 53.8956835], [27.6977818, 53.8956698], [27.6973873, 53.8956059], [27.6969249, 53.8955073], [27.6966174, 53.8950681], [27.6945678, 53.8953861], [27.6941809, 53.8954461], [27.692305, 53.8953194], [27.6927623, 53.8938851], [27.6928401, 53.8938188], [27.6929957, 53.8937871], [27.6931249, 53.8937234], [27.6932231, 53.8936319], [27.6932655, 53.8934499], [27.6933626, 53.8928755], [27.6933513, 53.8926071], [27.693391, 53.8924841], [27.6935761, 53.8922919], [27.6936684, 53.8921006], [27.6937746, 53.8920292], [27.6939252, 53.8919908], [27.6943083, 53.8918341], [27.6942273, 53.8915784], [27.6941871, 53.8913821], [27.694222, 53.8912164], [27.6943035, 53.8910217], [27.6944097, 53.8908159], [27.6945288, 53.8907514], [27.6946849, 53.890678], [27.6947219, 53.8905601], [27.6947906, 53.8904672], [27.6948888, 53.890408], [27.6950052, 53.8904033], [27.6951232, 53.8905209], [27.6952155, 53.8904735], [27.6951886, 53.8903552], [27.6952659, 53.8902373], [27.6953925, 53.8899266], [27.6954091, 53.8898225], [27.6953834, 53.8897384], [27.6955035, 53.8896621], [27.6958077, 53.8895148], [27.6958427, 53.8892954], [27.6958953, 53.8890427], [27.6959854, 53.8887891], [27.6962524, 53.8885626], [27.6967303, 53.8882658], [27.6975444, 53.8876185], [27.6984036, 53.8869829], [27.6991284, 53.8863306], [27.6992945, 53.8862205], [27.6997484, 53.8859399], [27.7024672, 53.8845816], [27.7032664, 53.8842747], [27.7035499, 53.884215], [27.7038179, 53.8841805], [27.7057796, 53.8838856], [27.7074626, 53.883668], [27.7088521, 53.8835755], [27.7094841, 53.8834872], [27.7106459, 53.8831591], [27.7113228, 53.8830197], [27.7115195, 53.8829282], [27.711769, 53.8829081], [27.7126243, 53.8827514], [27.7131908, 53.8826661]]]}}, {"type": "Feature", "properties": {"name": "", "kind": "wood", "osm_id": 35200958, "area": 0.0002518022323556579}, "geometry": {"type": "Polygon", "coordinates": [[[27.8442045, 53.8662211], [27.8445774, 53.8669543], [27.844352, 53.8675064], [27.8429561, 53.8672713], [27.842037, 53.8664635], [27.8394005, 53.866265], [27.8391501, 53.8663398], [27.8387902, 53.8672233], [27.8389, 53.8673389], [27.8437305, 53.867991], [27.8435659, 53.8687964], [27.8440549, 53.8688761], [27.8441381, 53.86896], [27.8437523, 53.8694018], [27.8432923, 53.8695261], [27.8429294, 53.8695215], [27.8407047, 53.8692821], [27.8403547, 53.8699019], [27.837963, 53.8695778], [27.8377562, 53.8696259], [27.8374997, 53.8701084], [27.8371642, 53.8703763], [27.8359963, 53.8702663], [27.8358055, 53.8703031], [27.8356467, 53.8705855], [27.8357913, 53.8707068], [27.8414171, 53.8714438], [27.8424809, 53.8711739], [27.8416544, 53.8716211], [27.8359218, 53.8709979], [27.8356995, 53.8710484], [27.8347733, 53.8726627], [27.8348257, 53.8727944], [27.8353637, 53.8729833], [27.835355, 53.8730651], [27.8352026, 53.8731625], [27.8347104, 53.8733815], [27.8345392, 53.873562], [27.8344961, 53.8737303], [27.8346533, 53.8738557], [27.8388079, 53.874387], [27.8361987, 53.8743859], [27.8354132, 53.8744235], [27.834644, 53.8744324], [27.8335122, 53.8744022], [27.8326722, 53.8743139], [27.8319541, 53.8742592], [27.8307055, 53.8742763], [27.8303107, 53.8742503], [27.825899, 53.8732535], [27.8208779, 53.8722515], [27.8173184, 53.8713282], [27.8139685, 53.8703032], [27.811963, 53.8697285], [27.8090075, 53.8691291], [27.8079669, 53.8688842], [27.8069156, 53.8686204], [27.8023556, 53.8672312], [27.8012577, 53.8668339], [27.8009495, 53.8667542], [27.8006129, 53.8667079], [27.7985109, 53.8665669], [27.7982953, 53.8665208], [27.7980635, 53.8664172], [27.7974006, 53.8657577], [27.814671, 53.8654792], [27.8202574, 53.8636905], [27.8442045, 53.8662211]]]}}, {"type": "Feature", "properties": {"name": "", "kind": "wood", "osm_id": 420492666, "area": 0.00024240599111635674}, "geometry": {"type": "Polygon", "coordinates": [[[27.8035923, 53.888525], [27.8024977, 53.8803226], [27.8061628, 53.880381], [27.8064381, 53.8803796], [27.8264188, 53.8802798], [27.8269528, 53.8824939], [27.8271092, 53.8831285], [27.8275388, 53.884901], [27.828102, 53.8872246], [27.8288572, 53.8897271], [27.8293445, 53.8922296], [27.8271959, 53.8916281], [27.8179102, 53.8904194], [27.8079388, 53.8891001], [27.8035923, 53.888525]]]}}, {"type": "Feature", "properties": {"name": "", "kind": "wood", "osm_id": 37617194, "area": 0.00022338432177093637}, "geometry": {"type": "Polygon", "coordinates": [[[27.7121176, 53.8745713], [27.7114731, 53.8732966], [27.7109849, 53.872256], [27.7105772, 53.871478], [27.7102098, 53.8707426], [27.7098235, 53.8699487], [27.7095097, 53.8691896], [27.7092522, 53.8686345], [27.709271, 53.868413], [27.7091691, 53.8682375], [27.7092135, 53.8680816], [27.7092549, 53.8677599], [27.7094927, 53.86758], [27.7095599, 53.8679895], [27.7097659, 53.868411], [27.7099092, 53.8689349], [27.7099869, 53.8691312], [27.7102758, 53.8692684], [27.7106402, 53.8694167], [27.7106715, 53.8696053], [27.7114644, 53.8699392], [27.7108314, 53.8705862], [27.7134266, 53.8715868], [27.7132716, 53.8717205], [27.7130327, 53.8718078], [27.7116113, 53.8713895], [27.7113558, 53.8720581], [27.7114943, 53.8725425], [27.7119332, 53.8727815], [27.7123828, 53.8728959], [27.7137429, 53.873242], [27.7140429, 53.8729321], [27.714838, 53.8731093], [27.7174849, 53.870404], [27.7174103, 53.8701331], [27.7171761, 53.8699546], [27.7171149, 53.8697485], [27.7173383, 53.8696423], [27.7175941, 53.869604], [27.7178356, 53.8696677], [27.7178752, 53.8698037], [27.7180482, 53.8699737], [27.7181923, 53.8700077], [27.718304, 53.869995], [27.7181923, 53.869842], [27.7182469, 53.8698003], [27.7290464, 53.8731911], [27.7316346, 53.8742126], [27.7386994, 53.8767227], [27.7445193, 53.878416], [27.7398606, 53.8790234], [27.7380062, 53.8792341], [27.7365595, 53.8792676], [27.7347775, 53.8790665], [27.7341327, 53.8791247], [27.7255588, 53.8822676], [27.7230099, 53.882844], [27.7225693, 53.8828963], [27.7217181, 53.8828526], [27.7194919, 53.8826234], [27.7159385, 53.8824403], [27.7121176, 53.8745713]]]}}, {"type": "Feature", "properties": {"name": "", "kind": "wood", "osm_id": 35200906, "area": 0.00017469217311827379}, "geometry": {"type": "Polygon", "coordinates": [[[27.7532541, 53.8306872], [27.7453721, 53.8434346], [27.7441724, 53.8438347], [27.7435738, 53.8434663], [27.7436087, 53.8433238], [27.7438018, 53.8432431], [27.7435647, 53.8432368], [27.7429596, 53.843585], [27.7420302, 53.8441862], [27.7421365, 53.8442408], [27.7424321, 53.844419], [27.7426191, 53.844311], [27.7429826, 53.8445271], [27.7408263, 53.8457847], [27.738937, 53.8470196], [27.738187, 53.8462412], [27.7386258, 53.8458044], [27.7382106, 53.8453847], [27.7376109, 53.8455493], [27.7373126, 53.8447929], [27.7368813, 53.8448223], [27.736523, 53.8444568], [27.7358739, 53.8445004], [27.7353439, 53.8432902], [27.7327046, 53.8437814], [27.7325065, 53.8437233], [27.734698, 53.8423616], [27.7343182, 53.8414595], [27.7362764, 53.8401838], [27.7367212, 53.8403703], [27.736734, 53.8405299], [27.7368789, 53.8405826], [27.7377491, 53.8407767], [27.7390274, 53.8413371], [27.7395629, 53.8418533], [27.7397016, 53.8423988], [27.7396754, 53.8425397], [27.7395471, 53.8426222], [27.7398386, 53.8427886], [27.7402281, 53.8438634], [27.7404397, 53.8438559], [27.7406066, 53.8438501], [27.74091, 53.8436952], [27.7413098, 53.8435658], [27.7418392, 53.8435608], [27.7422508, 53.8424897], [27.7418203, 53.8424086], [27.7415853, 53.8423671], [27.7413994, 53.8426164], [27.7413309, 53.8426664], [27.7412167, 53.8426182], [27.7411874, 53.8424891], [27.7411779, 53.8421879], [27.7411436, 53.8415524], [27.740052, 53.8414138], [27.7396716, 53.8413643], [27.7395905, 53.8412998], [27.7394333, 53.841246], [27.7392361, 53.8412525], [27.7391712, 53.8412256], [27.738526, 53.8409554], [27.7381584, 53.840767], [27.7381144, 53.8406231], [27.7377352, 53.8404668], [27.7370451, 53.8403222], [27.7368255, 53.8401978], [27.7364573, 53.8399897], [27.7365344, 53.839907], [27.7366165, 53.8395006], [27.7360458, 53.8396099], [27.7359623, 53.839595], [27.7358808, 53.8395396], [27.735436, 53.8389987], [27.7355146, 53.8389232], [27.7355978, 53.8387965], [27.7358753, 53.838509], [27.73617, 53.8381093], [27.7359189, 53.8382268], [27.7356147, 53.8385917], [27.7353733, 53.838564], [27.7350122, 53.8384101], [27.7353023, 53.8382641], [27.7354069, 53.8381633], [27.7359495, 53.8379128], [27.7368169, 53.8375841], [27.7376762, 53.8381544], [27.7397385, 53.8372948], [27.7390582, 53.8363131], [27.7378361, 53.8366009], [27.7363947, 53.8372627], [27.7366438, 53.8375018], [27.7361551, 53.8376729], [27.735535, 53.8376205], [27.734145, 53.8381824], [27.7338799, 53.8382164], [27.7337935, 53.838333], [27.7311842, 53.8368661], [27.7343428, 53.8353061], [27.7343029, 53.8350436], [27.7348083, 53.8347269], [27.7357307, 53.8344991], [27.7363139, 53.8349356], [27.7359161, 53.8351903], [27.7359104, 53.835676], [27.7356701, 53.8358166], [27.7355102, 53.8359056], [27.7349566, 53.8362171], [27.7350549, 53.8362919], [27.7352405, 53.8364197], [27.7356621, 53.8367364], [27.7362083, 53.836511], [27.7363234, 53.8364493], [27.7372931, 53.8359662], [27.737347, 53.8350123], [27.736404, 53.8349103], [27.7358912, 53.8344917], [27.7370292, 53.8345021], [27.737453, 53.8343913], [27.7379396, 53.83416], [27.73782, 53.8337414], [27.7374476, 53.8337613], [27.7368629, 53.8338785], [27.7368736, 53.8341222], [27.7366537, 53.8341317], [27.7363372, 53.8343312], [27.7362245, 53.834366], [27.7359617, 53.8343185], [27.7360153, 53.8342109], [27.7370185, 53.8336917], [27.7385312, 53.8329667], [27.7388316, 53.8329604], [27.7396363, 53.8325045], [27.7398938, 53.8325235], [27.7432948, 53.8308266], [27.7532458, 53.8306082], [27.7532541, 53.8306872]]]}}, {"type": "Feature", "properties": {"name": "", "kind": "wood", "osm_id": 3119817, "area": 0.00017400539809386828}, "geometry": {"type": "Polygon", "coordinates": [[[27.6595429, 53.9497832], [27.659392, 53.949634], [27.6592264, 53.9494644], [27.6589509, 53.9491382], [27.6587578, 53.9489947], [27.6585851, 53.9489211], [27.6583778, 53.9488969], [27.6582023, 53.9489038], [27.6556942, 53.9497975], [27.6551744, 53.9500426], [27.6532379, 53.9507358], [27.6487682, 53.9523359], [27.6480067, 53.9527534], [27.6473549, 53.9528419], [27.640918, 53.9552031], [27.6408136, 53.9552824], [27.6407422, 53.9553224], [27.6405108, 53.9553558], [27.6402653, 53.955451], [27.6401878, 53.9555253], [27.6401388, 53.9556148], [27.6401386, 53.9557176], [27.6402811, 53.9563345], [27.640146, 53.9563389], [27.6400035, 53.9563141], [27.6397015, 53.9560371], [27.6396221, 53.9559643], [27.6394498, 53.9557339], [27.6393434, 53.9557161], [27.6392113, 53.9557285], [27.6334099, 53.9577786], [27.6332806, 53.958024], [27.6350767, 53.9592143], [27.6333294, 53.9600274], [27.6334309, 53.9601087], [27.6339606, 53.9599201], [27.6341097, 53.959916], [27.6342449, 53.9597677], [27.6343019, 53.9597715], [27.6347532, 53.9603135], [27.6346182, 53.9604139], [27.6340695, 53.9604558], [27.6342814, 53.9606374], [27.6341558, 53.9606881], [27.6341999, 53.9607249], [27.6347186, 53.9605239], [27.6347931, 53.9603512], [27.6348945, 53.9602843], [27.6350133, 53.9604792], [27.6350207, 53.9605343], [27.6350641, 53.9608559], [27.6343322, 53.9610897], [27.6340349, 53.9609012], [27.6333493, 53.9611661], [27.6333263, 53.9611989], [27.6333504, 53.9612393], [27.6334055, 53.9612761], [27.6335618, 53.961314], [27.633864, 53.9613513], [27.6342253, 53.9613666], [27.6344759, 53.9612826], [27.6345772, 53.9612761], [27.634691, 53.9613194], [27.6347698, 53.9614131], [27.6362544, 53.9615629], [27.6376068, 53.9617467], [27.6391816, 53.9620814], [27.6400078, 53.9623392], [27.6407053, 53.9626358], [27.6415762, 53.9630195], [27.6420346, 53.9632042], [27.6426108, 53.9634011], [27.6432456, 53.9636024], [27.6445654, 53.9639829], [27.6450019, 53.9641258], [27.645526, 53.9643661], [27.6456462, 53.9643924], [27.6457603, 53.9643788], [27.6462554, 53.9641721], [27.6464115, 53.9640814], [27.6465503, 53.9639678], [27.6473054, 53.9630531], [27.6441201, 53.9625745], [27.6445952, 53.96158], [27.645838, 53.9608166], [27.6477569, 53.9607467], [27.6486047, 53.9597905], [27.6519846, 53.9597747], [27.6524978, 53.9591476], [27.653446, 53.9594522], [27.6540319, 53.9587476], [27.6539859, 53.958506], [27.6536269, 53.9583005], [27.6521878, 53.957985], [27.6520644, 53.9579592], [27.6534881, 53.9564206], [27.6536166, 53.9564635], [27.6545938, 53.9566866], [27.6552567, 53.9559894], [27.6547596, 53.9558061], [27.6554891, 53.9553267], [27.6559433, 53.9555259], [27.6573, 53.9541662], [27.6571541, 53.9541503], [27.6568808, 53.9541803], [27.6566883, 53.9542043], [27.6565453, 53.9542616], [27.6563726, 53.9544636], [27.6562607, 53.954572], [27.6561432, 53.9545721], [27.6557878, 53.9545181], [27.6556929, 53.9545477], [27.6555039, 53.9543956], [27.6557563, 53.954379], [27.6559377, 53.954287], [27.6561678, 53.9539973], [27.6562112, 53.953803], [27.6560861, 53.9537504], [27.6562466, 53.953556], [27.6575478, 53.9539225], [27.6582526, 53.9541597], [27.6607215, 53.9514068], [27.6592064, 53.9509759], [27.660174, 53.9501278], [27.6600139, 53.9500629], [27.6598364, 53.9499918], [27.6596969, 53.9499149], [27.6596028, 53.949849], [27.6595429, 53.9497832]]]}}, {"type": "Feature", "properties": {"name": "", "kind": "wood", "osm_id": 37616145, "area": 0.00016388816061407852}, "geometry": {"type": "Polygon", "coordinates": [[[27.704447, 53.8742487], [27.7098988, 53.8759666], [27.7101778, 53.8756567], [27.7112994, 53.8760295], [27.7116851, 53.8756206], [27.7119464, 53.8750425], [27.7120387, 53.8746343], [27.7124927, 53.8755764], [27.7156665, 53.882352], [27.7150173, 53.8823037], [27.7144242, 53.8823104], [27.7133686, 53.8822853], [27.7129558, 53.8823083], [27.7125997, 53.8823855], [27.7124225, 53.8825149], [27.7115103, 53.8820902], [27.7117526, 53.8812663], [27.7101286, 53.8811384], [27.7103501, 53.882659], [27.7114217, 53.8824983], [27.7115454, 53.8821664], [27.7122377, 53.8825681], [27.7113364, 53.8827886], [27.7097365, 53.8832109], [27.7084115, 53.8833862], [27.7069559, 53.8835111], [27.7051262, 53.8838299], [27.7037026, 53.88399], [27.703355, 53.8840583], [27.7022779, 53.884478], [27.7020715, 53.884582], [27.7014482, 53.8848961], [27.699263, 53.8859974], [27.6979831, 53.8869988], [27.6963717, 53.8881787], [27.6955223, 53.8886246], [27.6951507, 53.8888225], [27.6950179, 53.8890591], [27.6949342, 53.8891317], [27.6948649, 53.8891292], [27.6948203, 53.8890867], [27.6948428, 53.8890329], [27.6953346, 53.8877863], [27.6954896, 53.8873034], [27.6955581, 53.88709], [27.6957942, 53.8863541], [27.69606, 53.885526], [27.6963539, 53.8849655], [27.6967946, 53.883693], [27.6971087, 53.8823524], [27.6972918, 53.8822546], [27.697302, 53.8820716], [27.697193, 53.8819134], [27.6971716, 53.8813921], [27.6971657, 53.8811349], [27.6971597, 53.8808707], [27.6972476, 53.8796093], [27.6973285, 53.8793654], [27.6973177, 53.879129], [27.6970587, 53.878782], [27.6969662, 53.8779862], [27.6968843, 53.8776061], [27.6966322, 53.8770685], [27.6961522, 53.8762172], [27.6956069, 53.8752128], [27.6952765, 53.8746706], [27.694626, 53.8738111], [27.6947213, 53.8735036], [27.6951278, 53.8732737], [27.6955974, 53.8738627], [27.6956285, 53.8741141], [27.6955018, 53.8743167], [27.6958012, 53.8744796], [27.6970401, 53.874585], [27.6974352, 53.8745802], [27.6974695, 53.8745115], [27.6974346, 53.874429], [27.6971326, 53.8743673], [27.6972326, 53.8742172], [27.697233, 53.8740476], [27.6980906, 53.8735842], [27.6988248, 53.8737744], [27.700606, 53.87424], [27.7019622, 53.8746322], [27.70372, 53.8751671], [27.7040919, 53.8746973], [27.7039685, 53.8746601], [27.7039751, 53.8745453], [27.7041975, 53.8742958], [27.704447, 53.8742487]]]}}, {"type": "Feature", "properties": {"name": "", "kind": "wood", "osm_id": 37617336, "area": 0.00016003182497570378}, "geometry": {"type": "Polygon", "coordinates": [[[27.7536038, 53.8735219], [27.7535391, 53.8736378], [27.752462, 53.8756785], [27.7521038, 53.8760241], [27.7498848, 53.8771248], [27.7476284, 53.8779247], [27.7464466, 53.8782488], [27.745694, 53.8783325], [27.7445193, 53.878416], [27.7386994, 53.8767227], [27.7316346, 53.8742126], [27.7290464, 53.8731911], [27.7331977, 53.869077], [27.734757, 53.8670948], [27.7373162, 53.8679835], [27.7369986, 53.8686768], [27.737287, 53.8687612], [27.7383783, 53.8674924], [27.7405057, 53.8680527], [27.7393838, 53.8693107], [27.7405777, 53.8696131], [27.741891, 53.8683985], [27.7440909, 53.8688818], [27.750371, 53.8719451], [27.7532443, 53.8733466], [27.7536038, 53.8735219]]]}}, {"type": "Feature", "properties": {"name": "\u041b\u0435\u0441\u0430\u043f\u0430\u0440\u043a \u0414\u0440\u0430\u0437\u0434\u044b", "kind": "forest", "osm_id": 29383187, "area": 0.0001525815509921813}, "geometry": {"type": "Polygon", "coordinates": [[[27.4687806, 53.9567761], [27.4710951, 53.9569747], [27.4733555, 53.9571686], [27.478348, 53.9576735], [27.4784946, 53.9576658], [27.478624, 53.9576277], [27.4787046, 53.9575512], [27.4789224, 53.9575961], [27.4791767, 53.9576458], [27.481051, 53.957878], [27.481288, 53.9579304], [27.4814289, 53.9579958], [27.4815504, 53.9581276], [27.4817792, 53.9583722], [27.4821471, 53.9588177], [27.482428, 53.9591771], [27.4824619, 53.9592754], [27.482483, 53.9594483], [27.4824277, 53.9596799], [27.4820071, 53.9601142], [27.4819808, 53.9603008], [27.4820724, 53.9604231], [27.4834523, 53.9609867], [27.4836926, 53.9611213], [27.4841357, 53.9614978], [27.4856463, 53.9634065], [27.4868678, 53.9649312], [27.4870447, 53.9650912], [27.4876169, 53.9653625], [27.4877663, 53.9654616], [27.4879441, 53.9656659], [27.4880324, 53.9658655], [27.4880347, 53.9661252], [27.4880916, 53.9662699], [27.4884008, 53.9665632], [27.4888407, 53.9669604], [27.4888505, 53.9670038], [27.4888361, 53.9670314], [27.4888145, 53.9670554], [27.4887473, 53.9670724], [27.4834032, 53.9667975], [27.4786804, 53.9665741], [27.476875, 53.9664582], [27.4715615, 53.9655273], [27.4704462, 53.9653246], [27.4692824, 53.9650339], [27.4688037, 53.9648838], [27.468426, 53.964742], [27.4680021, 53.9645652], [27.4674305, 53.9643538], [27.4665078, 53.9640125], [27.4661523, 53.963829], [27.4657164, 53.9634924], [27.466652, 53.9614069], [27.4669707, 53.9613703], [27.467196, 53.9607873], [27.4671364, 53.9606257], [27.4678791, 53.9590426], [27.4680103, 53.9588924], [27.4682076, 53.9585156], [27.4681952, 53.958122], [27.4684367, 53.9574332], [27.4687806, 53.9567761]]]}}, {"type": "Feature", "properties": {"name": "", "kind": "wood", "osm_id": 1104972149, "area": 0.00012100871879283659}, "geometry": {"type": "Polygon", "coordinates": [[[28.0191761, 53.9101623], [28.019042, 53.9101212], [28.0188596, 53.9098558], [28.0188757, 53.9097894], [28.0190849, 53.9096062], [28.0190903, 53.9094292], [28.0189401, 53.9092902], [28.0190527, 53.9091859], [28.0198306, 53.9088414], [28.019675, 53.9086202], [28.021912, 53.9070465], [28.0215847, 53.9068537], [28.0208981, 53.9064429], [28.019954, 53.9068727], [28.0197286, 53.9070307], [28.0189454, 53.9069801], [28.0185377, 53.906898], [28.0175829, 53.9072962], [28.0171645, 53.9074542], [28.0170464, 53.9072709], [28.0162042, 53.9054601], [28.0160004, 53.9046574], [28.0154627, 53.9040455], [28.0146993, 53.9036672], [28.0146236, 53.9036297], [28.0165022, 53.9023833], [28.0176875, 53.9015969], [28.0193093, 53.9005208], [28.0217205, 53.898921], [28.0224549, 53.8984337], [28.0237161, 53.897612], [28.0245096, 53.8970949], [28.0247784, 53.8972489], [28.0249633, 53.8971289], [28.0247143, 53.8969695], [28.0251574, 53.8965345], [28.0257013, 53.8962476], [28.0275413, 53.8952771], [28.0275967, 53.8953023], [28.027764, 53.8952166], [28.0284469, 53.8956881], [28.0294885, 53.8950902], [28.0303631, 53.8947023], [28.0305378, 53.8946733], [28.0307508, 53.8946764], [28.031081, 53.8948054], [28.0320132, 53.8943281], [28.0322685, 53.8942799], [28.0325174, 53.8943407], [28.032732, 53.8945336], [28.0326023, 53.8946962], [28.0323672, 53.8948149], [28.032276, 53.8949824], [28.0321526, 53.8953049], [28.0323297, 53.8957221], [28.032117, 53.8959679], [28.0318188, 53.8972674], [28.0317173, 53.8985883], [28.0313462, 53.8988354], [28.0317419, 53.8993543], [28.031735, 53.8998185], [28.0315518, 53.9001536], [28.0312473, 53.9004538], [28.0309094, 53.9005651], [28.0302281, 53.9005244], [28.0303064, 53.9011757], [28.0283367, 53.9025139], [28.0284401, 53.9027321], [28.0279701, 53.903892], [28.0265518, 53.9050375], [28.0270103, 53.9053686], [28.026697, 53.9062091], [28.0256617, 53.9058899], [28.0238837, 53.9066372], [28.0208176, 53.9081209], [28.0208927, 53.9089078], [28.0191761, 53.9101623]]]}}, {"type": "Feature", "properties": {"name": "", "kind": "wood", "osm_id": 29502889, "area": 0.00011696188983023603}, "geometry": {"type": "Polygon", "coordinates": [[[27.7505022, 53.9319945], [27.7500979, 53.9313981], [27.7485765, 53.9291536], [27.7478165, 53.9293793], [27.7476293, 53.929517], [27.7457055, 53.9291231], [27.7429016, 53.9285367], [27.7427866, 53.9286051], [27.7423628, 53.928504], [27.742061, 53.9284022], [27.7419215, 53.9283469], [27.7410388, 53.9281472], [27.7409412, 53.9281353], [27.7408527, 53.9281329], [27.7407642, 53.9281439], [27.7407038, 53.9281629], [27.7406207, 53.9282016], [27.7405389, 53.9282577], [27.7404571, 53.9283295], [27.7404236, 53.9284192], [27.740559, 53.9285127], [27.7405643, 53.9286027], [27.7396604, 53.9295282], [27.7385254, 53.9305214], [27.7373457, 53.9328634], [27.7360877, 53.9354088], [27.7364203, 53.935603], [27.7364543, 53.9357601], [27.7363835, 53.9359554], [27.7363461, 53.9362367], [27.7368988, 53.9363041], [27.7433605, 53.9375896], [27.7441692, 53.9374015], [27.746079, 53.9377741], [27.7465296, 53.937673], [27.7474844, 53.9380015], [27.7485144, 53.9381751], [27.7490026, 53.9381625], [27.74948, 53.9382699], [27.7501076, 53.9381278], [27.751275, 53.9377442], [27.7517599, 53.9374804], [27.7521247, 53.9373509], [27.7527523, 53.9370509], [27.7528864, 53.9368615], [27.7527952, 53.9366878], [27.7524197, 53.9363436], [27.7525001, 53.9361357], [27.7527308, 53.936012], [27.7532726, 53.9359488], [27.7534189, 53.9358269], [27.7505022, 53.9319945]]]}}, {"type": "Feature", "properties": {"name": "\u041b\u0435\u0441\u0430\u043f\u0430\u0440\u043a \u0417\u044f\u043b\u0451\u043d\u044b \u041b\u0443\u0433", "kind": "wood", "osm_id": 25868158, "area": 0.00011122590842660429}, "geometry": {"type": "Polygon", "coordinates": [[[27.6646153, 53.9459621], [27.66457, 53.9458939], [27.664517, 53.9457632], [27.6642037, 53.9454752], [27.6638086, 53.9453018], [27.6634603, 53.9451859], [27.6628999, 53.9450696], [27.6623701, 53.9449426], [27.6615465, 53.9448293], [27.6606788, 53.9447632], [27.6602633, 53.9447524], [27.659809, 53.944784], [27.658513, 53.9449374], [27.6584405, 53.9449365], [27.6583255, 53.944919], [27.658138, 53.9448583], [27.6579336, 53.9447883], [27.6578496, 53.9447808], [27.6576962, 53.9447915], [27.6574372, 53.9447708], [27.6570518, 53.9447262], [27.6569283, 53.9446982], [27.6567187, 53.9446021], [27.6564226, 53.9445809], [27.6561928, 53.9445803], [27.65595, 53.9445467], [27.6559149, 53.9445497], [27.6555028, 53.9448092], [27.6552907, 53.9448993], [27.6545614, 53.9450746], [27.648755, 53.9462958], [27.6486544, 53.9463544], [27.6486107, 53.9464225], [27.6486452, 53.9467167], [27.6486411, 53.9469654], [27.6478458, 53.9470285], [27.6476431, 53.9465999], [27.6465739, 53.9468812], [27.6461309, 53.946887], [27.6458046, 53.946994], [27.6458609, 53.9472688], [27.6450622, 53.9483138], [27.6439303, 53.9481159], [27.6427531, 53.9482144], [27.6417652, 53.9492115], [27.6418105, 53.9493105], [27.6438808, 53.9492837], [27.644533, 53.9492414], [27.6445394, 53.9492055], [27.6445563, 53.9491112], [27.6453003, 53.9491573], [27.6461404, 53.9490183], [27.6462849, 53.9490619], [27.6465658, 53.9502158], [27.6464514, 53.9503354], [27.6462254, 53.9504454], [27.6458404, 53.9505972], [27.6452224, 53.9508676], [27.6449622, 53.9508963], [27.6445557, 53.9506618], [27.6438645, 53.9508077], [27.6429314, 53.9502797], [27.6429297, 53.9500863], [27.6425343, 53.9500713], [27.6423279, 53.9499462], [27.6418319, 53.949702], [27.6416825, 53.9499265], [27.6418062, 53.9502511], [27.6418467, 53.9505794], [27.6417991, 53.950976], [27.641722, 53.9511758], [27.6414816, 53.9515949], [27.6412276, 53.9519894], [27.6401759, 53.9529611], [27.6387232, 53.9536176], [27.6372363, 53.9542283], [27.6349104, 53.95513], [27.631829, 53.9563433], [27.6318101, 53.9565937], [27.6318407, 53.9568937], [27.6318661, 53.9571419], [27.6320447, 53.9573547], [27.6321812, 53.9574497], [27.6323005, 53.957517], [27.6322019, 53.9575767], [27.632264, 53.9577214], [27.6324514, 53.9576623], [27.6325062, 53.9575492], [27.6326533, 53.9575935], [27.6402443, 53.9548968], [27.6438133, 53.9536246], [27.6470983, 53.9524461], [27.6485409, 53.9519591], [27.6522319, 53.9506437], [27.6561204, 53.9492516], [27.6572554, 53.9488284], [27.660439, 53.9476769], [27.6644652, 53.9462677], [27.6646887, 53.9460552], [27.6646427, 53.9460076], [27.6646153, 53.9459621]]]}}, {"type": "Feature", "properties": {"name": "\u041a\u0443\u0440\u0430\u043f\u0430\u0442\u044b", "kind": "wood", "osm_id": 7407677, "area": 9.457134331114503e-05}, "geometry": {"type": "MultiPolygon", "coordinates": [[[[27.6041435, 53.9699961], [27.6057593, 53.9697556], [27.6068746, 53.9696345], [27.6132821, 53.9691428], [27.6134294, 53.9688959], [27.6134154, 53.9687986], [27.6134162, 53.9686446], [27.6133492, 53.96834], [27.6131429, 53.9669903], [27.6127037, 53.9655401], [27.612629, 53.9652963], [27.6125444, 53.9653026], [27.6123888, 53.9653142], [27.6121337, 53.9653873], [27.6120058, 53.9654239], [27.6115867, 53.9654998], [27.6108758, 53.9656606], [27.604231, 53.9680196], [27.6040554, 53.9683018], [27.6035083, 53.9692398], [27.6035084, 53.9694867], [27.6035677, 53.9696674], [27.60366, 53.9697744], [27.6038083, 53.9698661], [27.603963, 53.9699441], [27.6041435, 53.9699961]]], [[[27.6118022, 53.9648582], [27.6126215, 53.9645097], [27.6121393, 53.9635544], [27.6115956, 53.9626633], [27.6085322, 53.9624686], [27.6072486, 53.9622994], [27.6063584, 53.9625135], [27.606444, 53.9627846], [27.6061258, 53.9628371], [27.6060942, 53.9630653], [27.6057648, 53.9631512], [27.605407, 53.9628697], [27.6051595, 53.9627085], [27.6049678, 53.962593], [27.6048343, 53.9624905], [27.6046668, 53.9623668], [27.6045377, 53.9622699], [27.6043434, 53.9620946], [27.6042561, 53.9620158], [27.6041934, 53.9619592], [27.6041139, 53.9618875], [27.6040665, 53.9618484], [27.6039061, 53.9617294], [27.6037385, 53.9616045], [27.6033872, 53.9613428], [27.6019304, 53.9601162], [27.601612, 53.9598692], [27.6011337, 53.9594981], [27.6004868, 53.9585554], [27.6000486, 53.9585819], [27.5996796, 53.9586327], [27.5993692, 53.9587035], [27.5969868, 53.9595364], [27.5956952, 53.9599965], [27.5955577, 53.9600724], [27.5954941, 53.9601502], [27.5954036, 53.96022], [27.5951898, 53.9603163], [27.5949636, 53.9604526], [27.5948028, 53.9609983], [27.5948085, 53.9610466], [27.594869, 53.9612341], [27.5949514, 53.9613631], [27.5950765, 53.9614842], [27.5952329, 53.9616664], [27.5953148, 53.9617988], [27.5953566, 53.9619524], [27.5953368, 53.9621639], [27.5953056, 53.9622382], [27.5953004, 53.962323], [27.5953671, 53.9624796], [27.5955078, 53.9626724], [27.5960561, 53.9626249], [27.5963225, 53.9625224], [27.5967089, 53.9624492], [27.5979718, 53.9622414], [27.5988524, 53.9624751], [27.5989836, 53.9632312], [27.6011565, 53.9648452], [27.6011861, 53.9651241], [27.6008402, 53.9659962], [27.6010664, 53.9659551], [27.6013212, 53.965873], [27.6014285, 53.9657153], [27.6038639, 53.9656711], [27.6048356, 53.9666897], [27.6031421, 53.9672392], [27.603517, 53.9676351], [27.6038544, 53.9676581], [27.6104597, 53.9653279], [27.6118022, 53.9648582]]]]}}, {"type": "Feature", "properties": {"name": "", "kind": "wood", "osm_id": 2989148, "area": 9.406275091805583e-05}, "geometry": {"type": "Polygon", "coordinates": [[[27.7297057, 53.9326484], [27.7293205, 53.9324718], [27.7292481, 53.932227], [27.7289275, 53.9320999], [27.7252315, 53.9311085], [27.7240289, 53.9313889], [27.7218036, 53.9310384], [27.7210003, 53.9309668], [27.719643, 53.9309011], [27.7189079, 53.9309855], [27.7175485, 53.9310955], [27.7147823, 53.9308725], [27.7136037, 53.9309376], [27.7131219, 53.9312281], [27.712474, 53.9311213], [27.7127302, 53.9283857], [27.7129851, 53.9281925], [27.7135253, 53.9280091], [27.7143029, 53.9278016], [27.7155665, 53.927532], [27.7161914, 53.9274137], [27.7163036, 53.9275927], [27.7161196, 53.928015], [27.7159128, 53.9282401], [27.7158645, 53.9282545], [27.7157856, 53.9282152], [27.7157097, 53.9282266], [27.7156706, 53.928261], [27.7156706, 53.9282989], [27.715872, 53.9286024], [27.7159302, 53.9288042], [27.7159884, 53.9288809], [27.716037, 53.928903], [27.7160835, 53.9289022], [27.7167405, 53.9288986], [27.7169728, 53.9288867], [27.7173866, 53.9288078], [27.7175217, 53.9286373], [27.7175397, 53.9285521], [27.7175778, 53.9283502], [27.7175555, 53.9282753], [27.7174826, 53.9281672], [27.7170684, 53.9278458], [27.7169816, 53.9278227], [27.7166294, 53.9278215], [27.7165235, 53.9277877], [27.7162968, 53.9273953], [27.7184462, 53.9268368], [27.718896, 53.9267251], [27.7196519, 53.9265607], [27.7237389, 53.9257207], [27.7256651, 53.9252963], [27.7266118, 53.9250917], [27.7272324, 53.9252217], [27.7335778, 53.9266946], [27.7297057, 53.9326484]]]}}, {"type": "Feature", "properties": {"name": "", "kind": "wood", "osm_id": 39628312, "area": 8.695259316482407e-05}, "geometry": {"type": "Polygon", "coordinates": [[[27.7398606, 53.8790234], [27.7402774, 53.882963], [27.7406148, 53.8856836], [27.7392664, 53.8856183], [27.7374613, 53.8861193], [27.7373611, 53.8861238], [27.7301751, 53.886025], [27.7258015, 53.8861083], [27.7255588, 53.8822676], [27.7341327, 53.8791247], [27.7347775, 53.8790665], [27.7365595, 53.8792676], [27.7380062, 53.8792341], [27.7398606, 53.8790234]]]}}, {"type": "Feature", "properties": {"name": "", "kind": "wood", "osm_id": 29503155, "area": 8.260711547336541e-05}, "geometry": {"type": "Polygon", "coordinates": [[[27.7474326, 53.915874], [27.7482461, 53.9167333], [27.7487312, 53.9172371], [27.7494318, 53.9176268], [27.7499873, 53.917878], [27.7517882, 53.9189511], [27.7517005, 53.9189809], [27.7515159, 53.9189753], [27.7511375, 53.9191627], [27.7505636, 53.9194309], [27.7490589, 53.9197437], [27.7474153, 53.9201518], [27.7466503, 53.9203139], [27.746138, 53.920415], [27.7453414, 53.9206219], [27.7452797, 53.9205761], [27.7450678, 53.9206109], [27.744872, 53.9205935], [27.7449117, 53.9207276], [27.7444191, 53.9208141], [27.7438017, 53.9209099], [27.7433729, 53.9210735], [27.7430897, 53.921065], [27.7427906, 53.9208004], [27.7425384, 53.9208352], [27.7422267, 53.9203823], [27.7413882, 53.9193297], [27.740387, 53.9180147], [27.7391184, 53.916311], [27.7369725, 53.9134518], [27.7360981, 53.9123453], [27.7359398, 53.9120855], [27.7361623, 53.9118236], [27.7364185, 53.9113265], [27.7368381, 53.9110028], [27.7393765, 53.9101169], [27.7394596, 53.9102499], [27.7410218, 53.9097154], [27.745573, 53.9141131], [27.7471344, 53.9156871], [27.7474326, 53.915874]]]}}, {"type": "Feature", "properties": {"name": "", "kind": "wood", "osm_id": 1251638, "area": 7.23501427728479e-05}, "geometry": {"type": "Polygon", "coordinates": [[[27.766005, 53.8246968], [27.7661339, 53.8245527], [27.7698558, 53.8227973], [27.7734433, 53.8214807], [27.7736451, 53.8215743], [27.7738771, 53.8216126], [27.7740645, 53.8216356], [27.7743822, 53.821744], [27.7742347, 53.8218855], [27.7742554, 53.8220963], [27.7742554, 53.8222728], [27.7742222, 53.8223904], [27.7743182, 53.8224439], [27.7743094, 53.8225889], [27.7744059, 53.8227175], [27.7745086, 53.8229214], [27.7747608, 53.8229078], [27.7750025, 53.822883], [27.7752628, 53.8228019], [27.77539, 53.8226812], [27.7754018, 53.8225562], [27.7753523, 53.8224955], [27.7752667, 53.8224308], [27.7753822, 53.8223387], [27.7753752, 53.8222074], [27.7752582, 53.8220844], [27.7750202, 53.821969], [27.7747967, 53.8218486], [27.77456, 53.8217533], [27.7744278, 53.8215618], [27.7743288, 53.8215604], [27.7741834, 53.8215295], [27.7741467, 53.8214247], [27.774055, 53.8213675], [27.7769243, 53.8205329], [27.7772291, 53.8204043], [27.7778315, 53.8202782], [27.7787461, 53.8201824], [27.7809292, 53.8199054], [27.7810359, 53.820095], [27.7808112, 53.8202672], [27.7807613, 53.8204379], [27.780693, 53.8204882], [27.7810588, 53.8298837], [27.7776256, 53.8284843], [27.7800527, 53.8270339], [27.7789111, 53.8263754], [27.7785936, 53.8265628], [27.7782502, 53.8263754], [27.7774348, 53.8269579], [27.7785777, 53.8276681], [27.7772301, 53.8284865], [27.7749092, 53.8275178], [27.7749045, 53.8274462], [27.7746294, 53.8273176], [27.7746155, 53.8272308], [27.7742169, 53.8270567], [27.7740849, 53.8271011], [27.7738704, 53.8270033], [27.773717, 53.8268588], [27.7736915, 53.8267435], [27.7733342, 53.8265206], [27.7738674, 53.8260514], [27.7727766, 53.8256578], [27.7722616, 53.8261252], [27.7710476, 53.8256642], [27.7713262, 53.8253885], [27.7711976, 53.8253374], [27.771123, 53.825336], [27.7710817, 53.8253328], [27.771014, 53.825375], [27.7709947, 53.8253261], [27.7710046, 53.8252606], [27.7709744, 53.8251974], [27.7710459, 53.8251353], [27.7708032, 53.8250379], [27.7707395, 53.8250413], [27.7706656, 53.8251036], [27.7705953, 53.8251034], [27.7704573, 53.8250496], [27.7704014, 53.8250531], [27.7699586, 53.8255435], [27.7695385, 53.8253966], [27.7694023, 53.8254587], [27.7692424, 53.8254324], [27.7688229, 53.8253512], [27.7681596, 53.8252446], [27.7671419, 53.8250651], [27.7660565, 53.8247925], [27.766005, 53.8246968]]]}}, {"type": "Feature", "properties": {"name": "", "kind": "wood", "osm_id": 16861887, "area": 6.985393042668875e-05}, "geometry": {"type": "Polygon", "coordinates": [[[27.4474884, 53.9426344], [27.4420207, 53.941745], [27.44169, 53.9416952], [27.4415041, 53.9416753], [27.4413665, 53.9416824], [27.441212, 53.9417066], [27.4410431, 53.9417038], [27.4409537, 53.9416782], [27.4408644, 53.9416199], [27.4407944, 53.9416057], [27.4407099, 53.9416256], [27.4406761, 53.9416824], [27.440693, 53.9418387], [27.440751, 53.9422622], [27.4407679, 53.9423574], [27.440821, 53.9424114], [27.4409562, 53.9424412], [27.4410262, 53.942471], [27.4410213, 53.9425222], [27.4409843, 53.9425605], [27.4409291, 53.9426108], [27.4408956, 53.9426945], [27.4408404, 53.9430138], [27.4407901, 53.9432444], [27.4407985, 53.9433774], [27.4407767, 53.9435843], [27.4407416, 53.9436957], [27.440693, 53.943811], [27.4405658, 53.9439558], [27.4405055, 53.9441076], [27.4405072, 53.9442347], [27.4405507, 53.9444367], [27.4406428, 53.9446436], [27.4406897, 53.9447165], [27.440914, 53.9448476], [27.4410245, 53.944885], [27.4411266, 53.9448988], [27.4412555, 53.9449047], [27.4414179, 53.9449106], [27.4418448, 53.9450062], [27.4420039, 53.945086], [27.4420775, 53.9451668], [27.4421144, 53.9452476], [27.4421278, 53.9453195], [27.4421161, 53.9454062], [27.4420424, 53.9454979], [27.4420123, 53.9455373], [27.4417986, 53.9456346], [27.4408355, 53.9460764], [27.4406544, 53.9461617], [27.4405892, 53.9462171], [27.4405627, 53.946281], [27.4405941, 53.9463435], [27.4428511, 53.9480498], [27.4429332, 53.9481208], [27.4432326, 53.9483084], [27.4434933, 53.9484178], [27.4447075, 53.9488298], [27.4447799, 53.9488425], [27.4448861, 53.9488425], [27.4449634, 53.9488312], [27.4454655, 53.9483496], [27.4460497, 53.9481123], [27.446687, 53.9479035], [27.4469018, 53.9478751], [27.4469839, 53.9478836], [27.4470467, 53.947912], [27.4475608, 53.9484533], [27.4476067, 53.9484945], [27.4476622, 53.9485186], [27.4477443, 53.9485144], [27.4483792, 53.948324], [27.4484444, 53.9483339], [27.4485095, 53.9483794], [27.4491299, 53.9491324], [27.4492241, 53.9491949], [27.4492844, 53.9492275], [27.4494051, 53.9492332], [27.4518336, 53.9482658], [27.4518529, 53.9482473], [27.4518457, 53.9482132], [27.4518071, 53.9481876], [27.451725, 53.9481734], [27.4516357, 53.9481933], [27.451457, 53.9482501], [27.4513122, 53.9482714], [27.4512011, 53.9482743], [27.4510293, 53.948281], [27.4509402, 53.9482703], [27.45089, 53.9482421], [27.450868, 53.9482006], [27.4508941, 53.948124], [27.450881, 53.9480728], [27.4507991, 53.9479555], [27.4506743, 53.9478636], [27.4504714, 53.9478127], [27.4500937, 53.9478026], [27.4498042, 53.9478069], [27.4497085, 53.9477883], [27.4495621, 53.9477192], [27.4494557, 53.9475952], [27.449411, 53.9474587], [27.4494272, 53.9473244], [27.4495108, 53.9472361], [27.4497464, 53.9470747], [27.4497839, 53.9470232], [27.4497637, 53.9469826], [27.44969, 53.9469417], [27.4494389, 53.9469202], [27.4493705, 53.9468893], [27.4490886, 53.9468853], [27.4489148, 53.9469019], [27.4486999, 53.9470117], [27.4485299, 53.9470534], [27.4484339, 53.9470448], [27.4483407, 53.9469855], [27.448272, 53.9468936], [27.4482118, 53.9468137], [27.448214, 53.9466424], [27.4483331, 53.9465306], [27.4486589, 53.9465175], [27.4487501, 53.9465032], [27.4487823, 53.9464582], [27.4487737, 53.9464241], [27.4481292, 53.9462037], [27.4481099, 53.946171], [27.4481633, 53.9461096], [27.4482416, 53.9460994], [27.4485594, 53.946189], [27.4486938, 53.9461937], [27.4488829, 53.9462329], [27.4489712, 53.9462392], [27.4490463, 53.946232], [27.4491222, 53.9462124], [27.4491307, 53.9461702], [27.4491031, 53.9461423], [27.4487652, 53.946084], [27.4482496, 53.9459431], [27.4482588, 53.9458968], [27.448343, 53.9458654], [27.4491168, 53.9459609], [27.4493595, 53.9459445], [27.4493815, 53.9458894], [27.4493308, 53.9458297], [27.4493354, 53.9457756], [27.4495004, 53.9456777], [27.4495561, 53.9455375], [27.4495277, 53.9454826], [27.4491876, 53.9454264], [27.4491087, 53.9453853], [27.4490008, 53.945248], [27.44906, 53.9451415], [27.4491679, 53.9451354], [27.4493454, 53.945162], [27.4494533, 53.9451333], [27.4494916, 53.9450923], [27.4494846, 53.9450309], [27.4494115, 53.9449387], [27.4494429, 53.9448834], [27.4495821, 53.9448465], [27.4496761, 53.9448547], [27.4501181, 53.9449305], [27.4503931, 53.944953], [27.4505602, 53.9449571], [27.4507899, 53.9448936], [27.4509744, 53.9447891], [27.4511276, 53.9446334], [27.4512215, 53.9443937], [27.4512703, 53.944236], [27.4513434, 53.9440639], [27.4514339, 53.9440004], [27.4515975, 53.9439225], [27.4517854, 53.9438099], [27.4518725, 53.9436644], [27.4524398, 53.942722], [27.4533727, 53.9408698], [27.4533604, 53.9408392], [27.4533024, 53.9408187], [27.4521574, 53.9405355], [27.4519864, 53.9404433], [27.4497312, 53.9389196], [27.4496036, 53.9388462], [27.4495398, 53.9388394], [27.4494848, 53.9388599], [27.4494616, 53.9388786], [27.4487978, 53.9399638], [27.4475745, 53.9425693], [27.4475252, 53.9426239], [27.4474884, 53.9426344]]]}}, {"type": "Feature", "properties": {"name": "", "kind": "wood", "osm_id": 25868074, "area": 6.846526662229735e-05}, "geometry": {"type": "Polygon", "coordinates": [[[27.6661569, 53.9380344], [27.6659088, 53.9379173], [27.6661311, 53.9371728], [27.6658773, 53.937097], [27.6659134, 53.9369349], [27.6658053, 53.9368502], [27.6658804, 53.936647], [27.6658495, 53.9366083], [27.6656342, 53.9365191], [27.6657015, 53.9363323], [27.6657543, 53.9362647], [27.6657876, 53.9362213], [27.6657498, 53.936156], [27.6657003, 53.9353091], [27.6659623, 53.934608], [27.6664675, 53.9336127], [27.6665466, 53.9328248], [27.6664466, 53.9321162], [27.6666238, 53.9313836], [27.6667005, 53.9313689], [27.6667828, 53.9310243], [27.6669506, 53.9307085], [27.6669984, 53.9303925], [27.6670128, 53.9302357], [27.6669913, 53.9299767], [27.6671362, 53.9299198], [27.6671733, 53.9292861], [27.6671469, 53.9290986], [27.6669645, 53.929086], [27.6668519, 53.9272664], [27.6662759, 53.9254558], [27.6661733, 53.9252964], [27.6661116, 53.9252518], [27.6660391, 53.9252356], [27.6658997, 53.9252293], [27.6649931, 53.9253983], [27.6649502, 53.9254315], [27.6649019, 53.9255459], [27.6648805, 53.925572], [27.6644835, 53.9256652], [27.6641925, 53.9256991], [27.6641428, 53.925692], [27.6640775, 53.9256061], [27.6640282, 53.9255945], [27.6624209, 53.9259305], [27.6624584, 53.9262148], [27.6623082, 53.9262559], [27.662158, 53.9260632], [27.6620184, 53.9260991], [27.6626049, 53.9270224], [27.6628611, 53.9269631], [27.6630437, 53.9272422], [27.6628006, 53.9273098], [27.662983, 53.9275932], [27.6631002, 53.9276193], [27.6631683, 53.9275547], [27.6630552, 53.9273473], [27.6632317, 53.9271771], [27.6635584, 53.9270996], [27.6644289, 53.9283649], [27.6646159, 53.9286761], [27.6640327, 53.9290902], [27.6640674, 53.9294694], [27.6638736, 53.9296566], [27.6628271, 53.9298192], [27.6601078, 53.9302027], [27.6600949, 53.9298476], [27.6626531, 53.9294972], [27.6624541, 53.928909], [27.6619815, 53.9288963], [27.6607944, 53.9291165], [27.6606887, 53.9287814], [27.6615099, 53.9284894], [27.6614042, 53.9281255], [27.6619946, 53.9279268], [27.6617668, 53.9275983], [27.66227, 53.9274808], [27.6625102, 53.9278545], [27.6629664, 53.9277481], [27.6627271, 53.9273769], [27.6625511, 53.9271038], [27.6607063, 53.9273665], [27.6604979, 53.92659], [27.6603978, 53.926576], [27.6602253, 53.9265654], [27.6601675, 53.9265746], [27.6598833, 53.9266503], [27.6596831, 53.926621], [27.6595492, 53.9266322], [27.6593266, 53.9266836], [27.6584454, 53.9268506], [27.6585504, 53.9274172], [27.65912, 53.9273641], [27.6594124, 53.9274588], [27.6594742, 53.9274546], [27.6595702, 53.9278312], [27.6598773, 53.929734], [27.6598955, 53.9301508], [27.6597721, 53.9319304], [27.6598263, 53.9325903], [27.660036, 53.9333762], [27.660157, 53.93609], [27.6597386, 53.9365218], [27.6598018, 53.9365375], [27.6598566, 53.9365507], [27.6599025, 53.9365625], [27.660944, 53.936823], [27.6611476, 53.9368739], [27.6629718, 53.9373297], [27.6632048, 53.9373879], [27.6657232, 53.9380172], [27.6661569, 53.9380344]]]}}, {"type": "Feature", "properties": {"name": "", "kind": "wood", "osm_id": 23405855, "area": 5.891428656923381e-05}, "geometry": {"type": "Polygon", "coordinates": [[[27.680438, 53.8960286], [27.6846866, 53.8972424], [27.6850729, 53.8979504], [27.6862978, 53.898415], [27.6866889, 53.8985642], [27.6872367, 53.8984493], [27.6874124, 53.8985784], [27.6878264, 53.8984213], [27.6876624, 53.898084], [27.6878312, 53.8980246], [27.688104, 53.8975929], [27.6886823, 53.8975948], [27.6888484, 53.8978478], [27.6893283, 53.8979165], [27.6894459, 53.8982809], [27.6897043, 53.8984603], [27.6897936, 53.8978998], [27.6905727, 53.8965872], [27.6918923, 53.893662], [27.6927665, 53.891686], [27.6930701, 53.8908914], [27.6929676, 53.8906543], [27.6927669, 53.8906513], [27.692745, 53.8905368], [27.6927192, 53.8904017], [27.6926968, 53.8903307], [27.6926736, 53.8902572], [27.6926181, 53.890202], [27.6924886, 53.8902013], [27.6923641, 53.8903436], [27.6923039, 53.8905364], [27.6921263, 53.8906482], [27.6922148, 53.8908489], [27.6918598, 53.8910033], [27.6915042, 53.8912803], [27.6912345, 53.8910798], [27.6909, 53.8912933], [27.6907704, 53.891226], [27.6907686, 53.8911291], [27.6909808, 53.8909675], [27.6908156, 53.8909099], [27.6904802, 53.8911477], [27.689726, 53.8914696], [27.6897682, 53.891638], [27.6892645, 53.8918948], [27.6896805, 53.8921621], [27.6895361, 53.8922352], [27.6891256, 53.8924531], [27.6887557, 53.8921777], [27.6885314, 53.8923771], [27.6882264, 53.8921604], [27.6876789, 53.8924206], [27.6866847, 53.8929018], [27.6865755, 53.8930864], [27.6857374, 53.8935042], [27.6841914, 53.8937875], [27.6837986, 53.8941286], [27.6825409, 53.8941319], [27.6816826, 53.8940308], [27.6795785, 53.8936639], [27.6777795, 53.8942618], [27.6747537, 53.8956118], [27.6746981, 53.8956812], [27.6765548, 53.8960394], [27.6772674, 53.8954442], [27.6780814, 53.8953345], [27.6787744, 53.8955078], [27.6789869, 53.8955983], [27.6782841, 53.8963746], [27.6797485, 53.8968118], [27.6803565, 53.896026], [27.680438, 53.8960286]]]}}, {"type": "Feature", "properties": {"name": "", "kind": "wood", "osm_id": 416951677, "area": 5.629881354707322e-05}, "geometry": {"type": "Polygon", "coordinates": [[[27.739059, 53.8647563], [27.7420045, 53.8657665], [27.7430643, 53.86597], [27.7447774, 53.8659409], [27.7462933, 53.8654467], [27.7468848, 53.8648726], [27.7466876, 53.8638842], [27.7462686, 53.8630557], [27.7436436, 53.8607372], [27.7424728, 53.8598505], [27.7421277, 53.8587965], [27.7413513, 53.8574446], [27.7413636, 53.8563833], [27.7422386, 53.8552712], [27.7438768, 53.8548667], [27.7453936, 53.8571393], [27.7482775, 53.8613114], [27.7504588, 53.8632664], [27.7508039, 53.8638043], [27.7515064, 53.8654903], [27.7498426, 53.8654104], [27.7486472, 53.866188], [27.7475503, 53.8665368], [27.7461454, 53.8682446], [27.7458128, 53.8683542], [27.7454429, 53.8683536], [27.7427439, 53.867576], [27.7412638, 53.86704], [27.7412408, 53.8669556], [27.7417973, 53.8662739], [27.7417373, 53.8662091], [27.7393547, 53.8651342], [27.7391228, 53.8649122], [27.739059, 53.8647563]]]}}, {"type": "Feature", "properties": {"name": "\u041b\u0430\u043d\u0434\u0448\u0430\u0444\u0442\u043d\u0430-\u0440\u044d\u043a\u0440\u044d\u0430\u0446\u044b\u0439\u043d\u0430\u044f \u0437\u043e\u043d\u0430", "kind": "wood", "osm_id": 23644031, "area": 5.385384736200649e-05}, "geometry": {"type": "Polygon", "coordinates": [[[27.4782987, 53.8935294], [27.4791152, 53.8935291], [27.4789049, 53.8923797], [27.4786731, 53.8922633], [27.477935, 53.8922482], [27.4775402, 53.8922482], [27.4771593, 53.8921008], [27.4770681, 53.8920458], [27.4767623, 53.8913263], [27.4773002, 53.8899402], [27.4779074, 53.8894275], [27.478019, 53.8893368], [27.478033, 53.8889315], [27.4780564, 53.8882576], [27.4782421, 53.8874988], [27.4773534, 53.8881807], [27.4768631, 53.8878177], [27.4758868, 53.8874927], [27.4753215, 53.8872031], [27.4748118, 53.8872025], [27.4741155, 53.8873314], [27.4738065, 53.8872353], [27.4729989, 53.8866104], [27.4718002, 53.8864409], [27.470854, 53.8865524], [27.4706536, 53.8865383], [27.4702245, 53.8870885], [27.4687761, 53.8873414], [27.4679392, 53.8869493], [27.4685723, 53.8860989], [27.4678733, 53.8859796], [27.4674274, 53.8861543], [27.467113, 53.8861709], [27.4668546, 53.886295], [27.466324, 53.8861628], [27.4662012, 53.8861826], [27.4667564, 53.8864783], [27.4660188, 53.8865383], [27.4658881, 53.8862363], [27.4653488, 53.8862062], [27.4650545, 53.8861898], [27.4647774, 53.8863975], [27.4651265, 53.8867508], [27.4659594, 53.8871229], [27.4664456, 53.8869295], [27.4669085, 53.8869463], [27.4676808, 53.8875521], [27.4683144, 53.8879618], [27.4688861, 53.8881468], [27.469283, 53.8882685], [27.4694767, 53.8882123], [27.4700839, 53.8884314], [27.4701072, 53.8890817], [27.4705066, 53.8893581], [27.4706062, 53.8895502], [27.4704174, 53.8896463], [27.4699356, 53.8898152], [27.4696382, 53.8899305], [27.470529, 53.8904358], [27.4703011, 53.890471], [27.4691556, 53.8900997], [27.4690054, 53.8902188], [27.468794, 53.8905689], [27.4686739, 53.8906903], [27.4685279, 53.8908268], [27.4682747, 53.8910852], [27.4685382, 53.8917038], [27.4687305, 53.891758], [27.4688933, 53.8917347], [27.4688299, 53.8923493], [27.4691835, 53.8925431], [27.4697553, 53.8926456], [27.4703959, 53.8926705], [27.4705591, 53.892563], [27.4707184, 53.8925297], [27.4725147, 53.8925012], [27.472432, 53.8931901], [27.473132, 53.8932596], [27.4735038, 53.8932836], [27.4745962, 53.8933508], [27.4752485, 53.8932598], [27.4761497, 53.8932395], [27.4766132, 53.8933255], [27.4767567, 53.8935298], [27.4773572, 53.8935286], [27.477853, 53.8935277], [27.4777891, 53.8929664], [27.4781252, 53.8929865], [27.4782955, 53.8929967], [27.4782987, 53.8935294]]]}}, {"type": "Feature", "properties": {"name": "", "kind": "wood", "osm_id": 236766, "area": 4.918549382182391e-05}, "geometry": {"type": "MultiPolygon", "coordinates": [[[[27.690777, 53.9590548], [27.6893208, 53.9612007], [27.6893422, 53.9613344], [27.6894158, 53.9614039], [27.6895287, 53.96143], [27.6924356, 53.9610116], [27.6929732, 53.9609342], [27.6948011, 53.9609381], [27.7017163, 53.9609889], [27.7015956, 53.9595972], [27.7011317, 53.9593922], [27.6989662, 53.9586366], [27.6989321, 53.958168], [27.6982941, 53.9581698], [27.6982427, 53.9587897], [27.695091, 53.9589161], [27.6950674, 53.9584763], [27.6949234, 53.9582857], [27.6941046, 53.9582546], [27.692781, 53.9583244], [27.691971, 53.9584107], [27.6909237, 53.9587531], [27.690777, 53.9590548]]], [[[27.7196348, 53.9641121], [27.7248982, 53.9653375], [27.7255459, 53.9654569], [27.72585, 53.9651373], [27.7262813, 53.96476], [27.726239, 53.9646263], [27.7231281, 53.9631823], [27.7175769, 53.9606056], [27.7166065, 53.9607151], [27.7162651, 53.9604054], [27.7125457, 53.9607693], [27.71122, 53.960899], [27.7114036, 53.9613415], [27.7115092, 53.961596], [27.7128966, 53.9624471], [27.7135767, 53.9615973], [27.7152818, 53.9613579], [27.7169607, 53.962072], [27.7196181, 53.9634554], [27.7196348, 53.9641121]]]]}}, {"type": "Feature", "properties": {"name": "", "kind": "wood", "osm_id": 1484808186, "area": 4.836343396164011e-05}, "geometry": {"type": "Polygon", "coordinates": [[[27.7435346, 53.8307072], [27.7474952, 53.8287371], [27.7488202, 53.8281323], [27.7490777, 53.8279297], [27.7573442, 53.8238389], [27.7599732, 53.8242646], [27.7607936, 53.8244373], [27.7609458, 53.8244317], [27.7611732, 53.8242063], [27.7613818, 53.824236], [27.7616435, 53.8242616], [27.7627408, 53.8244502], [27.7629106, 53.8245848], [27.7627668, 53.8247685], [27.762166, 53.8250683], [27.7619174, 53.825189], [27.7561438, 53.8279917], [27.7543414, 53.8289947], [27.7533909, 53.8305251], [27.7435346, 53.8307072]]]}}, {"type": "Feature", "properties": {"name": "", "kind": "wood", "osm_id": 58774363, "area": 4.6690429144291556e-05}, "geometry": {"type": "Polygon", "coordinates": [[[27.6819805, 53.9016931], [27.6792821, 53.9015783], [27.6791262, 53.9015057], [27.6790776, 53.9014266], [27.6791849, 53.9009705], [27.6727414, 53.8992023], [27.6745412, 53.8970464], [27.678589, 53.8981417], [27.6781172, 53.8988073], [27.67913, 53.8990804], [27.679542, 53.8984634], [27.6801428, 53.8985898], [27.6787695, 53.9004762], [27.6794475, 53.9009262], [27.6811298, 53.8987314], [27.6811899, 53.8983977], [27.6810139, 53.8978178], [27.6807865, 53.8976542], [27.6826317, 53.8981023], [27.6846746, 53.8988326], [27.6862954, 53.8988563], [27.6866799, 53.8988637], [27.6872839, 53.8987011], [27.6880732, 53.8984216], [27.6882218, 53.8984233], [27.6891337, 53.8983146], [27.689379, 53.8983508], [27.6895144, 53.8984554], [27.689649, 53.8988641], [27.6894769, 53.8993082], [27.6891313, 53.9000456], [27.6886742, 53.9007158], [27.6884654, 53.9017175], [27.6883378, 53.9020827], [27.6882687, 53.9025634], [27.6881658, 53.9026589], [27.6881258, 53.9026727], [27.6880623, 53.9026946], [27.6879185, 53.9026925], [27.6819805, 53.9016931]]]}}, {"type": "Feature", "properties": {"name": "\u041b\u0435\u0441\u0430\u043f\u0430\u0440\u043a \u0414\u0440\u0430\u0437\u0434\u044b", "kind": "forest", "osm_id": 29383184, "area": 4.6591894033554127e-05}, "geometry": {"type": "Polygon", "coordinates": [[[27.4583019, 53.9597021], [27.4583541, 53.9596204], [27.4586534, 53.9592946], [27.4586647, 53.9592448], [27.4586549, 53.9591937], [27.4586267, 53.9591443], [27.4581585, 53.9587716], [27.4581205, 53.9587373], [27.4581072, 53.9586989], [27.4581154, 53.9586646], [27.4581749, 53.9586325], [27.4583541, 53.9585744], [27.4585926, 53.9584886], [27.4587694, 53.95841], [27.4593318, 53.9581378], [27.459896, 53.957785], [27.4601618, 53.9575405], [27.4606847, 53.9572815], [27.4613297, 53.9567957], [27.4614449, 53.9566559], [27.4615508, 53.9564563], [27.4616949, 53.9561477], [27.4636972, 53.9563313], [27.4669904, 53.9565643], [27.4681459, 53.9566674], [27.4685004, 53.9567072], [27.4687806, 53.9567761], [27.4684367, 53.9574332], [27.4681952, 53.958122], [27.4681142, 53.9581592], [27.4675825, 53.9581207], [27.4674525, 53.9585784], [27.4679802, 53.9586428], [27.4678064, 53.9588018], [27.4676283, 53.9589773], [27.466829, 53.9608206], [27.4661955, 53.9607582], [27.4660568, 53.9612862], [27.4665061, 53.9613312], [27.4662915, 53.9619068], [27.4655684, 53.9634812], [27.465379, 53.9634691], [27.4651895, 53.9634329], [27.4645202, 53.9631698], [27.4632611, 53.9627115], [27.4631608, 53.9626057], [27.4630446, 53.9625272], [27.4628032, 53.9624025], [27.4625923, 53.9623572], [27.4621741, 53.9622034], [27.4611318, 53.9616292], [27.4588904, 53.9601611], [27.4583289, 53.9597761], [27.4583, 53.9597391], [27.4583019, 53.9597021]]]}}, {"type": "Feature", "properties": {"name": "", "kind": "wood", "osm_id": 224866295, "area": 4.548590618469461e-05}, "geometry": {"type": "Polygon", "coordinates": [[[27.7407685, 53.9095788], [27.7401815, 53.9097845], [27.7396456, 53.9099723], [27.7393765, 53.9101169], [27.7368381, 53.9110028], [27.7364185, 53.9113265], [27.7361623, 53.9118236], [27.7359398, 53.9120855], [27.7345686, 53.9103134], [27.7334988, 53.9088582], [27.7318616, 53.9067204], [27.730724, 53.9052452], [27.7294592, 53.9034241], [27.7294832, 53.9033613], [27.7296047, 53.9033272], [27.7300266, 53.9033405], [27.730184, 53.9033405], [27.7303458, 53.9033405], [27.730464, 53.9030898], [27.7313328, 53.9028391], [27.7325799, 53.9025814], [27.7331945, 53.9027764], [27.7352986, 53.9043851], [27.7363448, 53.9051964], [27.737901, 53.9066826], [27.7406969, 53.9094474], [27.7407685, 53.9095788]]]}}, {"type": "Feature", "properties": {"name": "", "kind": "wood", "osm_id": 420492647, "area": 4.396571341658273e-05}, "geometry": {"type": "Polygon", "coordinates": [[[27.8175568, 53.8957159], [27.8140162, 53.8951216], [27.8122138, 53.8933261], [27.8106474, 53.8918213], [27.8075789, 53.8914546], [27.8060501, 53.8908855], [27.8055351, 53.8906927], [27.8051059, 53.890228], [27.8046607, 53.8896463], [27.8047975, 53.8894107], [27.8035923, 53.888525], [27.8079388, 53.8891001], [27.8179102, 53.8904194], [27.8172912, 53.8934272], [27.8169586, 53.8951469], [27.8175568, 53.8957159]]]}}, {"type": "Feature", "properties": {"name": "", "kind": "wood", "osm_id": 25659860, "area": 4.350831568444846e-05}, "geometry": {"type": "Polygon", "coordinates": [[[27.9072759, 53.8643672], [27.9074886, 53.8643764], [27.9079044, 53.8643838], [27.9084605, 53.8643321], [27.9090493, 53.8641199], [27.9155357, 53.8675041], [27.9158664, 53.8677531], [27.9164711, 53.8680209], [27.9171932, 53.8683134], [27.9180005, 53.8687482], [27.9168498, 53.8691706], [27.9155406, 53.8697506], [27.915263, 53.869908], [27.9101226, 53.8721517], [27.9089796, 53.8720127], [27.9087551, 53.8713177], [27.909091, 53.8712673], [27.9072759, 53.8643672]]]}}, {"type": "Feature", "properties": {"name": "\u041b\u0435\u0441\u0430\u043f\u0430\u0440\u043a \u0414\u0440\u0430\u0437\u0434\u044b", "kind": "wood", "osm_id": 25716456, "area": 4.223979783546383e-05}, "geometry": {"type": "Polygon", "coordinates": [[[27.487059, 53.9528249], [27.4876853, 53.9529195], [27.4877581, 53.9529331], [27.4878225, 53.9529551], [27.4878729, 53.9529935], [27.4879157, 53.953042], [27.4879699, 53.9530886], [27.4880506, 53.9531271], [27.4881562, 53.9531511], [27.4894793, 53.953323], [27.4896094, 53.9533221], [27.4897537, 53.9533044], [27.4898881, 53.9532698], [27.4907396, 53.9529378], [27.4909896, 53.9528375], [27.4912087, 53.9527263], [27.4914707, 53.9525855], [27.4917399, 53.9524607], [27.4920305, 53.9523345], [27.492345, 53.9521902], [27.4925344, 53.9521035], [27.4926476, 53.9520401], [27.492735, 53.9519704], [27.4928033, 53.9519047], [27.4928344, 53.9518483], [27.4928717, 53.9517774], [27.492811, 53.9517442], [27.4927434, 53.9517342], [27.4926496, 53.9517462], [27.4925396, 53.9517837], [27.492419, 53.9518458], [27.4922732, 53.9519157], [27.492076, 53.9519909], [27.4918822, 53.9520344], [27.4917671, 53.9520401], [27.4916565, 53.9520243], [27.4915848, 53.9519834], [27.491531, 53.9519158], [27.4915006, 53.9518445], [27.491502, 53.9517836], [27.4915512, 53.9517276], [27.4916608, 53.951683], [27.491797, 53.9516711], [27.4920986, 53.9516693], [27.4923331, 53.9516592], [27.4925184, 53.951631], [27.4926889, 53.9515711], [27.492799, 53.9514746], [27.4928859, 53.951345], [27.4929328, 53.9512261], [27.492948, 53.9510572], [27.4929351, 53.9508943], [27.4928834, 53.9507459], [27.4927949, 53.950648], [27.492664, 53.9505772], [27.4924827, 53.9505028], [27.4923461, 53.9504176], [27.4922343, 53.9503388], [27.4921187, 53.9502699], [27.4919465, 53.9501991], [27.4914147, 53.949982], [27.490775, 53.9499287], [27.4905069, 53.9493737], [27.4903568, 53.9486082], [27.4913751, 53.948505], [27.491575, 53.9487217], [27.4914528, 53.948963], [27.4914421, 53.9489882], [27.4913722, 53.9491537], [27.491352, 53.9493845], [27.491386, 53.9495848], [27.4914567, 53.9497473], [27.4917984, 53.950079], [27.4921791, 53.9497685], [27.4923507, 53.9495664], [27.4923623, 53.9494803], [27.4922606, 53.9493442], [27.4921705, 53.9491219], [27.4927713, 53.9491017], [27.493003, 53.9488997], [27.4931747, 53.9486976], [27.4936872, 53.948439], [27.4935951, 53.9482897], [27.4935257, 53.9481584], [27.4934872, 53.9481275], [27.4934285, 53.948119], [27.4933585, 53.948128], [27.493317, 53.9481561], [27.4932862, 53.9482005], [27.4932554, 53.9482653], [27.4930771, 53.9486122], [27.4930106, 53.9487247], [27.4929098, 53.948837], [27.4927846, 53.9489326], [27.4926416, 53.9490053], [27.4924924, 53.9490492], [27.4923368, 53.9490643], [27.4922082, 53.9490599], [27.4920613, 53.9490316], [27.4919523, 53.9489763], [27.491888, 53.9488924], [27.4918574, 53.9487743], [27.491806, 53.9486172], [27.4917428, 53.948517], [27.4916495, 53.9484227], [27.4915508, 53.9483205], [27.4914893, 53.9482354], [27.4914747, 53.9481535], [27.4914815, 53.9480604], [27.4915083, 53.94795], [27.4915887, 53.9477575], [27.491812, 53.94727], [27.4919113, 53.9471062], [27.4920213, 53.946957], [27.4920745, 53.9468758], [27.4921137, 53.9467864], [27.4921193, 53.9467146], [27.4920824, 53.9466333], [27.4920219, 53.9465487], [27.4919334, 53.9464833], [27.491811, 53.9463983], [27.4916699, 53.9463064], [27.4915651, 53.946254], [27.4914683, 53.9462279], [27.4913406, 53.9462134], [27.4911809, 53.9462075], [27.4910703, 53.9461921], [27.4909646, 53.9461583], [27.4908746, 53.9461099], [27.4908155, 53.9460471], [27.4907976, 53.9459827], [27.4908124, 53.9459018], [27.4908446, 53.9458125], [27.4909097, 53.9456963], [27.4910052, 53.9455733], [27.4912979, 53.9451622], [27.4909201, 53.9452454], [27.4907427, 53.9454387], [27.4906511, 53.9456831], [27.490066, 53.9458215], [27.4898492, 53.9455354], [27.4892118, 53.9456765], [27.4891593, 53.9457423], [27.4896103, 53.9458732], [27.4894643, 53.9462634], [27.4892155, 53.9461951], [27.4889833, 53.9459608], [27.4890433, 53.9457275], [27.4890526, 53.9456913], [27.4889986, 53.9453685], [27.4887826, 53.9452163], [27.4884724, 53.9451749], [27.4881782, 53.9453072], [27.4881229, 53.9454883], [27.4883361, 53.9456562], [27.4884422, 53.945871], [27.4860543, 53.9464993], [27.4860353, 53.9465705], [27.4860126, 53.9466297], [27.4859698, 53.9467244], [27.485896, 53.9469374], [27.4858788, 53.9470145], [27.4858587, 53.9470833], [27.4857891, 53.9472698], [27.4857628, 53.9473691], [27.4857377, 53.947466], [27.485725, 53.9475703], [27.4857294, 53.9484883], [27.4857248, 53.9494277], [27.4857016, 53.9499397], [27.4856905, 53.9500141], [27.4854533, 53.950904], [27.4857453, 53.9512777], [27.4859047, 53.9513511], [27.4863021, 53.951528], [27.4863769, 53.9515616], [27.486497, 53.9516815], [27.486746, 53.9519303], [27.486746, 53.9520665], [27.486746, 53.9523697], [27.4868294, 53.9526775], [27.4868648, 53.9527333], [27.4869105, 53.9527708], [27.4869754, 53.9528033], [27.487059, 53.9528249]]]}}, {"type": "Feature", "properties": {"name": "", "kind": "wood", "osm_id": 37617239, "area": 4.128895875510352e-05}, "geometry": {"type": "Polygon", "coordinates": [[[27.7254329, 53.8885921], [27.7245672, 53.8886733], [27.7237653, 53.8869578], [27.7208348, 53.8875129], [27.7189588, 53.8878683], [27.71711, 53.8845241], [27.7166104, 53.8836484], [27.7159385, 53.8824403], [27.7194919, 53.8826234], [27.7217181, 53.8828526], [27.7225693, 53.8828963], [27.7230099, 53.882844], [27.7255588, 53.8822676], [27.7258015, 53.8861083], [27.7254329, 53.8885921]]]}}, {"type": "Feature", "properties": {"name": "", "kind": "wood", "osm_id": 3160952, "area": 4.086866499619646e-05}, "geometry": {"type": "Polygon", "coordinates": [[[27.5286349, 53.8551864], [27.5284453, 53.8550521], [27.5281884, 53.8547892], [27.5279989, 53.8545954], [27.5275076, 53.8540928], [27.5272018, 53.8537799], [27.5268112, 53.853296], [27.5266451, 53.8530892], [27.5264962, 53.8529039], [27.5261266, 53.8524438], [27.5257789, 53.8520109], [27.5253763, 53.8516248], [27.5248493, 53.8514186], [27.5240697, 53.8516127], [27.5239613, 53.8515689], [27.5238788, 53.8515355], [27.5237368, 53.8514328], [27.5235996, 53.8513014], [27.5234415, 53.8511477], [27.5231655, 53.8508701], [27.5235009, 53.8507012], [27.5237253, 53.8505725], [27.5244596, 53.8501831], [27.5245992, 53.8502312], [27.5252422, 53.8504002], [27.5258074, 53.8505088], [27.5263953, 53.850465], [27.5274603, 53.8506565], [27.5280646, 53.8505302], [27.5282527, 53.8510956], [27.5281133, 53.851117], [27.5281719, 53.851285], [27.5282416, 53.8513294], [27.5284724, 53.8519254], [27.5285965, 53.8519264], [27.5290924, 53.85186], [27.5289827, 53.8515506], [27.5290246, 53.8515157], [27.5303381, 53.8513472], [27.5304078, 53.8513583], [27.5304649, 53.851384], [27.5303939, 53.8514967], [27.530128, 53.8515308], [27.5300086, 53.8516353], [27.529955, 53.8516543], [27.529962, 53.8517774], [27.5298301, 53.8518583], [27.5287221, 53.8520325], [27.5287987, 53.852268], [27.5286924, 53.8523574], [27.5288162, 53.8526256], [27.5289185, 53.8526451], [27.5295661, 53.8535682], [27.5299408, 53.8535668], [27.5300903, 53.8535662], [27.5301856, 53.8536275], [27.5303289, 53.8540141], [27.5305731, 53.8539978], [27.5307077, 53.8540709], [27.5309772, 53.8540021], [27.5312091, 53.8539538], [27.5318899, 53.8539525], [27.5320674, 53.8540722], [27.5325429, 53.8539299], [27.5332671, 53.8537891], [27.5337151, 53.8535866], [27.5341143, 53.8534756], [27.5358052, 53.8530024], [27.5361475, 53.8529382], [27.5366267, 53.8529002], [27.5372842, 53.8529374], [27.5370728, 53.8530019], [27.5367879, 53.853039], [27.5368935, 53.8533209], [27.5371784, 53.8532837], [27.5370959, 53.8530635], [27.5371182, 53.8530401], [27.5373515, 53.8529528], [27.5374415, 53.8529417], [27.5377973, 53.8538739], [27.5376295, 53.8540657], [27.5378212, 53.8556097], [27.5372161, 53.8555262], [27.5371872, 53.8557564], [27.5367138, 53.8557796], [27.5356597, 53.8558948], [27.5349387, 53.856017], [27.5349811, 53.856254], [27.5352734, 53.8562476], [27.5353842, 53.856522], [27.5353752, 53.8570063], [27.5352044, 53.8572555], [27.5344132, 53.8571883], [27.5338469, 53.8568207], [27.5322066, 53.8569836], [27.5307758, 53.8569677], [27.5303435, 53.8581223], [27.5309385, 53.8583094], [27.5309006, 53.8585323], [27.5306654, 53.8584197], [27.5300894, 53.8582898], [27.5296837, 53.8581998], [27.529359, 53.8585736], [27.5288446, 53.8578651], [27.5294691, 53.8570228], [27.5300779, 53.8571748], [27.5302684, 53.8569089], [27.5305366, 53.856466], [27.5295871, 53.8560768], [27.5296769, 53.8559505], [27.5296408, 53.8558395], [27.5291419, 53.855637], [27.5286349, 53.8551864]]]}}, {"type": "Feature", "properties": {"name": "", "kind": "wood", "osm_id": 23554177, "area": 4.00995107838753e-05}, "geometry": {"type": "Polygon", "coordinates": [[[27.6689153, 53.9254238], [27.669019, 53.9254428], [27.6695374, 53.9254284], [27.6695903, 53.9254521], [27.6690943, 53.9258669], [27.6686835, 53.9259079], [27.6686304, 53.9259345], [27.6684269, 53.9268606], [27.6706789, 53.9273415], [27.6715861, 53.9275044], [27.6731231, 53.9281634], [27.6737261, 53.9280304], [27.674044, 53.9281856], [27.6737744, 53.9284955], [27.6740536, 53.9286706], [27.6743191, 53.9286375], [27.6746643, 53.9285535], [27.6754384, 53.9290917], [27.6757924, 53.9292269], [27.6757708, 53.9294411], [27.6763073, 53.9295675], [27.6770154, 53.929419], [27.6773449, 53.9290791], [27.6779164, 53.9279559], [27.6781253, 53.9274031], [27.6784155, 53.9266237], [27.6788607, 53.9260267], [27.6791163, 53.9253657], [27.6791347, 53.9251218], [27.6790668, 53.9249504], [27.6789433, 53.9248181], [27.6787955, 53.9247344], [27.6784936, 53.924565], [27.678082, 53.9243703], [27.677865, 53.9243117], [27.6777434, 53.9243346], [27.6776483, 53.9243702], [27.6775478, 53.9243658], [27.677316, 53.9243272], [27.6772456, 53.9242574], [27.6771834, 53.9242222], [27.6770141, 53.9241889], [27.6769406, 53.9241919], [27.6768503, 53.9242495], [27.6766391, 53.9242171], [27.6765615, 53.9241231], [27.6759253, 53.9239924], [27.6753235, 53.9239098], [27.6746588, 53.9238357], [27.6740918, 53.923776], [27.6731068, 53.9239372], [27.6730022, 53.9239407], [27.6724231, 53.923917], [27.671684, 53.9239422], [27.6714258, 53.9239563], [27.6699839, 53.9243404], [27.6690402, 53.9245146], [27.6688203, 53.9245898], [27.6687225, 53.9246649], [27.6684863, 53.9250799], [27.6684221, 53.9252198], [27.6684502, 53.9252469], [27.6686644, 53.925298], [27.6689153, 53.9254238]]]}}, {"type": "Feature", "properties": {"name": "", "kind": "wood", "osm_id": 63073253, "area": 3.961423612963699e-05}, "geometry": {"type": "Polygon", "coordinates": [[[27.4982796, 53.9465561], [27.5029374, 53.946941], [27.502535, 53.9471837], [27.5028267, 53.9477521], [27.5035007, 53.9478231], [27.5031587, 53.948652], [27.502171, 53.9484685], [27.5020722, 53.9487087], [27.5033222, 53.9488444], [27.5032868, 53.9490427], [27.5035705, 53.9493349], [27.5032687, 53.9492375], [27.5030581, 53.9496052], [27.5031889, 53.9504517], [27.5040641, 53.9495992], [27.5043095, 53.9492745], [27.5037537, 53.9488532], [27.5041186, 53.9477036], [27.5042208, 53.9474983], [27.5044699, 53.9474985], [27.5046464, 53.9470224], [27.5048709, 53.9472831], [27.5048308, 53.9474858], [27.5055684, 53.9475818], [27.5056677, 53.9471727], [27.5059514, 53.9471936], [27.5059585, 53.9472896], [27.5062777, 53.9473313], [27.5064745, 53.9470467], [27.5062404, 53.9470258], [27.5063185, 53.9468589], [27.506666, 53.9468964], [27.506744, 53.9466919], [27.506588, 53.9466585], [27.5068125, 53.9464923], [27.5075637, 53.9466285], [27.5076859, 53.9466503], [27.5074989, 53.946864], [27.5058993, 53.9487549], [27.5053182, 53.9496504], [27.504599, 53.9507984], [27.50443, 53.9510861], [27.503477, 53.9524211], [27.5034535, 53.9524144], [27.5029145, 53.9530132], [27.5023711, 53.9526668], [27.5007417, 53.9517447], [27.4992277, 53.950888], [27.4982294, 53.9500992], [27.4972234, 53.9493044], [27.4970329, 53.9488267], [27.4988196, 53.9490114], [27.4995111, 53.9490483], [27.5002199, 53.9491345], [27.500236, 53.9486419], [27.4984655, 53.9487177], [27.4967593, 53.948443], [27.496472, 53.9478553], [27.496318, 53.9472931], [27.4963118, 53.9468434], [27.4965177, 53.9464171], [27.498934, 53.944151], [27.4993512, 53.944058], [27.4988894, 53.944669], [27.4997465, 53.9446229], [27.4991078, 53.9449431], [27.4989389, 53.9451953], [27.4993097, 53.944994], [27.4992026, 53.9455615], [27.4988688, 53.9460756], [27.4984815, 53.9459859], [27.4982796, 53.9465561]]]}}, {"type": "Feature", "properties": {"name": "\u041f\u043e\u043c\u043d\u0456\u043a \u043f\u0440\u044b\u0440\u043e\u0434\u044b \u00ab\u0414\u0443\u0431\u0440\u0430\u0432\u0430\u00bb", "kind": "wood", "osm_id": 348906014, "area": 3.7588002896882244e-05}, "geometry": {"type": "Polygon", "coordinates": [[[27.4718162, 53.8314964], [27.4704617, 53.8322996], [27.4699035, 53.8320302], [27.4693862, 53.832396], [27.4692879, 53.8324655], [27.4698331, 53.8327284], [27.4695111, 53.8330106], [27.4685056, 53.833788], [27.4683628, 53.8338841], [27.4675176, 53.8344528], [27.4673017, 53.8345252], [27.4669355, 53.8346031], [27.4668153, 53.8347652], [27.4670884, 53.8348456], [27.46766, 53.8350992], [27.4687991, 53.8356418], [27.4704197, 53.836459], [27.4722172, 53.8373823], [27.4724834, 53.8375159], [27.4727736, 53.8376578], [27.4753991, 53.8393455], [27.4758858, 53.8391144], [27.4763367, 53.8389788], [27.4764708, 53.8387933], [27.4761185, 53.8385806], [27.4756618, 53.8385992], [27.4755871, 53.838389], [27.4757106, 53.8383128], [27.4751476, 53.8382924], [27.4751103, 53.8381145], [27.4751418, 53.8379629], [27.4739493, 53.8375461], [27.4738216, 53.8375291], [27.4736013, 53.8375731], [27.4735669, 53.8374872], [27.4734941, 53.8371244], [27.4734904, 53.8370015], [27.4733914, 53.835903], [27.4733781, 53.8357913], [27.4741486, 53.8356619], [27.4749756, 53.8355605], [27.4755641, 53.8368107], [27.4755848, 53.8368485], [27.4763139, 53.8367248], [27.4778274, 53.8362417], [27.4772528, 53.8355678], [27.4767731, 53.8350071], [27.4755665, 53.8334891], [27.4741073, 53.8322735], [27.4728795, 53.8312118], [27.4727058, 53.8310491], [27.4725568, 53.8311086], [27.4722915, 53.8312145], [27.4718162, 53.8314964]]]}}, {"type": "Feature", "properties": {"name": "", "kind": "wood", "osm_id": 577673963, "area": 3.631970446349442e-05}, "geometry": {"type": "Polygon", "coordinates": [[[28.077277, 53.8723829], [28.0772799, 53.8722731], [28.075655, 53.8714019], [28.07248, 53.8696119], [28.0582771, 53.8691264], [28.0584509, 53.8694174], [28.058761, 53.8697788], [28.0590036, 53.8702683], [28.0585724, 53.8705591], [28.0583391, 53.8707127], [28.0583739, 53.8708533], [28.0586618, 53.8709794], [28.0589343, 53.8710206], [28.0598279, 53.8706778], [28.0609072, 53.8707391], [28.061496, 53.8703757], [28.0620719, 53.8701287], [28.0624021, 53.8701933], [28.0626923, 53.8705655], [28.0628609, 53.8706023], [28.063306, 53.8704597], [28.0644818, 53.8707548], [28.0648876, 53.8707488], [28.0653906, 53.8708501], [28.065796, 53.8710325], [28.0661619, 53.8712578], [28.0660635, 53.8713426], [28.06678, 53.8715982], [28.0673083, 53.8715599], [28.0678043, 53.871742], [28.0686092, 53.8720597], [28.069584, 53.8726149], [28.0708392, 53.8735948], [28.0721706, 53.8729453], [28.0727827, 53.8727257], [28.0736434, 53.8724889], [28.0746811, 53.8723503], [28.0754404, 53.8723058], [28.0759922, 53.8723365], [28.0770153, 53.8724221], [28.077277, 53.8723829]]]}}, {"type": "Feature", "properties": {"name": "", "kind": "wood", "osm_id": 58774365, "area": 3.588117158415116e-05}, "geometry": {"type": "Polygon", "coordinates": [[[27.6603335, 53.893], [27.6591701, 53.8937289], [27.6587677, 53.8936265], [27.6574055, 53.8943816], [27.6572308, 53.8945121], [27.6578972, 53.8948512], [27.6574792, 53.8950962], [27.6568306, 53.8951977], [27.6563833, 53.8953926], [27.6564406, 53.8954938], [27.6558977, 53.8957704], [27.6554466, 53.8959198], [27.6547487, 53.8960755], [27.6542396, 53.8963014], [27.653895, 53.8962067], [27.6527889, 53.8968823], [27.6526622, 53.8970317], [27.6523251, 53.8972635], [27.6521665, 53.8972486], [27.6520738, 53.8972745], [27.6523035, 53.8973521], [27.652196, 53.8974477], [27.652082, 53.8974182], [27.6520395, 53.89745], [27.6522417, 53.8975732], [27.652536, 53.8977297], [27.6527112, 53.8978429], [27.6542978, 53.8985204], [27.6545375, 53.8985956], [27.6545991, 53.8986249], [27.6546619, 53.8986386], [27.6547163, 53.8986337], [27.6547358, 53.8985886], [27.6547989, 53.8985956], [27.654835, 53.8987178], [27.654982, 53.8987729], [27.6550911, 53.8987646], [27.6552314, 53.8987355], [27.6555416, 53.898738], [27.6558944, 53.8987931], [27.6560124, 53.8987338], [27.6561421, 53.8985178], [27.6570092, 53.8979809], [27.6579545, 53.8974994], [27.6606303, 53.8991474], [27.6617209, 53.8998045], [27.6635574, 53.8974925], [27.6630563, 53.8968793], [27.6626667, 53.896085], [27.6623292, 53.8966876], [27.6621277, 53.8965688], [27.6611656, 53.8968864], [27.6608784, 53.8965599], [27.66176, 53.89618], [27.6622234, 53.8965006], [27.6625389, 53.8960191], [27.6603335, 53.893]]]}}, {"type": "Feature", "properties": {"name": "", "kind": "wood", "osm_id": 29382942, "area": 3.424765986892453e-05}, "geometry": {"type": "Polygon", "coordinates": [[[27.4388717, 53.9549194], [27.4385428, 53.954696], [27.4383119, 53.9544672], [27.438089, 53.9541546], [27.4378457, 53.95393], [27.4373928, 53.9534748], [27.4371131, 53.9531797], [27.436839, 53.9529889], [27.4366752, 53.9529265], [27.4362418, 53.9526354], [27.4360195, 53.9524251], [27.4357794, 53.9521624], [27.4355569, 53.9518249], [27.4356253, 53.951682], [27.435389, 53.9515896], [27.4353224, 53.9514644], [27.4353729, 53.9513321], [27.4355221, 53.9513125], [27.4376657, 53.9513946], [27.4395148, 53.9513891], [27.4397583, 53.951478], [27.439826, 53.9514917], [27.4400844, 53.9515017], [27.4401331, 53.9514631], [27.4402006, 53.9514122], [27.440405, 53.9513826], [27.4409562, 53.9513885], [27.4411011, 53.9513648], [27.4419607, 53.9513608], [27.4429733, 53.951338], [27.4435741, 53.951323], [27.4438871, 53.951328], [27.4440797, 53.9513474], [27.4442663, 53.9514023], [27.444471, 53.9514655], [27.4447196, 53.9516019], [27.4448731, 53.9518378], [27.4453159, 53.9520641], [27.4458819, 53.9524805], [27.4458698, 53.9526375], [27.4463311, 53.9529255], [27.4464653, 53.9532334], [27.4464124, 53.9533982], [27.4476071, 53.9539185], [27.4477769, 53.9540876], [27.4478362, 53.9542284], [27.4477585, 53.9543187], [27.4476101, 53.9543237], [27.4474654, 53.9542879], [27.4472458, 53.9544348], [27.4465988, 53.9546867], [27.4459288, 53.954989], [27.4451464, 53.9552129], [27.4419099, 53.9558985], [27.4417434, 53.9552528], [27.4419846, 53.95521], [27.4426534, 53.9551048], [27.4417074, 53.9533662], [27.4399268, 53.9540174], [27.4403576, 53.9551169], [27.4413618, 53.9550464], [27.4417359, 53.9559866], [27.4409468, 53.9561633], [27.4408635, 53.9561578], [27.4404415, 53.955914], [27.4400259, 53.9556638], [27.4394393, 53.9552695], [27.4390641, 53.9550236], [27.4388717, 53.9549194]]]}}, {"type": "Feature", "properties": {"name": "", "kind": "wood", "osm_id": 224877904, "area": 3.4019537906715414e-05}, "geometry": {"type": "Polygon", "coordinates": [[[27.8403683, 53.902453], [27.8364491, 53.9017657], [27.8341106, 53.9014539], [27.8339961, 53.9012503], [27.8340516, 53.8997954], [27.8359874, 53.899183], [27.8361094, 53.8989462], [27.8361171, 53.8989313], [27.8361939, 53.8987823], [27.8363768, 53.8983145], [27.8365475, 53.8978782], [27.8367058, 53.8974733], [27.8374926, 53.8964283], [27.8379937, 53.8963381], [27.8383543, 53.8962732], [27.8385852, 53.8962317], [27.8392664, 53.8961091], [27.8399113, 53.8959738], [27.8405428, 53.8958413], [27.841058, 53.8955876], [27.8419434, 53.8951515], [27.8424182, 53.8949655], [27.8422376, 53.8956164], [27.8417834, 53.8969371], [27.8411012, 53.8991037], [27.8409798, 53.8994717], [27.8409428, 53.8996313], [27.8408781, 53.8999318], [27.8408215, 53.9002861], [27.8407868, 53.901002], [27.8406579, 53.9018014], [27.8406376, 53.9020971], [27.8406363, 53.9024248], [27.8403683, 53.902453]]]}}, {"type": "Feature", "properties": {"name": "", "kind": "wood", "osm_id": 23408944, "area": 3.2300747307090205e-05}, "geometry": {"type": "Polygon", "coordinates": [[[27.6770787, 53.9081467], [27.6773165, 53.9087109], [27.6775401, 53.9091015], [27.6781036, 53.909556], [27.6784136, 53.9100225], [27.6787741, 53.9103315], [27.6790362, 53.9109624], [27.6792694, 53.9112781], [27.6790365, 53.9114159], [27.6790411, 53.9114689], [27.6790667, 53.9116028], [27.6792377, 53.9117522], [27.6792414, 53.9118108], [27.6788924, 53.9119486], [27.6783146, 53.9112027], [27.6782211, 53.9111266], [27.6779782, 53.9108224], [27.6777023, 53.9104899], [27.6774981, 53.9104474], [27.6772693, 53.9101998], [27.6774719, 53.9100742], [27.677509, 53.9098889], [27.6773876, 53.9097498], [27.6771301, 53.9094464], [27.6761516, 53.9090217], [27.6753277, 53.9093453], [27.6744841, 53.9087689], [27.6744849, 53.9087099], [27.6746152, 53.9085986], [27.6744451, 53.9085289], [27.67422, 53.9085048], [27.6740444, 53.9082558], [27.6736626, 53.9079094], [27.6721519, 53.907161], [27.6707786, 53.9065037], [27.6705137, 53.9064002], [27.6703861, 53.9062964], [27.6697738, 53.9058025], [27.6704092, 53.9054542], [27.6699978, 53.9050097], [27.669309, 53.9052163], [27.6690768, 53.9052987], [27.6690409, 53.9051078], [27.6686719, 53.9049799], [27.6683536, 53.904737], [27.6681076, 53.9044429], [27.6676157, 53.9041488], [27.6676084, 53.9038462], [27.6677145, 53.9035608], [27.6685041, 53.9031057], [27.6675428, 53.9019528], [27.6727324, 53.9018129], [27.673334, 53.9028415], [27.673541, 53.9028401], [27.6734131, 53.9032346], [27.6728901, 53.9052548], [27.6732677, 53.9053913], [27.6736626, 53.9052042], [27.6738943, 53.9052245], [27.674023, 53.9054267], [27.6734532, 53.9060781], [27.67402, 53.9064597], [27.6744319, 53.9071283], [27.6753418, 53.9073881], [27.67605, 53.906818], [27.6760865, 53.9067522], [27.6761913, 53.9067648], [27.6762131, 53.9068654], [27.6770787, 53.9081467]]]}}, {"type": "Feature", "properties": {"name": "", "kind": "wood", "osm_id": 58774369, "area": 3.193860527517245e-05}, "geometry": {"type": "Polygon", "coordinates": [[[27.6682623, 53.8956034], [27.6654338, 53.9016545], [27.6646274, 53.9016703], [27.6620474, 53.8999971], [27.6645455, 53.8974351], [27.6626807, 53.8950124], [27.6625027, 53.893974], [27.6633048, 53.893062], [27.6633637, 53.8930204], [27.6637005, 53.8930614], [27.6642256, 53.8931451], [27.6643127, 53.8931368], [27.6644553, 53.8931496], [27.6651051, 53.8931991], [27.665774, 53.8933116], [27.6658805, 53.8932582], [27.6659263, 53.8932617], [27.6661145, 53.8933412], [27.6664981, 53.8933802], [27.666571, 53.8933975], [27.6670464, 53.8935104], [27.6682623, 53.8956034]]]}}, {"type": "Feature", "properties": {"name": "", "kind": "wood", "osm_id": 224858093, "area": 3.098510194377013e-05}, "geometry": {"type": "Polygon", "coordinates": [[[27.7064205, 53.9232908], [27.7067864, 53.9233517], [27.7074656, 53.9235765], [27.708356, 53.9237586], [27.7092358, 53.9238528], [27.7100889, 53.9238591], [27.7116885, 53.9235294], [27.7123443, 53.9233096], [27.7132934, 53.9231244], [27.7135493, 53.9232311], [27.7137413, 53.9231526], [27.7138852, 53.9230019], [27.7142318, 53.9230427], [27.7145197, 53.9232186], [27.7150156, 53.924261], [27.7151649, 53.9243363], [27.7153942, 53.9242892], [27.7151649, 53.923991], [27.7150689, 53.9237304], [27.7148983, 53.9234635], [27.714893, 53.9231715], [27.7149943, 53.923093], [27.7151969, 53.9236016], [27.7156554, 53.9241794], [27.7160761, 53.9248465], [27.7167171, 53.9260143], [27.7165022, 53.9262008], [27.7162005, 53.9263073], [27.7161327, 53.9263784], [27.7163061, 53.9265915], [27.7162835, 53.9267824], [27.7164758, 53.9268756], [27.7164531, 53.9270288], [27.7165512, 53.9271265], [27.7166907, 53.9271531], [27.7165059, 53.9272109], [27.7162458, 53.9271576], [27.7161666, 53.9271154], [27.7160712, 53.9271694], [27.7161316, 53.9273049], [27.7143705, 53.9277203], [27.7135009, 53.9279611], [27.7129089, 53.9281421], [27.7123439, 53.9280543], [27.7119895, 53.9279544], [27.7116237, 53.9277501], [27.7079466, 53.9253053], [27.707926, 53.9252517], [27.7078773, 53.9247747], [27.7077067, 53.9245267], [27.7074827, 53.9242849], [27.7070828, 53.9239835], [27.7067469, 53.9237104], [27.7063737, 53.9234027], [27.7063257, 53.9233336], [27.7064205, 53.9232908]]]}}, {"type": "Feature", "properties": {"name": "", "kind": "wood", "osm_id": 233933986, "area": 3.014305116266769e-05}, "geometry": {"type": "Polygon", "coordinates": [[[28.0173464, 53.8968251], [28.0175132, 53.8970244], [28.0175453, 53.8971035], [28.0168211, 53.8976471], [28.0144662, 53.8992117], [28.0143589, 53.8992813], [28.0141497, 53.8997491], [28.0135703, 53.9017687], [28.0130231, 53.9029981], [28.0128618, 53.9031998], [28.0097934, 53.9053425], [28.0063074, 53.9035854], [28.0061422, 53.9034498], [28.0060585, 53.9033158], [28.0060891, 53.9031964], [28.0097723, 53.900634], [28.01121, 53.8996195], [28.0114299, 53.8997364], [28.0133958, 53.8983509], [28.0139537, 53.898214], [28.0165967, 53.8973988], [28.0171605, 53.8969499], [28.0173464, 53.8968251]]]}}, {"type": "Feature", "properties": {"name": "", "kind": "forest", "osm_id": 422147574, "area": 3.00853196222306e-05}, "geometry": {"type": "Polygon", "coordinates": [[[27.6597715, 53.829993], [27.6597212, 53.8301529], [27.6598025, 53.8303036], [27.6600308, 53.8305983], [27.6602243, 53.8308244], [27.6603249, 53.830861], [27.6604294, 53.8308701], [27.6608319, 53.8307376], [27.6614473, 53.8305503], [27.6619388, 53.830443], [27.6625736, 53.8302876], [27.6632431, 53.830162], [27.6642803, 53.8298742], [27.6649925, 53.8296869], [27.6653524, 53.8295224], [27.6656195, 53.8293648], [27.6658052, 53.8292369], [27.6659368, 53.8290747], [27.6659562, 53.8289423], [27.6658749, 53.8287138], [27.6657588, 53.8284854], [27.6657975, 53.8283758], [27.6660297, 53.828273], [27.6662387, 53.8282867], [27.6666373, 53.8284671], [27.6675352, 53.828892], [27.668108, 53.8291547], [27.668379, 53.8292461], [27.6693415, 53.8294223], [27.6703031, 53.8296208], [27.6705801, 53.8297072], [27.6707146, 53.829831], [27.67077, 53.8299921], [27.6706711, 53.830277], [27.6706038, 53.8304218], [27.6706196, 53.8305245], [27.6707858, 53.83073], [27.6711934, 53.831078], [27.671411, 53.8312368], [27.6716682, 53.8313863], [27.6718819, 53.8316245], [27.6720995, 53.8318463], [27.6723607, 53.8319724], [27.6726377, 53.8321195], [27.6728395, 53.832332], [27.6730294, 53.8325749], [27.6735082, 53.8330653], [27.6741136, 53.8337261], [27.6747388, 53.8343566], [27.6748417, 53.8345317], [27.6748852, 53.8348119], [27.6749248, 53.8350151], [27.6750039, 53.8351202], [27.6751622, 53.8352252], [27.675277, 53.8352649], [27.6754194, 53.8352509], [27.6758072, 53.8351015], [27.6763176, 53.8348143], [27.6764561, 53.8347325], [27.6765076, 53.8346508], [27.6761752, 53.8343309], [27.6751978, 53.8334179], [27.6743075, 53.8324464], [27.6737892, 53.8318416], [27.673156, 53.8312625], [27.6726693, 53.8307604], [27.6721747, 53.8302887], [27.672056, 53.8301345], [27.6720501, 53.8300816], [27.6720995, 53.830008], [27.6721945, 53.829994], [27.6725308, 53.8300793], [27.672502, 53.8300076], [27.6722957, 53.8299531], [27.6720332, 53.8298918], [27.6717807, 53.8298377], [27.6711163, 53.82969], [27.6709563, 53.8296451], [27.6708092, 53.8295902], [27.6706726, 53.8295388], [27.6705096, 53.8294934], [27.6703148, 53.8294587], [27.6701605, 53.8294414], [27.6699777, 53.8294169], [27.6697318, 53.8293756], [27.6693938, 53.8293146], [27.6691646, 53.8292641], [27.6689558, 53.8292045], [27.66876, 53.8291412], [27.6685418, 53.8290694], [27.6683359, 53.8289936], [27.6680895, 53.8288986], [27.6676251, 53.8287171], [27.6673701, 53.8286043], [27.666425, 53.8281861], [27.6656781, 53.8278853], [27.6654188, 53.8278861], [27.665217, 53.8279352], [27.6647856, 53.8277647], [27.6644889, 53.8276969], [27.6642238, 53.8276829], [27.6640378, 53.8275895], [27.6636896, 53.8275475], [27.6634086, 53.827412], [27.6634012, 53.8273458], [27.663278, 53.8272812], [27.6629219, 53.8271598], [27.6626845, 53.8269379], [27.6623126, 53.8265409], [27.6616992, 53.8262256], [27.6612946, 53.8260157], [27.6610909, 53.8259497], [27.6608503, 53.8258747], [27.6606327, 53.8258276], [27.6604672, 53.8258131], [27.660316, 53.8258137], [27.6601773, 53.8258278], [27.6600438, 53.8258583], [27.6599455, 53.8259025], [27.6594197, 53.8262266], [27.6593864, 53.8262449], [27.6593449, 53.8262514], [27.6593039, 53.8262453], [27.6592827, 53.8262275], [27.6592846, 53.8262029], [27.6593071, 53.8261814], [27.6598612, 53.8258199], [27.6599206, 53.8257745], [27.6599657, 53.8257195], [27.6599754, 53.8256608], [27.6599396, 53.8256123], [27.6598729, 53.8255689], [27.6597818, 53.8255374], [27.6595154, 53.8254503], [27.659422, 53.8254248], [27.659328, 53.8254137], [27.6592363, 53.8254213], [27.6591417, 53.8254311], [27.6590572, 53.8254277], [27.6589685, 53.8254106], [27.6588976, 53.8253773], [27.6588367, 53.8253313], [27.6587753, 53.8252731], [27.6584229, 53.8254241], [27.6583912, 53.8255969], [27.6585891, 53.8259753], [27.6586049, 53.8260664], [27.6584743, 53.8261177], [27.6584387, 53.8261831], [27.6585178, 53.8263396], [27.658597, 53.8263957], [27.65887, 53.8264003], [27.6589768, 53.8262602], [27.6590837, 53.8262532], [27.6592064, 53.826363], [27.6594636, 53.8265306], [27.6592078, 53.8265322], [27.6590567, 53.8264893], [27.6589, 53.8265405], [27.6588805, 53.826628], [27.6594512, 53.8270277], [27.6595492, 53.8271581], [27.659482, 53.8273035], [27.6594177, 53.8274125], [27.6594317, 53.8275677], [27.659566, 53.8277807], [27.6599129, 53.8282098], [27.6600696, 53.828408], [27.6601983, 53.8287382], [27.6603438, 53.8290949], [27.6604277, 53.8294681], [27.6604389, 53.8296993], [27.6603382, 53.8298413], [27.6600864, 53.8299239], [27.6598961, 53.8299668], [27.6597715, 53.829993]]]}}, {"type": "Feature", "properties": {"name": "", "kind": "wood", "osm_id": 23555739, "area": 2.6723342443801812e-05}, "geometry": {"type": "Polygon", "coordinates": [[[27.4665719, 53.9068623], [27.4681491, 53.9070975], [27.4692374, 53.9071974], [27.4694702, 53.9065474], [27.4691132, 53.906207], [27.469749, 53.9057134], [27.4698826, 53.9051942], [27.4700283, 53.9051893], [27.4700378, 53.9047646], [27.4706251, 53.9046083], [27.4711914, 53.9035842], [27.4718763, 53.9026551], [27.472352, 53.9020097], [27.4720408, 53.9019645], [27.4703232, 53.9017153], [27.4692777, 53.9012867], [27.4691427, 53.9012648], [27.4662065, 53.9007889], [27.4659866, 53.901135], [27.4656399, 53.9011073], [27.4655789, 53.9013657], [27.4659308, 53.9024266], [27.465909, 53.9029597], [27.465911, 53.9035223], [27.4660362, 53.9046204], [27.4662119, 53.90534], [27.4664076, 53.9060975], [27.4665719, 53.9068623]]]}}, {"type": "Feature", "properties": {"name": "", "kind": "wood", "osm_id": 25868103, "area": 2.6683421538109542e-05}, "geometry": {"type": "Polygon", "coordinates": [[[27.6934089, 53.9351035], [27.6934783, 53.9345459], [27.6935957, 53.934555], [27.6935171, 53.9351256], [27.6945305, 53.9351775], [27.6945378, 53.9349829], [27.6951291, 53.9349551], [27.6952705, 53.9343121], [27.697455, 53.9344349], [27.6978456, 53.9344518], [27.697919, 53.9344485], [27.6979479, 53.9345454], [27.6977364, 53.9351896], [27.6980378, 53.9352588], [27.698145, 53.9351248], [27.6986756, 53.9350763], [27.6988007, 53.9353351], [27.6987213, 53.935594], [27.6977317, 53.9355685], [27.6974058, 53.9371064], [27.6984359, 53.9373246], [27.6991824, 53.9373454], [27.6991, 53.9381433], [27.6990432, 53.9383742], [27.6989941, 53.9386841], [27.6989881, 53.9388337], [27.6994045, 53.9388643], [27.6994031, 53.9388915], [27.7008098, 53.9390591], [27.7010594, 53.9390805], [27.7013476, 53.9390938], [27.7008007, 53.9402611], [27.6999772, 53.9415247], [27.6995014, 53.941774], [27.6970761, 53.9411155], [27.6971056, 53.9409534], [27.6972946, 53.9409626], [27.6974795, 53.9409716], [27.6983569, 53.9400259], [27.6981815, 53.9398844], [27.6970485, 53.9394522], [27.6961175, 53.9389994], [27.6956905, 53.9387199], [27.6943379, 53.9375419], [27.6943502, 53.9373845], [27.6940396, 53.9372598], [27.6932324, 53.9365229], [27.6934089, 53.9351035]]]}}, {"type": "Feature", "properties": {"name": "", "kind": "wood", "osm_id": 13411451, "area": 2.425118532300985e-05}, "geometry": {"type": "Polygon", "coordinates": [[[27.5681203, 53.9581554], [27.568066, 53.9581991], [27.5680931, 53.95825], [27.5681496, 53.9582717], [27.5686852, 53.9581949], [27.5693187, 53.9581855], [27.5697795, 53.9581568], [27.5699582, 53.958117], [27.5700438, 53.9580488], [27.570116, 53.9579127], [27.5702511, 53.9578055], [27.5703726, 53.9577317], [27.5704717, 53.9577011], [27.5705491, 53.9577053], [27.5715305, 53.9578422], [27.5717511, 53.9576569], [27.5718425, 53.9575887], [27.5718662, 53.9575191], [27.5718045, 53.9574433], [27.5718258, 53.9574006], [27.5719312, 53.9573717], [27.5720252, 53.9573689], [27.5721627, 53.9574542], [27.5722205, 53.9574607], [27.5725258, 53.9574123], [27.5727065, 53.9573852], [27.5739609, 53.9573053], [27.5745934, 53.9572938], [27.5749419, 53.9572691], [27.5751241, 53.9572412], [27.5753089, 53.9571611], [27.5754669, 53.95704], [27.5759477, 53.956459], [27.5764486, 53.955859], [27.5766015, 53.9556885], [27.5766676, 53.955512], [27.5766404, 53.9553548], [27.5765011, 53.9551971], [27.5763, 53.9550431], [27.5760946, 53.9549172], [27.5755884, 53.9546345], [27.5750725, 53.9544604], [27.5749181, 53.9544083], [27.5746343, 53.9544077], [27.5742238, 53.9543869], [27.5739178, 53.9543613], [27.5736694, 53.954359], [27.5732676, 53.9543604], [27.5731243, 53.9543403], [27.5730302, 53.954303], [27.5729792, 53.9542508], [27.5729599, 53.9541771], [27.5729773, 53.9541057], [27.5730566, 53.9539694], [27.5730727, 53.9538592], [27.5730323, 53.9537422], [27.5729415, 53.9536085], [27.5728116, 53.953518], [27.57268, 53.9534743], [27.5725078, 53.9534657], [27.5723347, 53.9534832], [27.5722356, 53.9535246], [27.5721435, 53.9536097], [27.5721202, 53.953688], [27.572123, 53.9538034], [27.5721347, 53.9539718], [27.5722116, 53.954306], [27.5722788, 53.9543464], [27.5723786, 53.9543677], [27.5726685, 53.9544658], [27.5726601, 53.9544964], [27.572603, 53.9545414], [27.5724563, 53.9545591], [27.5722609, 53.9545959], [27.5721301, 53.9546264], [27.5721025, 53.9546133], [27.5720968, 53.9544922], [27.5719173, 53.9536359], [27.571767, 53.9535953], [27.5715428, 53.95358], [27.5712489, 53.9535696], [27.5708335, 53.9535339], [27.5706546, 53.9535508], [27.5705268, 53.9535854], [27.5704328, 53.9536531], [27.5703061, 53.9536979], [27.5701518, 53.9537096], [27.5699883, 53.9537287], [27.5698478, 53.953774], [27.5697541, 53.9538247], [27.569679, 53.953881], [27.5696506, 53.9539482], [27.5698188, 53.9540627], [27.570268, 53.9543684], [27.5703842, 53.9544403], [27.5704392, 53.9544931], [27.5704533, 53.954545], [27.5704291, 53.9545939], [27.5703857, 53.954636], [27.5702758, 53.9547018], [27.57008, 53.9547751], [27.5697055, 53.9549241], [27.5694252, 53.9550316], [27.5691626, 53.9551099], [27.5688355, 53.9551886], [27.5688281, 53.9551911], [27.5685705, 53.9552764], [27.5683445, 53.9553721], [27.5682448, 53.9554765], [27.5682392, 53.9555515], [27.5682956, 53.9556305], [27.5684852, 53.9557782], [27.5686527, 53.9559044], [27.5688281, 53.9560571], [27.5690938, 53.9562883], [27.5691395, 53.9563548], [27.5691489, 53.9564408], [27.5691193, 53.9565333], [27.5690495, 53.9566169], [27.5689007, 53.9567137], [27.5688662, 53.9568466], [27.5688938, 53.9569443], [27.5690459, 53.9571445], [27.5693361, 53.9573912], [27.5693962, 53.9575185], [27.5693644, 53.957675], [27.569145, 53.9578564], [27.5689114, 53.9579742], [27.5683239, 53.9580794], [27.5681203, 53.9581554]]]}}, {"type": "Feature", "properties": {"name": "", "kind": "wood", "osm_id": 37593732, "area": 2.418874191789655e-05}, "geometry": {"type": "Polygon", "coordinates": [[[27.5870967, 53.7986022], [27.5874692, 53.7979863], [27.5882739, 53.7966745], [27.5888211, 53.7957604], [27.5891617, 53.7952946], [27.5895613, 53.7950396], [27.590098, 53.794793], [27.5899658, 53.7946158], [27.5897384, 53.7941967], [27.589992, 53.7938487], [27.5904755, 53.7931843], [27.5908579, 53.7926605], [27.5917554, 53.7920124], [27.5930845, 53.7906235], [27.5968364, 53.788241], [27.6011161, 53.7862647], [27.6023038, 53.7860705], [27.6025016, 53.785859], [27.6056732, 53.785183], [27.6061682, 53.7855278], [27.6058304, 53.785651], [27.6058163, 53.785833], [27.6061562, 53.7860316], [27.6083116, 53.786126], [27.6083885, 53.7864425], [27.608604, 53.7866384], [27.6088902, 53.7866921], [27.6100184, 53.7864634], [27.6106348, 53.7861804], [27.610535, 53.7858695], [27.6097352, 53.7858803], [27.6093425, 53.7850502], [27.6109306, 53.7848495], [27.6109761, 53.7841983], [27.6109625, 53.7837707], [27.6106015, 53.7836538], [27.6073641, 53.7843615], [27.6069102, 53.7846059], [27.6067932, 53.7844941], [27.6023505, 53.785461], [27.6022935, 53.7856183], [27.6006305, 53.7861222], [27.5993448, 53.786607], [27.5939429, 53.78947], [27.5914918, 53.7912459], [27.5896287, 53.7932179], [27.5893187, 53.7936954], [27.5856446, 53.7994158], [27.5855169, 53.7997223], [27.5852997, 53.7999615], [27.5850636, 53.7999678], [27.5848437, 53.8003353], [27.5850314, 53.8004208], [27.5846157, 53.8008945], [27.5845755, 53.8010101], [27.5845996, 53.8011543], [27.5848249, 53.8010862], [27.5857476, 53.8004145], [27.5863041, 53.7997167], [27.5868835, 53.7988803], [27.5870967, 53.7986022]]]}}, {"type": "Feature", "properties": {"name": "\u0421\u044f\u0440\u044d\u0431\u0440\u0430\u043d\u044b \u041b\u043e\u0433", "kind": "wood", "osm_id": 23402906, "area": 2.3687485736445524e-05}, "geometry": {"type": "Polygon", "coordinates": [[[27.5833205, 53.861766], [27.5834295, 53.8617794], [27.5835148, 53.8616432], [27.5836464, 53.8615322], [27.5838153, 53.8614782], [27.5842008, 53.8614185], [27.5844121, 53.861326], [27.5847773, 53.8611661], [27.5850947, 53.8610329], [27.5851782, 53.8610087], [27.5852706, 53.8610106], [27.5853657, 53.8610259], [27.5855999, 53.8610918], [27.586222, 53.8612549], [27.586255, 53.8612921], [27.586702, 53.8617572], [27.5867851, 53.8619025], [27.586736, 53.8619341], [27.5866044, 53.8619324], [27.5864308, 53.8619864], [27.5863196, 53.8619956], [27.586191, 53.8620302], [27.5857931, 53.8626123], [27.5859133, 53.8630425], [27.5858961, 53.8634221], [27.585833, 53.863507], [27.585745, 53.8636254], [27.5856381, 53.8637488], [27.5854894, 53.8639261], [27.5853014, 53.8640362], [27.5851263, 53.8642158], [27.5849774, 53.8643069], [27.5847855, 53.8643918], [27.5846677, 53.8644736], [27.5846001, 53.8645886], [27.5845434, 53.8646979], [27.5844912, 53.8648391], [27.584411, 53.8649744], [27.5842054, 53.8651274], [27.5839672, 53.8652592], [27.5838456, 53.8653203], [27.583728, 53.8653732], [27.5836839, 53.8653982], [27.5835932, 53.865401], [27.583602, 53.8654269], [27.583658, 53.8654526], [27.5836784, 53.8654789], [27.5836822, 53.8655072], [27.583659, 53.8655289], [27.5836223, 53.8655415], [27.5835584, 53.865555], [27.5834721, 53.8656166], [27.5834164, 53.8656244], [27.5833673, 53.8656061], [27.5833628, 53.8655716], [27.5834033, 53.8655196], [27.5833702, 53.8654964], [27.5833218, 53.8654918], [27.5832669, 53.8655522], [27.5832495, 53.8656026], [27.5832801, 53.8656339], [27.5832235, 53.8657088], [27.5831655, 53.865763], [27.5830734, 53.8658088], [27.582926, 53.8658848], [27.5827259, 53.8659418], [27.5826231, 53.8659518], [27.5825191, 53.8659446], [27.5822983, 53.8659922], [27.5821674, 53.8660655], [27.5820507, 53.8661027], [27.5818489, 53.8660992], [27.5816761, 53.8660636], [27.5815116, 53.8659846], [27.5815888, 53.8659542], [27.5818273, 53.8659107], [27.58181, 53.8658445], [27.5817496, 53.8657018], [27.5815855, 53.8656263], [27.581518, 53.8656317], [27.5814141, 53.8656506], [27.5813356, 53.865648], [27.5811862, 53.8656329], [27.58106, 53.8656344], [27.5809721, 53.865654], [27.5799843, 53.8661903], [27.5798101, 53.8662473], [27.5796592, 53.8662666], [27.5794588, 53.8662482], [27.5792117, 53.866248], [27.5790785, 53.8663081], [27.5790067, 53.8664043], [27.5789862, 53.866498], [27.5790194, 53.8666031], [27.5790865, 53.8666636], [27.5792149, 53.8667117], [27.5792557, 53.8667718], [27.5793475, 53.8667935], [27.5793622, 53.8668234], [27.5793165, 53.8668615], [27.5792455, 53.8668861], [27.5791272, 53.8669318], [27.5789953, 53.8669607], [27.5787573, 53.8670013], [27.5785365, 53.8670081], [27.5783828, 53.8669979], [27.57834, 53.8669679], [27.5783502, 53.8669234], [27.5783716, 53.8668826], [27.5783563, 53.8668296], [27.5782666, 53.8667911], [27.5781927, 53.8667338], [27.5781564, 53.8665446], [27.5781803, 53.8664306], [27.5780684, 53.8660288], [27.5780772, 53.8656687], [27.5781757, 53.8654083], [27.5783022, 53.8651349], [27.5784185, 53.8649298], [27.5785083, 53.8648474], [27.5786086, 53.8648534], [27.5787814, 53.8647973], [27.5787252, 53.8647107], [27.5788376, 53.8645655], [27.5790406, 53.8644993], [27.5793128, 53.864298], [27.5794165, 53.8643337], [27.5794841, 53.8643375], [27.5795904, 53.8641263], [27.5806433, 53.8634221], [27.5812355, 53.8629261], [27.5827395, 53.8619259], [27.5830887, 53.8617674], [27.5831611, 53.8617595], [27.5833205, 53.861766]]]}}, {"type": "Feature", "properties": {"name": "", "kind": "wood", "osm_id": 224866283, "area": 2.2677422066408326e-05}, "geometry": {"type": "Polygon", "coordinates": [[[27.7253674, 53.8897387], [27.7251752, 53.8921081], [27.7249829, 53.8922509], [27.7247132, 53.8955747], [27.7246448, 53.8957275], [27.7245036, 53.8958045], [27.7242725, 53.8958219], [27.7239478, 53.8957993], [27.7236868, 53.8958184], [27.7235202, 53.8958071], [27.7233865, 53.8956988], [27.7207452, 53.8921967], [27.7198975, 53.8905692], [27.719467, 53.8896899], [27.7253674, 53.8897387]]]}}, {"type": "Feature", "properties": {"name": "", "kind": "wood", "osm_id": 60828205, "area": 2.219368707301328e-05}, "geometry": {"type": "Polygon", "coordinates": [[[27.6543257, 53.9073304], [27.6585049, 53.9029253], [27.658889, 53.9026998], [27.6570993, 53.9020342], [27.653305, 53.9014558], [27.6529982, 53.9015582], [27.6525289, 53.9020487], [27.6525443, 53.9022388], [27.6531586, 53.9024086], [27.6531675, 53.9024712], [27.6531641, 53.9025884], [27.6532214, 53.9026075], [27.6533126, 53.9027447], [27.6537943, 53.9034694], [27.6527425, 53.9042456], [27.6527936, 53.9047698], [27.652405, 53.9048059], [27.6522618, 53.9051493], [27.65263, 53.9054205], [27.6499253, 53.9077146], [27.6501031, 53.9077482], [27.651267, 53.9067453], [27.6518834, 53.9071109], [27.6533103, 53.9064112], [27.6543257, 53.9073304]]]}}, {"type": "Feature", "properties": {"name": "", "kind": "wood", "osm_id": 5746408, "area": 2.1287493495947274e-05}, "geometry": {"type": "MultiPolygon", "coordinates": [[[[27.6996024, 53.9443398], [27.6992972, 53.9448026], [27.7006546, 53.9451899], [27.7010596, 53.9452922], [27.701101, 53.945207], [27.7010767, 53.9451692], [27.7008247, 53.9450138], [27.7008282, 53.9449147], [27.7006999, 53.9446223], [27.7002988, 53.9444285], [27.7006081, 53.943861], [27.7012627, 53.9440906], [27.7015045, 53.944052], [27.7020322, 53.9440657], [27.7016452, 53.9438764], [27.7015517, 53.9438306], [27.7019768, 53.9435299], [27.7020747, 53.9435228], [27.7023134, 53.9436025], [27.7025723, 53.9434786], [27.7025104, 53.9433601], [27.7025851, 53.9433099], [27.7027786, 53.9431801], [27.7026021, 53.9430888], [27.7027702, 53.9429702], [27.7030146, 53.9430475], [27.7031005, 53.9430286], [27.7030639, 53.9427964], [27.7024936, 53.9429968], [27.702256, 53.9427104], [27.7019429, 53.9423109], [27.7015393, 53.9427751], [27.7014266, 53.9429242], [27.7006444, 53.9427155], [27.7000535, 53.9436366], [27.6998202, 53.9435078], [27.7000455, 53.9432662], [27.7000818, 53.9431358], [27.700181, 53.9430016], [27.7003203, 53.9428234], [27.7003285, 53.9427695], [27.7003205, 53.9427253], [27.7002709, 53.9426858], [27.7002078, 53.9426716], [27.7001032, 53.9426582], [27.6999946, 53.9426929], [27.6998793, 53.9427581], [27.6997358, 53.9429447], [27.6996928, 53.9430442], [27.6995738, 53.9431255], [27.6982116, 53.944415], [27.6984541, 53.9445707], [27.6992018, 53.9444231], [27.6996024, 53.9443398]]], [[[27.6984952, 53.9455709], [27.6988949, 53.9456956], [27.6989412, 53.9456881], [27.6991664, 53.9457394], [27.6992972, 53.9457264], [27.6994146, 53.9457616], [27.6995614, 53.945705], [27.6997143, 53.9455537], [27.7001838, 53.9457013], [27.700012, 53.9458953], [27.7000379, 53.9459566], [27.7000337, 53.9459688], [27.7000013, 53.9460381], [27.699692, 53.9463726], [27.700587, 53.9466722], [27.7004141, 53.9468502], [27.700195, 53.947076], [27.6995651, 53.9477247], [27.6988784, 53.9475136], [27.6985846, 53.9478472], [27.6992422, 53.9478464], [27.6991752, 53.9480469], [27.6983759, 53.9480674], [27.6981961, 53.9482659], [27.6993307, 53.9486337], [27.7055883, 53.9505957], [27.7056876, 53.9503992], [27.7056305, 53.9494993], [27.7055909, 53.9488744], [27.7055105, 53.9486036], [27.7054837, 53.9483239], [27.7053798, 53.9482783], [27.7051002, 53.9482742], [27.7047931, 53.9482493], [27.7047139, 53.9482963], [27.7048936, 53.9483705], [27.7050385, 53.9484004], [27.7051941, 53.9483547], [27.7051887, 53.9484352], [27.7052799, 53.9484857], [27.7053067, 53.9487304], [27.7051699, 53.9487477], [27.7051324, 53.9485962], [27.7051753, 53.9485362], [27.7049795, 53.9485173], [27.7048534, 53.9485378], [27.704789, 53.9486088], [27.7048936, 53.9486909], [27.7048588, 53.9489371], [27.7045074, 53.9489245], [27.704097, 53.9490997], [27.7043492, 53.9488551], [27.7042767, 53.9488077], [27.7043398, 53.9486854], [27.7043492, 53.9484052], [27.7042465, 53.9482775], [27.704097, 53.9483326], [27.7040488, 53.9482363], [27.7038878, 53.9482173], [27.7037269, 53.948241], [27.7035043, 53.9483026], [27.7034292, 53.9485094], [27.7032924, 53.9484241], [27.7033782, 53.9482331], [27.7029517, 53.9482521], [27.703059, 53.9480895], [27.703118, 53.9481218], [27.7033098, 53.9481392], [27.7033916, 53.9480966], [27.7034208, 53.9480055], [27.703409, 53.9479711], [27.7032803, 53.9479821], [27.7028579, 53.9479577], [27.7028324, 53.9479072], [27.7033272, 53.9478535], [27.7032897, 53.9479577], [27.7033675, 53.9479435], [27.7034359, 53.9478235], [27.7032896, 53.9477281], [27.7031345, 53.9476198], [27.7029303, 53.9474391], [27.7028077, 53.9472921], [27.7027237, 53.9471266], [27.7026596, 53.9469569], [27.7025998, 53.9468181], [27.7025224, 53.9466435], [27.7024566, 53.9465017], [27.7022302, 53.9463341], [27.7020955, 53.9461517], [27.7017716, 53.9460435], [27.701672, 53.9461912], [27.701575, 53.9462892], [27.7014926, 53.9463215], [27.7006692, 53.9469577], [27.7005377, 53.9470776], [27.7005216, 53.9468503], [27.7007007, 53.9467469], [27.7013541, 53.9461823], [27.7014759, 53.946001], [27.7017555, 53.9459458], [27.7017394, 53.9458582], [27.7015463, 53.94581], [27.7013639, 53.9458045], [27.7013907, 53.9459213], [27.7012199, 53.9459603], [27.7010051, 53.9457371], [27.7009014, 53.945619], [27.7006574, 53.9455953], [27.7006833, 53.9456637], [27.7006278, 53.9457646], [27.7005994, 53.9456932], [27.7005485, 53.9456837], [27.7003339, 53.9457879], [27.7003139, 53.9455648], [27.6999298, 53.9454771], [27.6999718, 53.9453806], [27.6998779, 53.9453076], [27.6990689, 53.9451133], [27.6989539, 53.9451754], [27.6988453, 53.9453625], [27.6988144, 53.9455424], [27.6987168, 53.9454808], [27.6986356, 53.9454006], [27.6984939, 53.9454122], [27.6984, 53.9454548], [27.6983383, 53.9455417], [27.6983343, 53.9455722], [27.6984952, 53.9455709]]]]}}, {"type": "Feature", "properties": {"name": "", "kind": "wood", "osm_id": 23553481, "area": 2.119050350302132e-05}, "geometry": {"type": "Polygon", "coordinates": [[[27.4598409, 53.8919677], [27.4596579, 53.8918924], [27.4600375, 53.8915794], [27.4598014, 53.8914719], [27.4596137, 53.8914245], [27.4594876, 53.891381], [27.4593294, 53.8913431], [27.4591979, 53.8913233], [27.4589703, 53.891209], [27.4590515, 53.891145], [27.4573118, 53.8902207], [27.456593, 53.8903967], [27.4532542, 53.8876196], [27.4533143, 53.8875185], [27.4551114, 53.8874111], [27.4554504, 53.8873641], [27.4557193, 53.8874042], [27.4560728, 53.8870389], [27.4561642, 53.8872118], [27.4559479, 53.8874641], [27.4559223, 53.8880889], [27.4566726, 53.8880408], [27.4566993, 53.8880698], [27.4571165, 53.8880362], [27.4578791, 53.8885264], [27.4598122, 53.8874331], [27.4598014, 53.8872434], [27.4609923, 53.8871833], [27.4617495, 53.8867725], [27.462353, 53.8871479], [27.4626768, 53.8880907], [27.4616146, 53.8884954], [27.4605828, 53.8881913], [27.4600785, 53.8885486], [27.4596226, 53.8890291], [27.4606633, 53.889987], [27.461146, 53.8898195], [27.4614805, 53.8899623], [27.461956, 53.8904486], [27.4620419, 53.8908786], [27.461974, 53.8910167], [27.4617031, 53.8911732], [27.4615985, 53.8914197], [27.4614376, 53.8915051], [27.4609092, 53.8914877], [27.4607502, 53.8918508], [27.4608172, 53.8922712], [27.460667, 53.8923976], [27.4600233, 53.8921574], [27.4598409, 53.8919677]]]}}, {"type": "Feature", "properties": {"name": "", "kind": "wood", "osm_id": 71335493, "area": 2.0273707036722044e-05}, "geometry": {"type": "Polygon", "coordinates": [[[27.6387215, 53.8490391], [27.6386781, 53.8489312], [27.638739, 53.8488157], [27.6389945, 53.8486475], [27.6391509, 53.8485609], [27.6392578, 53.8485204], [27.6393469, 53.8484571], [27.6394228, 53.8484052], [27.6395338, 53.8484048], [27.6396428, 53.8484453], [27.6397188, 53.8484665], [27.6397977, 53.8484685], [27.6399677, 53.8484268], [27.6402027, 53.8483604], [27.640395, 53.8483158], [27.6404666, 53.8482872], [27.6404977, 53.8482368], [27.6404466, 53.8480867], [27.6405866, 53.8479286], [27.6408871, 53.8477982], [27.6412265, 53.8476054], [27.6415544, 53.8475488], [27.641858, 53.8476015], [27.6419526, 53.8476382], [27.6420487, 53.8477683], [27.6422456, 53.8480044], [27.6424192, 53.8480302], [27.6426002, 53.848018], [27.6427331, 53.8479435], [27.6428237, 53.8478197], [27.6428279, 53.8471371], [27.6430541, 53.8470623], [27.6430407, 53.8469461], [27.6430483, 53.8468287], [27.6433346, 53.8466287], [27.6436286, 53.8465037], [27.6442396, 53.8462443], [27.6443504, 53.8461309], [27.6444504, 53.8460495], [27.6445504, 53.8460307], [27.6446324, 53.8461168], [27.6445364, 53.8461923], [27.6445364, 53.8462855], [27.6444904, 53.8463409], [27.6444584, 53.8464176], [27.6445586, 53.8464687], [27.6449083, 53.846361], [27.6449283, 53.8462253], [27.6448003, 53.8461333], [27.6446444, 53.846105], [27.644592, 53.8460298], [27.6446417, 53.8459518], [27.6459832, 53.8454057], [27.6462227, 53.8453027], [27.64658, 53.8451589], [27.6468377, 53.8450713], [27.6470879, 53.8449229], [27.6474078, 53.8449135], [27.6475398, 53.8447412], [27.6477797, 53.844602], [27.6480317, 53.8446256], [27.6481797, 53.8447507], [27.6483793, 53.8448618], [27.6485396, 53.8448757], [27.6489035, 53.8447908], [27.6491952, 53.8446625], [27.6494326, 53.8446713], [27.6496405, 53.8447303], [27.6497885, 53.8447727], [27.649932, 53.844774], [27.6500685, 53.8447444], [27.6501764, 53.8446878], [27.6502844, 53.8446524], [27.6503645, 53.8446396], [27.6504404, 53.8446831], [27.6505764, 53.8449025], [27.6505933, 53.8449598], [27.6505604, 53.8450441], [27.6505084, 53.8450865], [27.6503965, 53.845144], [27.6502547, 53.8451248], [27.6501462, 53.8450378], [27.6499811, 53.8450406], [27.6498187, 53.8450713], [27.6498192, 53.8452015], [27.6498943, 53.8453239], [27.6493971, 53.8456946], [27.6493852, 53.8458098], [27.64943, 53.845911], [27.6493612, 53.8460198], [27.6492852, 53.8460905], [27.6492156, 53.8461248], [27.6491212, 53.8461377], [27.6489342, 53.8461455], [27.6487853, 53.8462156], [27.6487165, 53.8463828], [27.6483953, 53.8466987], [27.6478474, 53.8468547], [27.6475892, 53.8470368], [27.6474157, 53.8472442], [27.6455868, 53.84817], [27.6455544, 53.8481995], [27.6453846, 53.8481996], [27.6451407, 53.8483411], [27.6450847, 53.848393], [27.6443028, 53.8487879], [27.6434562, 53.8490266], [27.643349, 53.8491598], [27.6431626, 53.8492174], [27.6430091, 53.8491645], [27.6428265, 53.8489553], [27.6425772, 53.8488767], [27.6422748, 53.8489058], [27.6420933, 53.8490229], [27.6419693, 53.8492423], [27.6417961, 53.8493767], [27.6415414, 53.8493957], [27.6410136, 53.8493696], [27.6407695, 53.8494334], [27.6400828, 53.8495147], [27.6393387, 53.8488646], [27.6387215, 53.8490391]]]}}, {"type": "Feature", "properties": {"name": "", "kind": "wood", "osm_id": 58774370, "area": 1.9614394091149734e-05}, "geometry": {"type": "Polygon", "coordinates": [[[27.6633965, 53.9027946], [27.6628953, 53.9031649], [27.663309, 53.9035258], [27.6622986, 53.904093], [27.6618054, 53.9039196], [27.6615985, 53.903479], [27.6599755, 53.9027431], [27.6597403, 53.9033265], [27.6596732, 53.903493], [27.6585276, 53.9045758], [27.6578434, 53.9053116], [27.6572675, 53.9062931], [27.6575493, 53.9066981], [27.6587998, 53.9080184], [27.6591631, 53.9084021], [27.6604629, 53.9072124], [27.661835, 53.9060954], [27.662803, 53.9053129], [27.6634543, 53.9047884], [27.6640747, 53.9042341], [27.6643065, 53.9040016], [27.6644732, 53.9037415], [27.6647567, 53.9031767], [27.6646411, 53.9030811], [27.6638928, 53.9026645], [27.6637005, 53.9025735], [27.6633965, 53.9027946]]]}}, {"type": "Feature", "properties": {"name": "", "kind": "wood", "osm_id": 912791042, "area": 1.9534274429133802e-05}, "geometry": {"type": "Polygon", "coordinates": [[[27.4976756, 53.8644976], [27.4975951, 53.8646172], [27.4974677, 53.8648117], [27.4973363, 53.8649098], [27.4972102, 53.8649383], [27.4971096, 53.8649106], [27.4970774, 53.8648592], [27.4970774, 53.8648038], [27.4971458, 53.8644938], [27.4972799, 53.8643356], [27.4973363, 53.8641537], [27.4973792, 53.8639228], [27.4974355, 53.8637868], [27.497524, 53.8636729], [27.4974972, 53.8635242], [27.497457, 53.8634293], [27.4974704, 53.8633249], [27.497516, 53.8631098], [27.497752, 53.8630038], [27.4979478, 53.8629848], [27.498149, 53.8629627], [27.4985057, 53.8628184], [27.4986973, 53.862708], [27.4989402, 53.8627634], [27.4993051, 53.8625788], [27.4995223, 53.8624328], [27.499584, 53.8622794], [27.4996805, 53.8621323], [27.499871, 53.8620215], [27.5002089, 53.8619029], [27.5005281, 53.8619045], [27.5007588, 53.8619899], [27.501035, 53.8622082], [27.5011772, 53.8623173], [27.501432, 53.8624012], [27.501727, 53.8624138], [27.501955, 53.8623695], [27.5020194, 53.8622446], [27.5020006, 53.8621323], [27.5017619, 53.8619804], [27.50144, 53.8618586], [27.5012282, 53.8618112], [27.5012147, 53.8617368], [27.5013167, 53.8616989], [27.5015128, 53.8616594], [27.5023102, 53.8617019], [27.5025234, 53.861617], [27.5027946, 53.8615549], [27.5029796, 53.8613904], [27.5032505, 53.8610029], [27.5035912, 53.8607292], [27.5037199, 53.8605742], [27.5038406, 53.8600949], [27.5039265, 53.8595697], [27.5041115, 53.8593941], [27.504141, 53.8593214], [27.5042483, 53.8587946], [27.5042483, 53.8586997], [27.5042322, 53.8583216], [27.5042054, 53.8580637], [27.5041223, 53.8579799], [27.5039291, 53.8579419], [27.502242, 53.8577711], [27.5021669, 53.857779], [27.5020435, 53.8578312], [27.5019899, 53.8579577], [27.5019497, 53.8580226], [27.5017941, 53.8580226], [27.501719, 53.8579878], [27.5016168, 53.8579632], [27.5016438, 53.8577853], [27.49981, 53.8576239], [27.499725, 53.8576164], [27.4989312, 53.8575564], [27.4988262, 53.8575749], [27.4987471, 53.8575575], [27.4987471, 53.8575275], [27.4988088, 53.8574982], [27.4994284, 53.8574468], [27.4995437, 53.8574555], [27.4999514, 53.8575188], [27.500343, 53.8575464], [27.5006086, 53.8575852], [27.5007386, 53.8576105], [27.5012134, 53.8576738], [27.5015889, 53.8576912], [27.5017847, 53.857711], [27.5020006, 53.8577054], [27.5021307, 53.8576888], [27.5022072, 53.8576619], [27.5022621, 53.857605], [27.5023279, 53.8575512], [27.5024217, 53.8575409], [27.5029179, 53.8576208], [27.5050288, 53.857741], [27.5052729, 53.8578233], [27.5053319, 53.8578786], [27.5053319, 53.8580084], [27.505399, 53.8581333], [27.5054982, 53.8582014], [27.5056511, 53.858271], [27.5058979, 53.8583928], [27.5059059, 53.8584228], [27.5059596, 53.8585731], [27.5059868, 53.8586965], [27.5062781, 53.8587372], [27.5066918, 53.8589116], [27.5070727, 53.8589496], [27.5074857, 53.8588863], [27.5077593, 53.8589306], [27.5078613, 53.8590097], [27.5087732, 53.8598576], [27.5087786, 53.8600126], [27.5085318, 53.8600917], [27.5079793, 53.8603701], [27.5077513, 53.8604761], [27.5074241, 53.8605916], [27.5072309, 53.8605963], [27.5071424, 53.8605109], [27.5073114, 53.8603559], [27.5077245, 53.8601344], [27.5078157, 53.8599699], [27.5078022, 53.8598133], [27.5076011, 53.8596045], [27.5074562, 53.8594527], [27.5071478, 53.8594289], [27.5066864, 53.8595776], [27.5064102, 53.8597738], [27.5063565, 53.8599351], [27.5063592, 53.860117], [27.5063431, 53.8602594], [27.5060052, 53.860639], [27.505863, 53.8607814], [27.5058067, 53.8609285], [27.5057852, 53.8610772], [27.5057584, 53.8612117], [27.5055814, 53.861528], [27.5054607, 53.8616862], [27.5035429, 53.8627365], [27.5031459, 53.8627713], [27.5023091, 53.8627808], [27.5018263, 53.8628314], [27.5010914, 53.8629042], [27.5007105, 53.8631288], [27.5004798, 53.8633376], [27.5001794, 53.8633154], [27.4998254, 53.8632174], [27.4996322, 53.8631984], [27.4993747, 53.8633534], [27.4991468, 53.8637029], [27.4987552, 53.8642819], [27.498782, 53.8644701], [27.4987552, 53.8646282], [27.4985682, 53.8646474], [27.4983906, 53.8648135], [27.4981838, 53.864861], [27.4981624, 53.8647437], [27.4981329, 53.8646172], [27.4981302, 53.8645634], [27.4980972, 53.8644904], [27.4981359, 53.8644185], [27.4981489, 53.8643652], [27.4981568, 53.8643108], [27.4981852, 53.8642633], [27.4982372, 53.8642222], [27.4983143, 53.8641884], [27.4983872, 53.8641593], [27.4984585, 53.8641232], [27.4985246, 53.8640838], [27.4989188, 53.8637994], [27.4989473, 53.8637679], [27.4989632, 53.8637352], [27.4989555, 53.8636965], [27.4989233, 53.8636677], [27.4988767, 53.8636541], [27.4988134, 53.8636553], [27.4987517, 53.8636702], [27.4986953, 53.8636948], [27.4985293, 53.8637811], [27.4984465, 53.8638168], [27.4983579, 53.8638475], [27.4982828, 53.8638753], [27.4982045, 53.8639098], [27.4981282, 53.863948], [27.4980756, 53.8639871], [27.49804, 53.8640251], [27.4980216, 53.8640617], [27.4980034, 53.8641156], [27.4979853, 53.8641507], [27.4979571, 53.8641878], [27.4979171, 53.864221], [27.4978591, 53.8642583], [27.4977855, 53.8643099], [27.4977352, 53.864349], [27.497695, 53.8643871], [27.4976735, 53.8644243], [27.4976706, 53.8644614], [27.4976756, 53.8644976]]]}}, {"type": "Feature", "properties": {"name": "", "kind": "wood", "osm_id": 23566215, "area": 1.9441636254668992e-05}, "geometry": {"type": "Polygon", "coordinates": [[[27.5839931, 53.8519438], [27.5839505, 53.8519147], [27.5838904, 53.851892], [27.5838186, 53.8518751], [27.583738, 53.851868], [27.5836655, 53.8518648], [27.5835911, 53.8518605], [27.5835289, 53.8518498], [27.583465, 53.8518326], [27.5834024, 53.851817], [27.5833369, 53.8518067], [27.5832203, 53.851796], [27.5831083, 53.8517811], [27.5830054, 53.8517507], [27.5829209, 53.8517197], [27.5828381, 53.8516813], [27.5827328, 53.8516443], [27.5824513, 53.851566], [27.58216, 53.8514087], [27.5819719, 53.8513079], [27.5817036, 53.8511055], [27.5813835, 53.8506566], [27.5813685, 53.8505593], [27.5814841, 53.850323], [27.581505, 53.8501946], [27.5816285, 53.8500908], [27.5817846, 53.8499939], [27.5818275, 53.8497155], [27.5821021, 53.8495281], [27.5823682, 53.8493256], [27.5828489, 53.8490674], [27.5829261, 53.8489357], [27.583278, 53.8487788], [27.5837844, 53.8484598], [27.5844711, 53.8482117], [27.5850719, 53.8480142], [27.5856984, 53.8479737], [27.5862554, 53.8480036], [27.5864752, 53.8479973], [27.586737, 53.8479636], [27.5869859, 53.8479795], [27.5871747, 53.8480496], [27.587401, 53.8482389], [27.5876098, 53.848362], [27.5879046, 53.8484375], [27.5882122, 53.8484936], [27.5885653, 53.8485302], [27.5887693, 53.8485901], [27.5889615, 53.8486485], [27.5890711, 53.8487128], [27.5890665, 53.8488106], [27.588986, 53.848921], [27.5888342, 53.8489923], [27.5877414, 53.8492129], [27.5875537, 53.8492905], [27.5874329, 53.8494203], [27.5873552, 53.8495824], [27.5871381, 53.8503278], [27.5871312, 53.8505386], [27.5871576, 53.8507585], [27.5872091, 53.8509205], [27.5872348, 53.8512496], [27.5874325, 53.8515188], [27.5874236, 53.851604], [27.5872828, 53.8516677], [27.5871422, 53.8516838], [27.5866941, 53.8516394], [27.5862907, 53.8515787], [27.5859593, 53.8517541], [27.5854783, 53.8517812], [27.5850039, 53.8517675], [27.5847899, 53.8518165], [27.5844403, 53.8519737], [27.5843821, 53.8520267], [27.5843168, 53.8520733], [27.5842461, 53.852075], [27.5841888, 53.8520673], [27.584128, 53.8520503], [27.5840787, 53.8520241], [27.5840363, 53.851986], [27.5839931, 53.8519438]]]}}, {"type": "Feature", "properties": {"name": "", "kind": "wood", "osm_id": 416783417, "area": 1.8895931475526595e-05}, "geometry": {"type": "Polygon", "coordinates": [[[27.5213581, 53.8484452], [27.5201833, 53.8480718], [27.51984, 53.8479295], [27.5194752, 53.8476921], [27.5193196, 53.8474294], [27.5188905, 53.8472554], [27.5183648, 53.8471691], [27.5187618, 53.8468313], [27.5188851, 53.8463597], [27.5191158, 53.845764], [27.5196898, 53.8457798], [27.5200117, 53.8455329], [27.5203496, 53.8452893], [27.5204798, 53.8450352], [27.5208643, 53.8451046], [27.5209826, 53.8451722], [27.5208164, 53.8459388], [27.5212159, 53.8459309], [27.521444, 53.8453913], [27.5213849, 53.8448873], [27.5217712, 53.8448691], [27.5223291, 53.8448945], [27.522505, 53.8449199], [27.5225383, 53.8447552], [27.5227314, 53.8446507], [27.5230379, 53.8446608], [27.5231998, 53.8446962], [27.5233822, 53.8445548], [27.5236563, 53.8446305], [27.5238848, 53.8448343], [27.5241262, 53.8448343], [27.524153, 53.8449894], [27.5240533, 53.8450841], [27.524167, 53.8453559], [27.5248557, 53.8452971], [27.5251268, 53.8453401], [27.5252484, 53.8456402], [27.5254297, 53.8462679], [27.525655, 53.8468218], [27.5257087, 53.8476098], [27.5253278, 53.8475844], [27.5249415, 53.8472996], [27.5246411, 53.8470749], [27.5245285, 53.8473724], [27.5247484, 53.8476596], [27.5244588, 53.8478693], [27.5238526, 53.8482902], [27.5236005, 53.8482395], [27.5233322, 53.848113], [27.5226402, 53.8483725], [27.5222861, 53.8485085], [27.5219267, 53.8485781], [27.5213581, 53.8484452]]]}}, {"type": "Feature", "properties": {"name": "", "kind": "wood", "osm_id": 224866288, "area": 1.8878782043429965e-05}, "geometry": {"type": "Polygon", "coordinates": [[[27.7315316, 53.889065], [27.732105, 53.8897568], [27.7327035, 53.8904287], [27.732849, 53.8907585], [27.7329203, 53.8913315], [27.7327684, 53.8916421], [27.7323474, 53.8919193], [27.730659, 53.8925301], [27.7300504, 53.8926782], [27.7298128, 53.8926648], [27.7293345, 53.8924929], [27.7290291, 53.8924119], [27.7285201, 53.8924667], [27.728177, 53.892586], [27.7279488, 53.8928688], [27.7277065, 53.8929598], [27.7269413, 53.8930988], [27.7262811, 53.8931803], [27.7260174, 53.8931492], [27.7259217, 53.8930495], [27.7258529, 53.8919685], [27.7261371, 53.8909341], [27.7263175, 53.8906667], [27.7266945, 53.8904912], [27.7284022, 53.8899736], [27.7293416, 53.8897691], [27.7297005, 53.8896147], [27.7303581, 53.8891953], [27.730568, 53.8890151], [27.7308346, 53.8888849], [27.7311219, 53.8888356], [27.7313338, 53.8888752], [27.7315316, 53.889065]]]}}, {"type": "Feature", "properties": {"name": "", "kind": "wood", "osm_id": 7325850, "area": 1.8781762832986715e-05}, "geometry": {"type": "Polygon", "coordinates": [[[27.6453789, 53.884559], [27.6448026, 53.8840348], [27.6437816, 53.8843764], [27.6436911, 53.8845047], [27.6433627, 53.8847215], [27.6433597, 53.8848736], [27.6436597, 53.8849301], [27.6436627, 53.8850362], [27.6435442, 53.8852663], [27.6438848, 53.8853965], [27.6441983, 53.8854921], [27.6444817, 53.8855492], [27.6447516, 53.8855768], [27.6454025, 53.8856228], [27.6460807, 53.8856188], [27.6466384, 53.8855511], [27.6466547, 53.8855013], [27.6466793, 53.8854889], [27.6468396, 53.8854819], [27.6468959, 53.8854665], [27.6469809, 53.8854277], [27.6470363, 53.8854061], [27.6470895, 53.8853975], [27.6473063, 53.8854121], [27.6487273, 53.8854121], [27.6491985, 53.885414], [27.6499677, 53.8854613], [27.6500387, 53.8854857], [27.6501118, 53.8855116], [27.650242, 53.8855232], [27.6504038, 53.8855067], [27.6504775, 53.8854718], [27.6505386, 53.8854046], [27.6505906, 53.8853712], [27.6506697, 53.8853569], [27.6508101, 53.8853721], [27.6509201, 53.8853754], [27.6510294, 53.8853586], [27.6511103, 53.8853306], [27.6511833, 53.8852796], [27.6513986, 53.8851862], [27.6516345, 53.8851571], [27.6517067, 53.8851242], [27.6517382, 53.8850914], [27.6517908, 53.8849895], [27.6518569, 53.8849267], [27.6519202, 53.8848911], [27.652057, 53.8848441], [27.6521247, 53.884822], [27.6521548, 53.8847829], [27.6521442, 53.8847182], [27.6521262, 53.8846784], [27.6521593, 53.8846651], [27.6522029, 53.884634], [27.652236, 53.8845924], [27.6523217, 53.8845959], [27.6523758, 53.8845835], [27.6524375, 53.8844975], [27.6525322, 53.8844443], [27.6525473, 53.884408], [27.6525939, 53.8843832], [27.652648, 53.8843424], [27.6527037, 53.8842715], [27.6528135, 53.8842145], [27.6547978, 53.8827712], [27.6548772, 53.8821172], [27.6535973, 53.8820404], [27.653605, 53.8815308], [27.6515354, 53.8820427], [27.65156, 53.8831751], [27.6453789, 53.884559]]]}}, {"type": "Feature", "properties": {"name": "", "kind": "forest", "osm_id": 23426460, "area": 1.826430866458395e-05}, "geometry": {"type": "Polygon", "coordinates": [[[27.7337646, 53.863985], [27.7345674, 53.8642077], [27.7350992, 53.864182], [27.7355003, 53.8639691], [27.7354691, 53.8630215], [27.7355671, 53.8623147], [27.735157, 53.8609609], [27.7350521, 53.8607962], [27.7284856, 53.8603105], [27.7278825, 53.8606745], [27.7289581, 53.8610999], [27.7284201, 53.8612472], [27.7283334, 53.8615591], [27.7285975, 53.8617937], [27.7302456, 53.8625678], [27.730777, 53.8627156], [27.7324874, 53.863443], [27.7337646, 53.863985]]]}}, {"type": "Feature", "properties": {"name": "", "kind": "wood", "osm_id": 23402578, "area": 1.801328915007616e-05}, "geometry": {"type": "Polygon", "coordinates": [[[27.6421715, 53.9052564], [27.6422475, 53.9051745], [27.6434898, 53.9048857], [27.6436427, 53.9048881], [27.6437567, 53.9048027], [27.6440263, 53.9048154], [27.6442607, 53.9047691], [27.6443736, 53.9047458], [27.6454348, 53.9046545], [27.6525317, 53.9044716], [27.6497112, 53.9077377], [27.6484054, 53.9073659], [27.6479713, 53.9072331], [27.6468355, 53.9068103], [27.6459959, 53.9064978], [27.6421715, 53.9052564]]]}}, {"type": "Feature", "properties": {"name": "", "kind": "wood", "osm_id": 23408951, "area": 1.795129446691135e-05}, "geometry": {"type": "Polygon", "coordinates": [[[27.6620817, 53.8942353], [27.6626849, 53.8930003], [27.6624083, 53.8929593], [27.6620899, 53.8928787], [27.66205, 53.8927655], [27.6620829, 53.8926843], [27.6622121, 53.8924323], [27.6622381, 53.8923818], [27.6624646, 53.8921485], [27.6626597, 53.8919476], [27.6629274, 53.8916718], [27.6629216, 53.8914422], [27.66292, 53.8913815], [27.6626764, 53.8909101], [27.6624924, 53.8905232], [27.6624377, 53.8903976], [27.662393, 53.8903102], [27.6625026, 53.8902112], [27.6627046, 53.8900287], [27.6628451, 53.8899017], [27.6630058, 53.8897565], [27.6631504, 53.8896259], [27.6631887, 53.889612], [27.6635826, 53.8894686], [27.6638593, 53.8893679], [27.6642759, 53.8892007], [27.6642695, 53.889184], [27.6643151, 53.8891367], [27.6646131, 53.8888235], [27.6646826, 53.8887551], [27.6636204, 53.8884993], [27.6634047, 53.8884393], [27.663261, 53.8883387], [27.6632341, 53.8882976], [27.6632341, 53.8882464], [27.6631054, 53.8879682], [27.6624845, 53.8882655], [27.6621816, 53.8881264], [27.6623539, 53.8878958], [27.6621193, 53.8877971], [27.6616892, 53.8878417], [27.661707, 53.8880285], [27.6612376, 53.8878941], [27.6610393, 53.8874635], [27.6608641, 53.8873057], [27.6603749, 53.8874109], [27.6606696, 53.8877621], [27.6609555, 53.8881281], [27.6594578, 53.8880376], [27.6590796, 53.8900239], [27.6601837, 53.8920595], [27.6620817, 53.8942353]]]}}, {"type": "Feature", "properties": {"name": "\u0421\u0435\u043a\u0442\u0430\u0440 \u0444\u043b\u043e\u0440\u044b \u0411\u0435\u043b\u0430\u0440\u0443\u0441\u0456", "kind": "forest", "osm_id": 986263859, "area": 1.7870215060611372e-05}, "geometry": {"type": "Polygon", "coordinates": [[[27.6121938, 53.9100644], [27.6153689, 53.9115053], [27.615371, 53.911543], [27.6153801, 53.9115821], [27.6154181, 53.9116588], [27.615456, 53.9117129], [27.6154958, 53.9117717], [27.6155295, 53.9118289], [27.615552, 53.9118844], [27.615563, 53.911931], [27.6155658, 53.911977], [27.6155677, 53.9120234], [27.6155564, 53.912077], [27.615533, 53.9121319], [27.6154832, 53.9122257], [27.6154427, 53.9123172], [27.6154207, 53.9123802], [27.6147044, 53.9132968], [27.6142806, 53.9138624], [27.6125103, 53.9137676], [27.6107414, 53.9138916], [27.6097436, 53.9139485], [27.6090905, 53.9136191], [27.6094472, 53.9133648], [27.6086104, 53.9129761], [27.6088598, 53.9127423], [27.6086399, 53.9126586], [27.6112497, 53.9104878], [27.6121938, 53.9100644]]]}}, {"type": "Feature", "properties": {"name": "", "kind": "wood", "osm_id": 226143196, "area": 1.7762705624591035e-05}, "geometry": {"type": "Polygon", "coordinates": [[[27.6640683, 53.842825], [27.6644592, 53.8429861], [27.6644157, 53.8431728], [27.6640187, 53.8433082], [27.6637767, 53.8431435], [27.6632245, 53.8430666], [27.6625172, 53.8433338], [27.6622628, 53.843601], [27.6620084, 53.8437841], [27.6616113, 53.8436816], [27.6612639, 53.8436999], [27.6610902, 53.8438573], [27.6611894, 53.8439525], [27.6613632, 53.8440659], [27.6617913, 53.8441428], [27.6620953, 53.8440659], [27.6624738, 53.8440037], [27.6629143, 53.8440074], [27.6633982, 53.8440806], [27.6646019, 53.8442709], [27.6649059, 53.8443405], [27.6651665, 53.8444686], [27.6653278, 53.8446992], [27.6652906, 53.8448895], [27.664328, 53.8449217], [27.6621695, 53.8449372], [27.6599934, 53.8449941], [27.6582824, 53.8449967], [27.6581301, 53.8448756], [27.6583263, 53.8444946], [27.6584886, 53.8440856], [27.6586159, 53.8439355], [27.6591599, 53.8439536], [27.6592081, 53.8436922], [27.6585369, 53.843656], [27.6585852, 53.8434101], [27.6586554, 53.8431486], [27.6585764, 53.842895], [27.657892, 53.8426206], [27.656918, 53.8423462], [27.6559616, 53.8421236], [27.6551676, 53.8420201], [27.6544568, 53.8420227], [27.6541673, 53.8421857], [27.6540049, 53.8424601], [27.6536364, 53.8426905], [27.6531275, 53.8429105], [27.6527722, 53.8428769], [27.6525967, 53.8427241], [27.6524343, 53.8425119], [27.6525133, 53.842442], [27.6531275, 53.8424135], [27.6534127, 53.8422582], [27.6533074, 53.842121], [27.6533381, 53.8419838], [27.6533776, 53.8418], [27.6537812, 53.8417405], [27.6538865, 53.8417198], [27.6538119, 53.8415231], [27.6531231, 53.8414377], [27.6528643, 53.8412461], [27.6527384, 53.8410017], [27.6530661, 53.8396179], [27.6533205, 53.839737], [27.6532026, 53.8401145], [27.6531407, 53.8404954], [27.6532723, 53.8407646], [27.6534741, 53.8408837], [27.6536324, 53.8404516], [27.6540633, 53.8404373], [27.6544465, 53.8402906], [27.6548679, 53.8407253], [27.6550429, 53.8411248], [27.6550052, 53.8413704], [27.6553079, 53.8415826], [27.6568994, 53.8420457], [27.6573041, 53.8421003], [27.657462, 53.8420356], [27.6576612, 53.8419365], [27.6588682, 53.8420203], [27.6597157, 53.8419966], [27.6601865, 53.8428432], [27.6603263, 53.8429801], [27.6609542, 53.842939], [27.6615553, 53.84275], [27.6620385, 53.8425941], [27.6629165, 53.8425868], [27.663439, 53.8426408], [27.663723, 53.8426755], [27.6640683, 53.842825]]]}}, {"type": "Feature", "properties": {"name": "", "kind": "wood", "osm_id": 1504777937, "area": 1.7512388694740366e-05}, "geometry": {"type": "Polygon", "coordinates": [[[27.7419752, 53.9218303], [27.7418438, 53.9217403], [27.7416399, 53.9217703], [27.7414843, 53.9217023], [27.7372733, 53.9225553], [27.737461, 53.9236988], [27.7376032, 53.9238031], [27.7372169, 53.9267265], [27.7372384, 53.9268276], [27.7374718, 53.927104], [27.7374127, 53.9272888], [27.7394807, 53.927712], [27.739647, 53.9274372], [27.7400869, 53.9273298], [27.7403605, 53.926935], [27.7407682, 53.926946], [27.740441, 53.9267234], [27.7403175, 53.9266981], [27.7405214, 53.9266333], [27.7404758, 53.9265133], [27.7402076, 53.9264122], [27.7399501, 53.9263854], [27.7400064, 53.92582], [27.7398562, 53.925602], [27.7399474, 53.9252009], [27.7400386, 53.9241016], [27.7402747, 53.9237541], [27.7416962, 53.923811], [27.7419752, 53.9218303]]]}}, {"type": "Feature", "properties": {"name": "", "kind": "wood", "osm_id": 29500443, "area": 1.7274926563004556e-05}, "geometry": {"type": "Polygon", "coordinates": [[[27.7442208, 53.9436116], [27.7408609, 53.9427394], [27.7402249, 53.9420335], [27.7398588, 53.9421837], [27.7391909, 53.9420949], [27.7394472, 53.9418728], [27.7396629, 53.9413804], [27.7391698, 53.9408859], [27.7403051, 53.9408092], [27.7413945, 53.9408118], [27.7418625, 53.9408371], [27.7419484, 53.9407668], [27.7424782, 53.9407095], [27.7439272, 53.941389], [27.7446653, 53.9409959], [27.7451937, 53.9410585], [27.7453629, 53.9409843], [27.7463167, 53.9410609], [27.7469516, 53.9411893], [27.7469959, 53.9412721], [27.7460378, 53.9424267], [27.7454709, 53.9422852], [27.7452649, 53.9424111], [27.7451656, 53.9425876], [27.7458023, 53.9427615], [27.7455603, 53.9431697], [27.7469939, 53.9438078], [27.7469908, 53.9438529], [27.7467113, 53.9442178], [27.7459502, 53.9441524], [27.7457303, 53.9443293], [27.745859, 53.9445882], [27.7463616, 53.9447694], [27.7460858, 53.945148], [27.7451636, 53.9448255], [27.7439804, 53.9445967], [27.7442208, 53.9436116]]]}}, {"type": "Feature", "properties": {"name": "", "kind": "wood", "osm_id": 63209048, "area": 1.6990088397506042e-05}, "geometry": {"type": "Polygon", "coordinates": [[[27.5440505, 53.9446252], [27.547909, 53.9438881], [27.5527113, 53.9429706], [27.55264, 53.9427805], [27.5524554, 53.9427523], [27.5520004, 53.9426587], [27.5513332, 53.9425209], [27.5484144, 53.9420963], [27.5486908, 53.9414704], [27.5479966, 53.9413201], [27.5477839, 53.9415752], [27.5469633, 53.9413506], [27.5466795, 53.9412806], [27.5452792, 53.9406984], [27.5451908, 53.9406307], [27.5449749, 53.9407007], [27.5440143, 53.9410177], [27.5441616, 53.9422554], [27.5445631, 53.9423856], [27.5446976, 53.9427615], [27.5445957, 53.9430119], [27.5442577, 53.943266], [27.5442259, 53.9434014], [27.5442082, 53.9435556], [27.5448489, 53.943976], [27.5439339, 53.9440795], [27.5438802, 53.9442245], [27.5438649, 53.9442659], [27.5438047, 53.9443659], [27.5440505, 53.9446252]]]}}, {"type": "Feature", "properties": {"name": "", "kind": "wood", "osm_id": 15700510, "area": 1.681243509210617e-05}, "geometry": {"type": "Polygon", "coordinates": [[[27.4658644, 53.9498938], [27.4661144, 53.9498492], [27.4663737, 53.9498292], [27.4666803, 53.949833], [27.4670251, 53.9498445], [27.4673209, 53.9498519], [27.4676294, 53.9498564], [27.467926, 53.9498532], [27.468388, 53.9498331], [27.4686393, 53.9498372], [27.4688825, 53.949865], [27.4690922, 53.9499107], [27.4692913, 53.9499485], [27.4695327, 53.9499634], [27.469786, 53.9499504], [27.469983, 53.9499074], [27.4701512, 53.9498275], [27.4702725, 53.9497454], [27.4703926, 53.949695], [27.4705464, 53.9496605], [27.4706921, 53.9496669], [27.4708294, 53.9496997], [27.4709922, 53.9497578], [27.4711742, 53.9498036], [27.4713997, 53.949839], [27.4716447, 53.9498682], [27.4721222, 53.9498993], [27.4725056, 53.9499084], [27.4728853, 53.9499038], [27.473337, 53.9498907], [27.4737733, 53.9498703], [27.4742087, 53.9498415], [27.4745762, 53.9498327], [27.4749569, 53.9498358], [27.4753406, 53.9498534], [27.4757652, 53.9498826], [27.4767995, 53.9499624], [27.4771652, 53.9499842], [27.4775308, 53.9499834], [27.4778133, 53.9499717], [27.4781105, 53.949944], [27.4784478, 53.9499018], [27.4787783, 53.9498528], [27.4790223, 53.9498231], [27.4792633, 53.9498061], [27.4794776, 53.9498111], [27.4796942, 53.9498245], [27.4798676, 53.9498415], [27.4800063, 53.949864], [27.4801466, 53.9498969], [27.4802567, 53.9499261], [27.4803977, 53.9499608], [27.4805588, 53.9499932], [27.4806578, 53.9500203], [27.4807414, 53.9500583], [27.4808251, 53.9501135], [27.4809091, 53.9501773], [27.4812269, 53.950457], [27.4813258, 53.9505669], [27.4814153, 53.9506853], [27.4814863, 53.9508146], [27.4816323, 53.9511366], [27.4817494, 53.9514193], [27.4818388, 53.9516551], [27.4819115, 53.9518266], [27.4820002, 53.9520085], [27.4821031, 53.9521628], [27.4822069, 53.9522799], [27.4823354, 53.9524061], [27.4824705, 53.9525234], [27.4826303, 53.9526408], [27.4827589, 53.9527169], [27.482905, 53.9527957], [27.4830665, 53.9528708], [27.483229, 53.9529378], [27.4832117, 53.9529831], [27.4831544, 53.9530168], [27.4824893, 53.9533778], [27.4822063, 53.9534136], [27.4820197, 53.9534048], [27.4817784, 53.9533711], [27.4814875, 53.9532402], [27.4811239, 53.9531272], [27.4810482, 53.9530924], [27.4809096, 53.9528317], [27.4807782, 53.9526013], [27.4806253, 53.9524063], [27.4804925, 53.952245], [27.4804038, 53.9521691], [27.4803884, 53.9521135], [27.4804184, 53.9520597], [27.4806778, 53.9519381], [27.4809494, 53.9517737], [27.4809223, 53.9516885], [27.4807646, 53.9515609], [27.4800346, 53.95144], [27.479761, 53.9514058], [27.4779199, 53.950991], [27.4770537, 53.9510306], [27.4760672, 53.9510295], [27.475259, 53.9510759], [27.474628, 53.9509941], [27.4736663, 53.9508519], [27.4728765, 53.9506934], [27.4721462, 53.9505251], [27.4716403, 53.9504941], [27.4710949, 53.9504245], [27.4703525, 53.9504013], [27.4695443, 53.9503704], [27.4685152, 53.9503482], [27.4680684, 53.9503631], [27.4677304, 53.9503286], [27.4675272, 53.9502539], [27.4671652, 53.9502146], [27.4666071, 53.9501177], [27.4659832, 53.9500397], [27.4658644, 53.9498938]]]}}, {"type": "Feature", "properties": {"name": "", "kind": "wood", "osm_id": 36345405, "area": 1.619096531157993e-05}, "geometry": {"type": "Polygon", "coordinates": [[[27.5117, 53.96244], [27.51174, 53.96259], [27.51208, 53.9627], [27.51251, 53.9627], [27.51271, 53.96278], [27.51277, 53.96291], [27.51277, 53.96308], [27.51294, 53.96317], [27.51307, 53.96313], [27.51324, 53.963], [27.51378, 53.9625], [27.51382, 53.96248], [27.5138, 53.96244], [27.51369, 53.96244], [27.5135, 53.96237], [27.51341, 53.96223], [27.51344, 53.96192], [27.5138, 53.9616], [27.51427, 53.96139], [27.51423, 53.96133], [27.51408, 53.96111], [27.51412, 53.96087], [27.51466, 53.96038], [27.514698, 53.9602699], [27.5149542, 53.9602311], [27.51517, 53.95991], [27.51532, 53.95973], [27.51522, 53.95954], [27.51505, 53.95956], [27.51466, 53.95941], [27.5147, 53.95909], [27.515, 53.9592], [27.51569, 53.95927], [27.5158142, 53.9592291], [27.51608, 53.95888], [27.51599, 53.95866], [27.51577, 53.95849], [27.51552, 53.95836], [27.5152884, 53.9583634], [27.51517, 53.95845], [27.51513, 53.95866], [27.51492, 53.95875], [27.5147, 53.95875], [27.51449, 53.95875], [27.51436, 53.95862], [27.5144, 53.95847], [27.51419, 53.95836], [27.51425, 53.95821], [27.5142168, 53.9580275], [27.5140585, 53.95786], [27.5136917, 53.9577244], [27.5134522, 53.9576847], [27.5130583, 53.9577009], [27.512778, 53.9576404], [27.5126517, 53.9576144], [27.51249, 53.95763], [27.51221, 53.95776], [27.51168, 53.95789], [27.5114023, 53.9578987], [27.51116, 53.95787], [27.5109403, 53.95772], [27.5109108, 53.9576633], [27.51093, 53.95763], [27.5112005, 53.9574783], [27.5112059, 53.9574204], [27.5111548, 53.9573708], [27.51101, 53.95733], [27.51101, 53.95718], [27.51103, 53.95701], [27.5111792, 53.9568987], [27.5111548, 53.956826], [27.51118, 53.95677], [27.5111316, 53.956564], [27.5110832, 53.9563747], [27.5110359, 53.9563354], [27.5109511, 53.9563476], [27.5106115, 53.9565785], [27.5100597, 53.956961], [27.5099844, 53.9570925], [27.5099161, 53.9571574], [27.5097728, 53.9572118], [27.5097185, 53.9572536], [27.5097, 53.9573259], [27.509779, 53.9574053], [27.5100417, 53.9574645], [27.5100825, 53.9574932], [27.5100798, 53.9575311], [27.5100526, 53.9575714], [27.5098188, 53.9575764], [27.5097683, 53.9576101], [27.5098072, 53.9576664], [27.5099843, 53.9578112], [27.5099704, 53.9578529], [27.5098934, 53.9578456], [27.5099856, 53.9579273], [27.5098178, 53.9581218], [27.5098374, 53.9583153], [27.5102142, 53.9582792], [27.5102879, 53.9583344], [27.51075, 53.9582898], [27.51084, 53.95862], [27.51099, 53.95875], [27.51101, 53.95903], [27.51088, 53.95909], [27.51157, 53.95903], [27.51181, 53.95888], [27.51183, 53.95888], [27.512, 53.95896], [27.51193, 53.95922], [27.51202, 53.95935], [27.51204, 53.95935], [27.512, 53.95946], [27.51183, 53.95952], [27.51131, 53.95948], [27.51125, 53.95954], [27.51142, 53.95978], [27.51129, 53.95984], [27.5114, 53.95999], [27.51131, 53.96012], [27.5114, 53.96038], [27.51221, 53.96025], [27.5126, 53.96025], [27.51281, 53.96038], [27.51367, 53.96034], [27.51393, 53.96034], [27.51393, 53.96042], [27.51367, 53.96059], [27.51346, 53.96072], [27.51281, 53.96076], [27.51251, 53.96076], [27.51191, 53.96072], [27.51161, 53.96081], [27.5114, 53.96098], [27.51135, 53.9612], [27.51174, 53.96128], [27.51208, 53.96137], [27.5126, 53.96162], [27.51243, 53.96175], [27.51196, 53.96179], [27.51161, 53.96179], [27.51123, 53.96175], [27.51088, 53.96175], [27.51071, 53.96197], [27.51105, 53.96201], [27.51157, 53.96201], [27.5117, 53.96214], [27.51161, 53.96227], [27.5117, 53.96244]]]}}, {"type": "Feature", "properties": {"name": "", "kind": "wood", "osm_id": 36286911, "area": 1.599072663793777e-05}, "geometry": {"type": "Polygon", "coordinates": [[[27.6312949, 53.9626717], [27.6357333, 53.9640065], [27.6374367, 53.9645281], [27.637663, 53.9645006], [27.6379103, 53.9645311], [27.6381254, 53.9644984], [27.6389321, 53.9642541], [27.639117, 53.9642961], [27.6393662, 53.9644327], [27.6396665, 53.9645872], [27.6398567, 53.9646554], [27.6400996, 53.9647113], [27.6402149, 53.9647302], [27.6403219, 53.964707], [27.6403857, 53.9646258], [27.6405059, 53.9645322], [27.6406754, 53.9644785], [27.6408541, 53.9644799], [27.6410636, 53.9645119], [27.6412947, 53.9646509], [27.6413836, 53.9646777], [27.6415138, 53.964688], [27.6416675, 53.9646821], [27.6417353, 53.9646509], [27.6416961, 53.9644148], [27.6415913, 53.964159], [27.6414177, 53.9639586], [27.6412079, 53.9637934], [27.6404623, 53.9633588], [27.6399034, 53.9631049], [27.6392146, 53.9628543], [27.6384619, 53.9625839], [27.6374156, 53.9623043], [27.6364489, 53.9621649], [27.6321289, 53.9616602], [27.632047, 53.9618085], [27.6320012, 53.9618925], [27.6319572, 53.9619726], [27.6313528, 53.9625067], [27.6312831, 53.9626053], [27.6313367, 53.9626384], [27.6312949, 53.9626717]]]}}, {"type": "Feature", "properties": {"name": "", "kind": "wood", "osm_id": 224858091, "area": 1.5978451301634777e-05}, "geometry": {"type": "Polygon", "coordinates": [[[27.7053841, 53.9236492], [27.7051919, 53.9236181], [27.704943, 53.9236492], [27.7036687, 53.9242753], [27.7034462, 53.9244618], [27.7041927, 53.9249857], [27.7047055, 53.9255296], [27.7051014, 53.9259115], [27.7053728, 53.9259248], [27.7055387, 53.9260736], [27.7053502, 53.9262512], [27.7058705, 53.9270259], [27.706338, 53.9275743], [27.7068998, 53.9282957], [27.7071328, 53.9285725], [27.7073296, 53.9288063], [27.707914, 53.9291926], [27.7083325, 53.92953], [27.7088415, 53.9299385], [27.7097501, 53.9304756], [27.7105494, 53.9308175], [27.7105851, 53.9308161], [27.7108208, 53.9309129], [27.7109151, 53.9309408], [27.7109764, 53.9308639], [27.7108591, 53.9306755], [27.7107258, 53.9305515], [27.7106725, 53.9304338], [27.7107685, 53.9303145], [27.70991, 53.9295243], [27.7096221, 53.9291256], [27.7090569, 53.9283031], [27.7087903, 53.9277223], [27.7085397, 53.9269814], [27.7085077, 53.9267993], [27.7082891, 53.9267145], [27.7082998, 53.9265199], [27.7081505, 53.9262153], [27.7077933, 53.9256659], [27.7076973, 53.9253551], [27.7076773, 53.9252468], [27.7076386, 53.9252044], [27.7055059, 53.9237538], [27.7053841, 53.9236492]]]}}, {"type": "Feature", "properties": {"name": "", "kind": "wood", "osm_id": 1104972141, "area": 1.5374533290923864e-05}, "geometry": {"type": "Polygon", "coordinates": [[[28.0135925, 53.9031195], [28.0137473, 53.9026284], [28.0147505, 53.8995025], [28.0148417, 53.8993476], [28.0160594, 53.8985859], [28.0179263, 53.8995878], [28.0240412, 53.8956319], [28.026131, 53.8949061], [28.0251974, 53.8955391], [28.0238036, 53.896484], [28.0226046, 53.8972969], [28.0212976, 53.898183], [28.020298, 53.8988606], [28.0192896, 53.8995442], [28.018065, 53.9003744], [28.0166546, 53.9013305], [28.0152282, 53.9022974], [28.0139455, 53.9031669], [28.0135925, 53.9031195]]]}}, {"type": "Feature", "properties": {"name": "", "kind": "wood", "osm_id": 554108115, "area": 1.5250051546900067e-05}, "geometry": {"type": "Polygon", "coordinates": [[[27.5878497, 53.9594551], [27.587921, 53.9594262], [27.5880265, 53.9593631], [27.5881638, 53.9592985], [27.5884825, 53.9591821], [27.5890311, 53.9590336], [27.5894435, 53.9589733], [27.5897977, 53.958934], [27.5899977, 53.9589345], [27.5900803, 53.9589486], [27.5901451, 53.9589815], [27.5901754, 53.9590143], [27.5904414, 53.9593526], [27.5904882, 53.9593922], [27.5905523, 53.9594153], [27.5906513, 53.95941], [27.5918684, 53.9591516], [27.5922894, 53.9590173], [27.5923188, 53.9589888], [27.5923092, 53.9589474], [27.5922004, 53.9588509], [27.5919479, 53.9585705], [27.5919099, 53.958511], [27.5919322, 53.958465], [27.5920189, 53.9584285], [27.5926268, 53.9580871], [27.5927181, 53.9579773], [27.5928577, 53.9578848], [27.5936292, 53.9576077], [27.5940064, 53.9574353], [27.5940583, 53.9573777], [27.5940404, 53.9572918], [27.5939899, 53.9571867], [27.5939389, 53.9568724], [27.5938784, 53.9566468], [27.5937587, 53.9564724], [27.5934844, 53.956231], [27.5932205, 53.9560975], [27.5929267, 53.956011], [27.5927861, 53.9559225], [27.5926414, 53.9558679], [27.5924626, 53.9558209], [27.5921382, 53.9557396], [27.5919993, 53.9556779], [27.5918696, 53.9556065], [27.5912685, 53.955607], [27.5903204, 53.9555357], [27.590342, 53.9557041], [27.59033, 53.9559329], [27.5903241, 53.9561852], [27.5903123, 53.9563636], [27.5903619, 53.9567094], [27.5904221, 53.956847], [27.5905455, 53.9569841], [27.5905557, 53.9570615], [27.5905455, 53.9571365], [27.5902814, 53.9572899], [27.5901581, 53.9573497], [27.5899426, 53.9574142], [27.5901717, 53.9578789], [27.5898033, 53.9579963], [27.5894643, 53.9581053], [27.5891486, 53.9581616], [27.5889552, 53.9581814], [27.5888312, 53.9581723], [27.588335, 53.9575107], [27.5881936, 53.9573537], [27.5879177, 53.9570734], [27.5878384, 53.9569964], [27.5878357, 53.956938], [27.5877497, 53.9568919], [27.5873981, 53.9567681], [27.5872682, 53.9567659], [27.5871866, 53.9567858], [27.5871071, 53.9568507], [27.5869564, 53.9569418], [27.5867689, 53.9570291], [27.5865675, 53.9571258], [27.5865336, 53.9571773], [27.5865464, 53.9572562], [27.5866199, 53.9573235], [27.5867075, 53.9573907], [27.5867638, 53.9574998], [27.5869229, 53.9579331], [27.5869634, 53.9580003], [27.5870245, 53.958092], [27.5871564, 53.9582775], [27.5872318, 53.9583804], [27.5873063, 53.9584826], [27.5874193, 53.9586172], [27.5871371, 53.9584865], [27.5870479, 53.9584321], [27.5867043, 53.9581927], [27.5865783, 53.958115], [27.5865225, 53.9581036], [27.5864599, 53.9581132], [27.5864215, 53.9581402], [27.5864112, 53.9581944], [27.586433, 53.958292], [27.5864658, 53.9583338], [27.5865099, 53.9583823], [27.5865572, 53.958424], [27.5866159, 53.9584668], [27.5866824, 53.9585056], [27.5867448, 53.9585365], [27.586815, 53.9585694], [27.5868753, 53.9585997], [27.5869287, 53.9586279], [27.5869857, 53.9586673], [27.5870285, 53.9587089], [27.5870784, 53.9587602], [27.5871207, 53.9588011], [27.5871635, 53.9588352], [27.5872227, 53.958874], [27.5873149, 53.9588928], [27.5874152, 53.9589164], [27.5874978, 53.9589451], [27.58753, 53.9589755], [27.5875504, 53.9590241], [27.5875655, 53.9591321], [27.5876146, 53.9592855], [27.5876717, 53.9593903], [27.5877326, 53.9594443], [27.587788, 53.9594604], [27.5878497, 53.9594551]]]}}, {"type": "Feature", "properties": {"name": "", "kind": "wood", "osm_id": 541892414, "area": 1.5171237691902206e-05}, "geometry": {"type": "Polygon", "coordinates": [[[27.5893921, 53.8446684], [27.5869948, 53.8461637], [27.5869948, 53.8464675], [27.5875527, 53.8470118], [27.587778, 53.8470751], [27.588132, 53.8470941], [27.5888187, 53.8469612], [27.5893981, 53.8468346], [27.5898242, 53.8467704], [27.5903208, 53.8470625], [27.5931746, 53.8470118], [27.593518, 53.8469485], [27.5942475, 53.8468346], [27.595256, 53.8466574], [27.5955135, 53.8465814], [27.5956512, 53.8464513], [27.5956524, 53.8458963], [27.5957067, 53.8456573], [27.594269, 53.84567], [27.5924022, 53.8450497], [27.5923593, 53.8447965], [27.5916726, 53.8445559], [27.5893921, 53.8446684]]]}}, {"type": "Feature", "properties": {"name": "", "kind": "wood", "osm_id": 63073259, "area": 1.4943255564503488e-05}, "geometry": {"type": "Polygon", "coordinates": [[[27.5002216, 53.9435683], [27.4999496, 53.9438012], [27.5005389, 53.9438812], [27.5009262, 53.9437745], [27.5010828, 53.9439734], [27.5007202, 53.9445578], [27.5033971, 53.9449982], [27.5030864, 53.9455489], [27.5037502, 53.945639], [27.5041928, 53.9454954], [27.5046235, 53.9456012], [27.5045333, 53.9457392], [27.5059802, 53.9459129], [27.506366, 53.9456991], [27.5070776, 53.9457907], [27.5070412, 53.9460464], [27.5068142, 53.9463336], [27.5068125, 53.9464923], [27.5076859, 53.9466503], [27.5083542, 53.9459026], [27.5089017, 53.9451861], [27.5083109, 53.9450918], [27.5078672, 53.9450176], [27.507793, 53.9449376], [27.5080114, 53.944472], [27.5079331, 53.9443944], [27.5085581, 53.9434447], [27.5069834, 53.9429863], [27.5059739, 53.9430566], [27.5050962, 53.9434835], [27.5048613, 53.9438254], [27.5037364, 53.9440582], [27.5026733, 53.9438909], [27.5002216, 53.9435683]]]}}, {"type": "Feature", "properties": {"name": "", "kind": "wood", "osm_id": 48087954, "area": 1.4942633356440638e-05}, "geometry": {"type": "Polygon", "coordinates": [[[27.7365062, 53.9397003], [27.7367343, 53.9393019], [27.7373027, 53.9387677], [27.7377991, 53.938279], [27.7379875, 53.9377468], [27.7382218, 53.9377948], [27.73833, 53.9377218], [27.7381134, 53.9375578], [27.7376575, 53.9372125], [27.7367777, 53.9367429], [27.7359777, 53.9364953], [27.7351385, 53.9363756], [27.7350893, 53.9364059], [27.7347483, 53.9371192], [27.7343468, 53.9378707], [27.7337138, 53.9390827], [27.7330684, 53.9403544], [27.7330193, 53.940491], [27.7329988, 53.9406277], [27.7343838, 53.9411812], [27.7352268, 53.9410897], [27.7370667, 53.9409066], [27.7370506, 53.940575], [27.737056, 53.9403224], [27.736761, 53.940035], [27.7365062, 53.9397003]]]}}, {"type": "Feature", "properties": {"name": "", "kind": "wood", "osm_id": 58774375, "area": 1.4882744835631456e-05}, "geometry": {"type": "Polygon", "coordinates": [[[27.6697085, 53.9016567], [27.6674176, 53.8998242], [27.6667684, 53.8995617], [27.6684817, 53.8959278], [27.6724904, 53.90154], [27.6697085, 53.9016567]]]}}, {"type": "Feature", "properties": {"name": "", "kind": "forest", "osm_id": 58947065, "area": 1.4838636730019061e-05}, "geometry": {"type": "Polygon", "coordinates": [[[27.638897, 53.8320995], [27.6431188, 53.8321578], [27.6508003, 53.8335999], [27.650657, 53.833959], [27.6497676, 53.8342817], [27.6497264, 53.8343227], [27.6497108, 53.8343677], [27.6498184, 53.8345269], [27.6498406, 53.8345714], [27.6498414, 53.8346155], [27.649772, 53.8346646], [27.6497126, 53.8346662], [27.6495899, 53.8346373], [27.6489675, 53.8344161], [27.648249, 53.8342759], [27.6459659, 53.8339367], [27.6443395, 53.8337779], [27.6442425, 53.8337217], [27.6434424, 53.8336087], [27.6425248, 53.8335883], [27.6407276, 53.833525], [27.6403929, 53.8334553], [27.6400808, 53.8334429], [27.6397817, 53.8334786], [27.6392408, 53.8334749], [27.6391175, 53.833461], [27.6390309, 53.8334178], [27.6389936, 53.8333716], [27.6388302, 53.8321673], [27.638897, 53.8320995]]]}}, {"type": "Feature", "properties": {"name": "", "kind": "wood", "osm_id": 58774381, "area": 1.4726411222909519e-05}, "geometry": {"type": "Polygon", "coordinates": [[[27.6785257, 53.8933135], [27.6792495, 53.8936207], [27.6748912, 53.8953537], [27.6745913, 53.8957162], [27.6717506, 53.899151], [27.6706288, 53.8975525], [27.6692286, 53.8956538], [27.6741055, 53.8948522], [27.6756314, 53.8943421], [27.6785257, 53.8933135]]]}}, {"type": "Feature", "properties": {"name": "", "kind": "wood", "osm_id": 55284207, "area": 1.4712973552377662e-05}, "geometry": {"type": "Polygon", "coordinates": [[[27.481622, 53.8770029], [27.4818576, 53.8769869], [27.4818123, 53.8768], [27.4817217, 53.8766611], [27.4814001, 53.8764582], [27.4815463, 53.8761581], [27.481794, 53.8762699], [27.4818838, 53.8763759], [27.4819157, 53.8764733], [27.482107, 53.8766015], [27.4820462, 53.8768322], [27.4821911, 53.8770082], [27.4830984, 53.8768732], [27.483568, 53.8768305], [27.4839796, 53.8767518], [27.4843651, 53.8767125], [27.4857246, 53.8765417], [27.4873421, 53.8762694], [27.4872029, 53.8761698], [27.4846226, 53.8756859], [27.4853575, 53.875376], [27.4855185, 53.8755183], [27.4862963, 53.8756448], [27.4871385, 53.8757334], [27.4879485, 53.8759769], [27.488839, 53.8760591], [27.4907764, 53.8758377], [27.4913031, 53.8757796], [27.4916474, 53.8757483], [27.4917487, 53.8757584], [27.4917668, 53.8755758], [27.4917416, 53.8745407], [27.4911698, 53.8745863], [27.490564, 53.8746397], [27.4899412, 53.8746731], [27.4893731, 53.874453], [27.4886264, 53.8743941], [27.4879953, 53.8744378], [27.4877842, 53.8748099], [27.4873426, 53.87482], [27.4868614, 53.8748834], [27.4863405, 53.8748967], [27.4859385, 53.8749768], [27.4856687, 53.8749522], [27.4855378, 53.8748531], [27.4851429, 53.8748162], [27.4847728, 53.8748985], [27.484755, 53.8750931], [27.4844811, 53.875155], [27.4842954, 53.875357], [27.483274, 53.875594], [27.483127, 53.8754838], [27.4827828, 53.8755639], [27.4824684, 53.8755705], [27.4825895, 53.8758093], [27.4821839, 53.8758984], [27.481983, 53.8757779], [27.4817097, 53.8760148], [27.4813422, 53.8758457], [27.4809925, 53.8759375], [27.4805169, 53.8760951], [27.4802678, 53.876071], [27.4801183, 53.8761671], [27.4798511, 53.8761645], [27.4794842, 53.8762125], [27.4795975, 53.8764128], [27.4797469, 53.8765783], [27.47991, 53.8767385], [27.4802452, 53.876864], [27.4804173, 53.8769281], [27.4804851, 53.876946], [27.4809636, 53.8769845], [27.481052, 53.8771027], [27.4811824, 53.8770984], [27.4812512, 53.8770621], [27.4814614, 53.8770364], [27.481581, 53.8770514], [27.481622, 53.8770029]]]}}, {"type": "Feature", "properties": {"name": "", "kind": "wood", "osm_id": 1270875989, "area": 1.4607444086323085e-05}, "geometry": {"type": "Polygon", "coordinates": [[[28.0583766, 53.8795433], [28.0581795, 53.879514], [28.0579019, 53.8793788], [28.0553618, 53.8779376], [28.0549085, 53.8776119], [28.0548629, 53.8774727], [28.0548066, 53.8770711], [28.0546725, 53.8768276], [28.0546349, 53.8764386], [28.0547154, 53.8762836], [28.0546939, 53.8761318], [28.054533, 53.8758883], [28.054297, 53.8750123], [28.0543613, 53.8749459], [28.0552947, 53.874715], [28.0556863, 53.8746423], [28.0559385, 53.8746454], [28.0574405, 53.8754329], [28.0575371, 53.8755531], [28.0575156, 53.875629], [28.0565607, 53.8763184], [28.0564213, 53.8765398], [28.0564105, 53.8767264], [28.0564749, 53.8769161], [28.0569631, 53.8773367], [28.0584276, 53.8784467], [28.0587923, 53.8785479], [28.0594522, 53.8785479], [28.0603695, 53.8786238], [28.0606592, 53.8785795], [28.0625099, 53.8781052], [28.0630195, 53.8780451], [28.0632019, 53.8780609], [28.0634326, 53.8781779], [28.0636847, 53.8780925], [28.0638456, 53.8780989], [28.0638778, 53.8781937], [28.0635399, 53.8782855], [28.0630571, 53.8785068], [28.0628532, 53.8787851], [28.0625313, 53.8790665], [28.0611741, 53.8797148], [28.0607128, 53.8798255], [28.0604607, 53.8798539], [28.0600798, 53.8798729], [28.0597365, 53.8797622], [28.0598062, 53.8796516], [28.0598384, 53.8794966], [28.0597526, 53.8793859], [28.0593717, 53.8791772], [28.0591303, 53.8792183], [28.0588567, 53.8793733], [28.0586556, 53.8794998], [28.0585644, 53.8795361], [28.0583766, 53.8795433]]]}}, {"type": "Feature", "properties": {"name": "", "kind": "wood", "osm_id": 586988494, "area": 1.4403953628061572e-05}, "geometry": {"type": "Polygon", "coordinates": [[[27.4780002, 53.8749511], [27.4794377, 53.8749191], [27.4799816, 53.8746064], [27.4815876, 53.874572], [27.4825573, 53.8743513], [27.4836141, 53.8739117], [27.4841812, 53.8736396], [27.4846313, 53.8731604], [27.4863084, 53.8731003], [27.4865384, 53.8727407], [27.4874333, 53.8727469], [27.4886194, 53.8728183], [27.4899243, 53.872888], [27.491271, 53.8729218], [27.4917519, 53.8730356], [27.4918475, 53.8734753], [27.491253, 53.8739149], [27.4895148, 53.8741373], [27.4884738, 53.8739488], [27.4873769, 53.8740373], [27.4867657, 53.8741912], [27.4856257, 53.874481], [27.484231, 53.87487], [27.4817473, 53.8753191], [27.4806529, 53.8755942], [27.4785951, 53.8754761], [27.4780002, 53.8749511]]]}}, {"type": "Feature", "properties": {"name": "", "kind": "wood", "osm_id": 23408892, "area": 1.4268451764110068e-05}, "geometry": {"type": "Polygon", "coordinates": [[[27.6679618, 53.8937904], [27.6705075, 53.8944114], [27.6705267, 53.8944003], [27.6749875, 53.891806], [27.6750227, 53.8917878], [27.6751416, 53.8917506], [27.6757991, 53.8920932], [27.6762079, 53.891837], [27.6774239, 53.8925331], [27.6770213, 53.8929772], [27.6777373, 53.8933944], [27.6758518, 53.8940461], [27.6743879, 53.8944633], [27.6741603, 53.8945206], [27.6735764, 53.8946556], [27.6690336, 53.8954338], [27.6679618, 53.8937904]]]}}, {"type": "Feature", "properties": {"name": "", "kind": "wood", "osm_id": 1104972143, "area": 1.3904308161727386e-05}, "geometry": {"type": "Polygon", "coordinates": [[[28.0165744, 53.9100106], [28.0158931, 53.9094355], [28.0156517, 53.9092206], [28.0155927, 53.9090437], [28.0158234, 53.9088604], [28.0160165, 53.9087245], [28.0160272, 53.908636], [28.0159575, 53.9085728], [28.0118158, 53.9064044], [28.0112314, 53.9060984], [28.0112046, 53.9060163], [28.0119124, 53.9055151], [28.012484, 53.9051104], [28.0134094, 53.9044551], [28.0143213, 53.9039052], [28.0147612, 53.9040917], [28.0149436, 53.9042307], [28.0148041, 53.9043476], [28.0146646, 53.9044835], [28.0147773, 53.9046163], [28.0150294, 53.90473], [28.0153888, 53.9049544], [28.0155122, 53.9051504], [28.0156517, 53.9056781], [28.0161399, 53.9069327], [28.0161399, 53.9071224], [28.0161184, 53.9073499], [28.0163169, 53.9076153], [28.0166656, 53.9083169], [28.0169016, 53.9087087], [28.0169499, 53.9089173], [28.0173844, 53.9096156], [28.0173147, 53.9097484], [28.0171591, 53.9098495], [28.0168265, 53.9100138], [28.0167031, 53.9100391], [28.0165744, 53.9100106]]]}}, {"type": "Feature", "properties": {"name": "", "kind": "wood", "osm_id": 29500879, "area": 1.362311013508588e-05}, "geometry": {"type": "Polygon", "coordinates": [[[27.7256571, 53.957564], [27.7266938, 53.9579644], [27.7308999, 53.9601127], [27.730993, 53.9600416], [27.732024, 53.959246], [27.7311991, 53.9588764], [27.731411, 53.9587063], [27.7292164, 53.9576961], [27.7296815, 53.9573287], [27.728681, 53.9568574], [27.7287147, 53.956833], [27.7296906, 53.9561279], [27.7294055, 53.9559667], [27.7292821, 53.9560043], [27.7290992, 53.9559027], [27.7291684, 53.9557739], [27.728832, 53.9555928], [27.7288908, 53.9555217], [27.7292322, 53.9556489], [27.7291968, 53.9557014], [27.7294741, 53.9558154], [27.7298354, 53.9558233], [27.7300468, 53.9554357], [27.7306082, 53.9552699], [27.7302249, 53.9550482], [27.7304813, 53.9548976], [27.7309877, 53.9551168], [27.7313031, 53.9550548], [27.7313149, 53.9549432], [27.731137, 53.9550146], [27.730885, 53.9546874], [27.7305882, 53.954837], [27.7301071, 53.9548855], [27.7299226, 53.9547688], [27.7301168, 53.9546075], [27.7307943, 53.9544716], [27.7308126, 53.9544098], [27.7276961, 53.9546746], [27.7276504, 53.9547747], [27.7285761, 53.9547783], [27.7283831, 53.954988], [27.7284691, 53.9551419], [27.7285469, 53.9550861], [27.7285042, 53.9550157], [27.7297499, 53.9547422], [27.7297863, 53.9550094], [27.7298628, 53.9552813], [27.7297035, 53.9553576], [27.729693, 53.9554958], [27.7295498, 53.9555579], [27.7295243, 53.9554592], [27.7292673, 53.9554309], [27.7293569, 53.9553279], [27.729491, 53.9553629], [27.7295766, 53.9553563], [27.7295913, 53.9551233], [27.7295227, 53.9550498], [27.7293035, 53.9549647], [27.7289881, 53.9549661], [27.7287711, 53.9551232], [27.7286829, 53.9553301], [27.7288806, 53.9554768], [27.7286593, 53.9556111], [27.7284573, 53.9556601], [27.7286177, 53.9561485], [27.7285684, 53.9563218], [27.7282178, 53.955671], [27.7284216, 53.9555389], [27.7284951, 53.9555745], [27.7286295, 53.9554768], [27.7285997, 53.9553184], [27.7283013, 53.9551242], [27.7279794, 53.9550232], [27.7274, 53.9549916], [27.7271962, 53.9548654], [27.7270031, 53.9548843], [27.7273357, 53.9553136], [27.7273732, 53.9556622], [27.7284495, 53.9566222], [27.7277304, 53.9568117], [27.7270663, 53.9566206], [27.7269504, 53.9563704], [27.7263759, 53.9563764], [27.7259071, 53.9563034], [27.7257346, 53.9563698], [27.7258411, 53.9570025], [27.7259806, 53.9570841], [27.7260865, 53.9573829], [27.7256877, 53.9574581], [27.7256571, 53.957564]]]}}, {"type": "Feature", "properties": {"name": "", "kind": "forest", "osm_id": 131386889, "area": 1.3531976264857803e-05}, "geometry": {"type": "Polygon", "coordinates": [[[27.7063343, 53.8269303], [27.707086, 53.8273836], [27.7074528, 53.8275732], [27.7078704, 53.8277404], [27.7093614, 53.8284102], [27.7095437, 53.8285763], [27.7098863, 53.8286193], [27.710022, 53.8287546], [27.7098409, 53.8289894], [27.7094966, 53.82949], [27.7094217, 53.8295593], [27.7086527, 53.829446], [27.7082639, 53.8293429], [27.7079716, 53.8294915], [27.7075689, 53.8295926], [27.7073333, 53.8295319], [27.7069049, 53.8296761], [27.7063909, 53.8295775], [27.7058726, 53.8293803], [27.7054314, 53.8293701], [27.704686, 53.8295673], [27.7035123, 53.8297367], [27.7033624, 53.8298227], [27.7025956, 53.8298404], [27.7023215, 53.8296937], [27.7022744, 53.8294991], [27.7025228, 53.8293524], [27.7022658, 53.8292614], [27.7023215, 53.829039], [27.7029298, 53.8288746], [27.7023429, 53.8288064], [27.7022015, 53.8286016], [27.7022727, 53.8285365], [27.7023418, 53.8285013], [27.7023847, 53.8284507], [27.7023656, 53.8283874], [27.7024133, 53.8283565], [27.7024649, 53.8283353], [27.7025158, 53.8283846], [27.7025317, 53.8284478], [27.7027757, 53.8285238], [27.7028881, 53.8283523], [27.7027785, 53.8283086], [27.7029484, 53.828239], [27.7031211, 53.8282455], [27.7031842, 53.8280966], [27.7035296, 53.8279381], [27.7036694, 53.8277212], [27.7041547, 53.8276695], [27.7044974, 53.8278102], [27.7048647, 53.8274413], [27.7048922, 53.8273523], [27.7051252, 53.8273038], [27.7054843, 53.8274025], [27.7056269, 53.8271792], [27.7058462, 53.8270611], [27.7059723, 53.8271404], [27.7063343, 53.8269303]]]}}, {"type": "Feature", "properties": {"name": "", "kind": "wood", "osm_id": 512585330, "area": 1.3419744732345862e-05}, "geometry": {"type": "Polygon", "coordinates": [[[27.4699479, 53.9008972], [27.4704535, 53.9010007], [27.4709506, 53.9009652], [27.4710845, 53.9006112], [27.4719124, 53.9008509], [27.4737382, 53.8989462], [27.4745965, 53.8965313], [27.4743225, 53.8951516], [27.4743755, 53.8950536], [27.4741529, 53.8948951], [27.4741986, 53.894575], [27.473353, 53.8945754], [27.4727404, 53.8959055], [27.4719465, 53.8972331], [27.4715817, 53.8977894], [27.4711418, 53.8983583], [27.4716353, 53.8984974], [27.471571, 53.8987376], [27.4712062, 53.8987439], [27.4708092, 53.8990158], [27.4708392, 53.8992468], [27.4699479, 53.9008972]]]}}, {"type": "Feature", "properties": {"name": "\u0421\u0435\u043a\u0442\u0430\u0440 \u0444\u043b\u043e\u0440\u044b \u041f\u0430\u045e\u043d\u043e\u0447\u043d\u0430\u0439 \u0410\u043c\u0435\u0440\u044b\u043a\u0456", "kind": "forest", "osm_id": 986263848, "area": 1.3346319292395492e-05}, "geometry": {"type": "Polygon", "coordinates": [[[27.6134464, 53.9159446], [27.6133338, 53.9158703], [27.6131138, 53.9157882], [27.612804, 53.9157803], [27.6126506, 53.9147291], [27.6125103, 53.9137676], [27.6142806, 53.9138624], [27.6147044, 53.9132968], [27.6153803, 53.9135749], [27.6158202, 53.9135938], [27.6166034, 53.9131483], [27.6168689, 53.9128023], [27.6169793, 53.9124317], [27.6179445, 53.9125164], [27.6194787, 53.9115495], [27.6199078, 53.9122636], [27.6200473, 53.9127376], [27.6201439, 53.9130788], [27.6200902, 53.9133261], [27.6169467, 53.9145891], [27.6134464, 53.9159446]]]}}, {"type": "Feature", "properties": {"name": "", "kind": "wood", "osm_id": 96052504, "area": 1.2776879316334089e-05}, "geometry": {"type": "Polygon", "coordinates": [[[27.7449762, 53.9288773], [27.7453048, 53.9288046], [27.7457065, 53.9281003], [27.7450517, 53.9278894], [27.7447362, 53.9278097], [27.7439254, 53.9276422], [27.7437206, 53.9274374], [27.7437099, 53.9270356], [27.7439452, 53.9269572], [27.7444333, 53.9265719], [27.744273, 53.925625], [27.7440102, 53.9245071], [27.7436869, 53.9235739], [27.7436777, 53.9235472], [27.7436523, 53.9234739], [27.7435888, 53.9232272], [27.74348, 53.9228047], [27.7432583, 53.922468], [27.7431395, 53.9223006], [27.7428345, 53.9222209], [27.7423867, 53.9222149], [27.7423558, 53.9220788], [27.742352, 53.9219356], [27.7424325, 53.9217306], [27.7425728, 53.9216373], [27.7428407, 53.9215804], [27.7444151, 53.9235757], [27.7458543, 53.9255686], [27.7466426, 53.9265845], [27.7485472, 53.9291368], [27.7477771, 53.9293415], [27.7476037, 53.9294175], [27.7458268, 53.9290254], [27.7449762, 53.9288773]]]}}, {"type": "Feature", "properties": {"name": "", "kind": "wood", "osm_id": 1270827132, "area": 1.2635015764317359e-05}, "geometry": {"type": "Polygon", "coordinates": [[[27.6689011, 53.8270527], [27.6696521, 53.8267012], [27.6700705, 53.8267107], [27.6699525, 53.827173], [27.6716262, 53.8279234], [27.6721251, 53.8279487], [27.6721466, 53.8276384], [27.6725757, 53.8271477], [27.6721466, 53.8267361], [27.6714975, 53.8264036], [27.6708269, 53.8262516], [27.6709557, 53.826087], [27.6703119, 53.8257798], [27.670387, 53.825688], [27.6696521, 53.8252764], [27.6693302, 53.8252891], [27.6660526, 53.8232594], [27.6653498, 53.8230726], [27.6642662, 53.8234367], [27.6645452, 53.8236837], [27.6648295, 53.8238389], [27.6659077, 53.8244753], [27.666235, 53.8243392], [27.6667339, 53.8245513], [27.6663476, 53.8247666], [27.6670825, 53.8251751], [27.6674688, 53.8252986], [27.6676565, 53.8253049], [27.6675492, 53.8257292], [27.6677692, 53.825897], [27.6676941, 53.826011], [27.6669323, 53.8266632], [27.667501, 53.8271192], [27.6678604, 53.8273883], [27.6674581, 53.8275371], [27.6686972, 53.8281197], [27.6686382, 53.8274453], [27.6685846, 53.827249], [27.6689011, 53.8270527]]]}}, {"type": "Feature", "properties": {"name": "", "kind": "wood", "osm_id": 23566216, "area": 1.258254144431703e-05}, "geometry": {"type": "Polygon", "coordinates": [[[27.5957439, 53.85136], [27.5961428, 53.8509394], [27.5960896, 53.85078], [27.5954942, 53.8511948], [27.5950969, 53.8510623], [27.5946677, 53.8509964], [27.5943673, 53.8510471], [27.5942043, 53.8508597], [27.593818, 53.8507585], [27.5933889, 53.8507585], [27.59314, 53.8507787], [27.5932178, 53.8503976], [27.5933365, 53.8500168], [27.5925454, 53.8497028], [27.5914648, 53.8501231], [27.5916731, 53.8502475], [27.5913688, 53.8504888], [27.5912792, 53.8508028], [27.590999, 53.8508835], [27.5909856, 53.8507585], [27.5910972, 53.8506825], [27.5909084, 53.8504952], [27.5907109, 53.8504294], [27.5908569, 53.8503129], [27.5906423, 53.8501813], [27.5911869, 53.8500941], [27.5919084, 53.8497012], [27.5912508, 53.8495854], [27.5894041, 53.8491045], [27.5887948, 53.8494718], [27.5883211, 53.8498463], [27.5880744, 53.8501153], [27.5879314, 53.8503579], [27.587479, 53.8506999], [27.5875874, 53.8509839], [27.5879674, 53.8511288], [27.5897818, 53.8512189], [27.5913425, 53.8513595], [27.5926657, 53.8515821], [27.5928106, 53.8515164], [27.592804, 53.8516413], [27.5927709, 53.8518015], [27.592882, 53.8518689], [27.5937083, 53.8524606], [27.594245, 53.8527743], [27.59452, 53.8527251], [27.5957439, 53.85136]]]}}, {"type": "Feature", "properties": {"name": "", "kind": "wood", "osm_id": 29563253, "area": 1.256017469586368e-05}, "geometry": {"type": "Polygon", "coordinates": [[[27.7105893, 53.9322924], [27.7105237, 53.9323757], [27.7118063, 53.9333789], [27.7127161, 53.9336517], [27.7126131, 53.9339094], [27.7131023, 53.9342126], [27.7130422, 53.9344147], [27.713952, 53.9349655], [27.7144713, 53.9350855], [27.7145529, 53.9353091], [27.7155657, 53.9361074], [27.7160656, 53.936525], [27.7165012, 53.9367037], [27.717112, 53.9369257], [27.7172399, 53.9369254], [27.7173242, 53.9368562], [27.7173673, 53.9367115], [27.7175255, 53.9366965], [27.7177174, 53.9365074], [27.7172653, 53.9362914], [27.7171406, 53.9362891], [27.7169421, 53.9364502], [27.7171768, 53.936552], [27.7169958, 53.936627], [27.716753, 53.9365907], [27.7166954, 53.9365623], [27.7171218, 53.9361967], [27.7170308, 53.9359929], [27.7176476, 53.9354364], [27.7163436, 53.9349194], [27.7167346, 53.9345846], [27.7171406, 53.9346967], [27.7175645, 53.9344643], [27.7176288, 53.9341314], [27.7174625, 53.9337831], [27.7174504, 53.9336632], [27.7175464, 53.9335039], [27.7173491, 53.9334227], [27.7169878, 53.9334428], [27.7168963, 53.9334944], [27.7168737, 53.9336869], [27.7154532, 53.9333994], [27.7153768, 53.9333839], [27.7145646, 53.9331896], [27.7138929, 53.9330052], [27.7133512, 53.9328382], [27.7124152, 53.9326063], [27.7118754, 53.9324257], [27.7115562, 53.9323635], [27.7112445, 53.932262], [27.7105893, 53.9322924]]]}}, {"type": "Feature", "properties": {"name": "", "kind": "wood", "osm_id": 23565965, "area": 1.1720953807525802e-05}, "geometry": {"type": "Polygon", "coordinates": [[[27.5693188, 53.9502973], [27.5738733, 53.9501416], [27.574209, 53.9500498], [27.5746553, 53.9499134], [27.5753677, 53.9495447], [27.5755994, 53.9493174], [27.5759256, 53.9490901], [27.5763376, 53.9488527], [27.5769384, 53.9486102], [27.5773218, 53.9484802], [27.5773801, 53.9484331], [27.577374, 53.9483861], [27.5772754, 53.9483542], [27.5768826, 53.9483292], [27.5759045, 53.9483405], [27.5742731, 53.9484026], [27.5735894, 53.9484477], [27.5701054, 53.9485309], [27.5689561, 53.9485597], [27.5689465, 53.9487138], [27.5690022, 53.9489014], [27.5689654, 53.9490431], [27.5689923, 53.9496783], [27.5690239, 53.9499006], [27.5690889, 53.9500354], [27.5693188, 53.9502973]]]}}, {"type": "Feature", "properties": {"name": "", "kind": "wood", "osm_id": 752942469, "area": 1.1648091572169506e-05}, "geometry": {"type": "Polygon", "coordinates": [[[27.3939103, 53.8624929], [27.3939639, 53.8624945], [27.3939961, 53.8625214], [27.3939854, 53.8627855], [27.3940042, 53.8628504], [27.394326, 53.8628757], [27.3945191, 53.8628852], [27.3945326, 53.8629042], [27.394369, 53.8629706], [27.3943609, 53.863056], [27.3943609, 53.8631762], [27.3943019, 53.863249], [27.3940176, 53.8632775], [27.3935831, 53.8633597], [27.3933524, 53.8634451], [27.3933631, 53.8635305], [27.3934758, 53.8635906], [27.393685, 53.8636191], [27.3938861, 53.8636128], [27.3939425, 53.8636397], [27.3939264, 53.8636682], [27.3938258, 53.8636776], [27.3935133, 53.863699], [27.3928294, 53.8638239], [27.3912683, 53.8638769], [27.3912737, 53.8638421], [27.3913085, 53.8637899], [27.3915929, 53.8637362], [27.3917699, 53.8636571], [27.3916948, 53.8635685], [27.3914802, 53.8635685], [27.3912281, 53.8636508], [27.3909223, 53.8637298], [27.3902625, 53.8637678], [27.389769, 53.8638406], [27.3892432, 53.8638785], [27.3887712, 53.8639038], [27.3883635, 53.8639798], [27.388165, 53.8640367], [27.3880845, 53.8641031], [27.3879397, 53.8640936], [27.3877412, 53.8640256], [27.387583, 53.863945], [27.3874515, 53.8639671], [27.3870465, 53.8641522], [27.3851703, 53.8649794], [27.3836294, 53.8657386], [27.3834148, 53.8658461], [27.3833746, 53.865998], [27.3833102, 53.8660723], [27.3832136, 53.8661245], [27.3830661, 53.8661656], [27.3828515, 53.8662091], [27.382704, 53.8662186], [27.3826142, 53.8662518], [27.3825739, 53.8662842], [27.3824814, 53.8664266], [27.3825109, 53.866618], [27.3825458, 53.866716], [27.3826531, 53.8667856], [27.3828113, 53.8668204], [27.3839884, 53.8668045], [27.3840383, 53.866845], [27.3840699, 53.8668863], [27.3841467, 53.8669093], [27.3843926, 53.8669063], [27.3845065, 53.8668425], [27.3844743, 53.8665911], [27.3845386, 53.8665547], [27.3857562, 53.8665566], [27.3858422, 53.8665832], [27.3859227, 53.8666749], [27.3861211, 53.8667413], [27.386502, 53.8667382], [27.3866683, 53.8668014], [27.3867863, 53.8669248], [27.3868078, 53.8670988], [27.3867059, 53.8671778], [27.3865196, 53.8672159], [27.3863815, 53.8671819], [27.3863402, 53.867142], [27.386268, 53.8671452], [27.3861666, 53.8671469], [27.3861237, 53.8671033], [27.3861319, 53.8670007], [27.3859334, 53.8669026], [27.3856705, 53.8669121], [27.3856062, 53.8670134], [27.3856007, 53.867107], [27.3856699, 53.8671869], [27.3857748, 53.8672535], [27.3860253, 53.8673444], [27.3860663, 53.8674306], [27.3847636, 53.8674281], [27.3842027, 53.8676954], [27.3814545, 53.8677194], [27.3810554, 53.8677881], [27.3806805, 53.8677906], [27.3806146, 53.8681268], [27.3805582, 53.8681774], [27.3801264, 53.8681885], [27.3798475, 53.8682296], [27.3795041, 53.868281], [27.3792909, 53.8683427], [27.3791139, 53.8684083], [27.3788966, 53.8684945], [27.3787558, 53.8685732], [27.378723, 53.8685787], [27.3787062, 53.8685755], [27.3786975, 53.8685676], [27.3786995, 53.8685554], [27.3790643, 53.8683276], [27.380105, 53.8677488], [27.3807621, 53.8673661], [27.3824036, 53.8663396], [27.3830098, 53.8659616], [27.3833933, 53.8657655], [27.3842731, 53.86534], [27.3861104, 53.8644906], [27.3867756, 53.8641522], [27.3874864, 53.8638311], [27.3884734, 53.8634356], [27.3887202, 53.8633455], [27.3902732, 53.8629453], [27.3913407, 53.8627587], [27.3921722, 53.862572], [27.392875, 53.8625119], [27.3934597, 53.8625657], [27.3937359, 53.8625546], [27.3939103, 53.8624929]]]}}, {"type": "Feature", "properties": {"name": "", "kind": "wood", "osm_id": 224861040, "area": 1.1570193350962654e-05}, "geometry": {"type": "Polygon", "coordinates": [[[27.7005979, 53.9173346], [27.7006289, 53.917199], [27.7011175, 53.9166192], [27.702001, 53.9155701], [27.7023504, 53.9151422], [27.7027307, 53.9149186], [27.7040983, 53.9140651], [27.70424, 53.9142414], [27.7043776, 53.9143228], [27.7043614, 53.9144608], [27.7047275, 53.9145955], [27.7050504, 53.9143894], [27.7047004, 53.9141602], [27.7044978, 53.9140698], [27.7043824, 53.9141416], [27.7041723, 53.9139968], [27.7042976, 53.9139264], [27.7050431, 53.9134942], [27.7051195, 53.9136273], [27.7062031, 53.9156212], [27.7065411, 53.9162938], [27.7057247, 53.9164349], [27.7056329, 53.9162165], [27.7056628, 53.9161016], [27.7057311, 53.9160544], [27.7056748, 53.9159304], [27.7051784, 53.9159679], [27.7051817, 53.9160302], [27.7046703, 53.9161294], [27.7045939, 53.9161912], [27.7047438, 53.9163823], [27.7047296, 53.9164481], [27.7043458, 53.9165323], [27.7043019, 53.9166151], [27.7045272, 53.9167989], [27.7048444, 53.9169501], [27.7048664, 53.9169769], [27.7048451, 53.917009], [27.7039819, 53.9174228], [27.7034741, 53.9174433], [27.700728, 53.917396], [27.7006408, 53.9173845], [27.7005979, 53.9173346]]]}}, {"type": "Feature", "properties": {"name": "", "kind": "wood", "osm_id": 29562923, "area": 1.1442208233347628e-05}, "geometry": {"type": "Polygon", "coordinates": [[[27.6997914, 53.9334105], [27.7059751, 53.9338499], [27.7060598, 53.9342617], [27.707108, 53.9343102], [27.7072573, 53.9342126], [27.7076665, 53.9339233], [27.7079525, 53.9336871], [27.7019186, 53.9314637], [27.7014808, 53.9315799], [27.7003371, 53.9317107], [27.6999799, 53.9319419], [27.6998522, 53.932794], [27.6997914, 53.9334105]]]}}, {"type": "Feature", "properties": {"name": "", "kind": "wood", "osm_id": 1237761782, "area": 1.1424479453125969e-05}, "geometry": {"type": "Polygon", "coordinates": [[[27.6320594, 53.952568], [27.6314319, 53.9521015], [27.6311184, 53.9518684], [27.6307862, 53.9516845], [27.6305524, 53.9515551], [27.6303738, 53.9513912], [27.6251977, 53.953002], [27.6248352, 53.9532753], [27.6250288, 53.9536223], [27.6253112, 53.9538737], [27.6255885, 53.9540492], [27.625636, 53.9541502], [27.6256252, 53.9542607], [27.6255682, 53.9543572], [27.6254769, 53.9544371], [27.6253647, 53.9544905], [27.6252966, 53.9545206], [27.6252088, 53.954546], [27.6251978, 53.954729], [27.6250919, 53.9548195], [27.624811, 53.9548391], [27.6247581, 53.9548427], [27.6245973, 53.9547199], [27.6246362, 53.9546027], [27.6245785, 53.954603], [27.6245273, 53.954596], [27.6244717, 53.9545827], [27.6242912, 53.9545383], [27.624101, 53.9543757], [27.6240362, 53.9542899], [27.6237474, 53.9543412], [27.6235076, 53.9544677], [27.6232214, 53.9545135], [27.6221601, 53.9544802], [27.6228681, 53.9550686], [27.6233725, 53.9550432], [27.6234502, 53.9551329], [27.6248187, 53.9550151], [27.6254186, 53.9549559], [27.6267588, 53.9546345], [27.6279236, 53.9541387], [27.6280381, 53.9536194], [27.6290751, 53.9531911], [27.6295813, 53.9525962], [27.6304506, 53.9522807], [27.6303306, 53.9529134], [27.6312829, 53.9529224], [27.6320594, 53.952568]]]}}, {"type": "Feature", "properties": {"name": "", "kind": "wood", "osm_id": 29563147, "area": 1.133115563334286e-05}, "geometry": {"type": "Polygon", "coordinates": [[[27.7080202, 53.9358185], [27.7081966, 53.9365014], [27.7081091, 53.9366634], [27.7080117, 53.9366551], [27.7078285, 53.9367327], [27.7077193, 53.9368266], [27.7076355, 53.936922], [27.7075207, 53.9369899], [27.7071076, 53.9371114], [27.7065873, 53.937369], [27.7064954, 53.9374143], [27.7053465, 53.9376608], [27.7052252, 53.9378549], [27.7051373, 53.9379877], [27.7051228, 53.9379723], [27.7050794, 53.9379261], [27.7050832, 53.9378772], [27.7050264, 53.9378425], [27.7049771, 53.9380289], [27.7048791, 53.9380854], [27.7047811, 53.9380851], [27.7046556, 53.9380515], [27.7045838, 53.9380559], [27.7046654, 53.9381435], [27.7045882, 53.9382008], [27.70453, 53.9384832], [27.704134, 53.9391611], [27.7038694, 53.9392389], [27.7035393, 53.9392933], [27.7033434, 53.9390555], [27.7030191, 53.9392601], [27.7031293, 53.9393763], [27.7034019, 53.9397486], [27.7032801, 53.9400102], [27.7033047, 53.9403099], [27.7031779, 53.9406248], [27.7030863, 53.9406211], [27.702502, 53.9405588], [27.7022405, 53.9404759], [27.7020661, 53.9405359], [27.7018999, 53.9405206], [27.7016949, 53.9404256], [27.7017389, 53.9403607], [27.7016851, 53.9402889], [27.7016963, 53.9402672], [27.7019925, 53.9396923], [27.7023328, 53.93902], [27.7023715, 53.9389428], [27.7030711, 53.9375469], [27.7035544, 53.9372076], [27.703681, 53.9374033], [27.7039615, 53.9374135], [27.7040078, 53.9372959], [27.7042779, 53.9372751], [27.7044173, 53.9372643], [27.704134, 53.9371001], [27.7036007, 53.9370117], [27.7035486, 53.9369011], [27.703882, 53.9368238], [27.7036917, 53.9366916], [27.7036861, 53.9364739], [27.7037974, 53.9363122], [27.7041469, 53.9361581], [27.7050734, 53.9359661], [27.7065211, 53.9358579], [27.707273, 53.9358093], [27.7078288, 53.9357562], [27.7080202, 53.9358185]]]}}, {"type": "Feature", "properties": {"name": "", "kind": "wood", "osm_id": 503791248, "area": 1.1296204434074752e-05}, "geometry": {"type": "Polygon", "coordinates": [[[27.6637512, 53.8231074], [27.6623726, 53.8223569], [27.6611173, 53.8211663], [27.6613104, 53.8208338], [27.661069, 53.8206723], [27.6605594, 53.8207546], [27.6600391, 53.8203556], [27.6601893, 53.8203144], [27.6600391, 53.8200516], [27.6595187, 53.8199914], [27.6589286, 53.8190351], [27.6588106, 53.818161], [27.6596045, 53.8182655], [27.6612567, 53.8188957], [27.6616538, 53.8197349], [27.6622975, 53.8202004], [27.6639873, 53.8210079], [27.6654947, 53.8219294], [27.6642555, 53.8227496], [27.66388, 53.8227939], [27.6637512, 53.8231074]]]}}, {"type": "Feature", "properties": {"name": "", "kind": "wood", "osm_id": 930920, "area": 1.1022367175428371e-05}, "geometry": {"type": "MultiPolygon", "coordinates": [[[[27.643446, 53.909966], [27.6434094, 53.9098305], [27.6432707, 53.90975], [27.6428614, 53.9096302], [27.6417372, 53.9092682], [27.6412993, 53.9091448], [27.6406813, 53.9093774], [27.6402865, 53.9097516], [27.639823, 53.9097516], [27.6394291, 53.9097773], [27.6392932, 53.9098006], [27.6391732, 53.9097949], [27.6391176, 53.9097871], [27.6390955, 53.909779], [27.6390867, 53.9097672], [27.6390822, 53.9097568], [27.6390535, 53.9097462], [27.6390268, 53.9097431], [27.6390024, 53.909748], [27.6389693, 53.9097661], [27.638882, 53.9098341], [27.6388556, 53.9098722], [27.6388232, 53.9099001], [27.6387673, 53.9099336], [27.6386181, 53.9100396], [27.638559, 53.9101122], [27.6385516, 53.910131], [27.63855, 53.9101511], [27.6385525, 53.9101583], [27.6385615, 53.9101655], [27.6385792, 53.9101741], [27.6386067, 53.9101828], [27.6386256, 53.9101852], [27.6386422, 53.9101849], [27.6386676, 53.9101816], [27.6386829, 53.9101773], [27.6387031, 53.9101788], [27.6387206, 53.9101846], [27.6387376, 53.9102038], [27.6387445, 53.9102451], [27.6387608, 53.9102699], [27.6387802, 53.9102957], [27.6388103, 53.910316], [27.6388508, 53.9103334], [27.6388629, 53.9103376], [27.6388737, 53.9103423], [27.6388865, 53.9103512], [27.6429952, 53.9105436], [27.6429427, 53.9103092], [27.6430553, 53.9100975], [27.643446, 53.909966]]], [[[27.6436915, 53.9105025], [27.6485752, 53.9106955], [27.6500434, 53.9104866], [27.6507288, 53.9104442], [27.650818, 53.9104187], [27.6508783, 53.9103821], [27.6508926, 53.9103361], [27.6508903, 53.9102931], [27.650863, 53.9102574], [27.6507192, 53.9101987], [27.6501827, 53.9100853], [27.6486378, 53.9095645], [27.6478178, 53.9093697], [27.646475, 53.9092885], [27.6451788, 53.9095392], [27.6439772, 53.9097415], [27.6438632, 53.9098015], [27.6435301, 53.9098463], [27.6435569, 53.9098906], [27.6438171, 53.910017], [27.6436461, 53.9104369], [27.6436544, 53.9104733], [27.6436915, 53.9105025]]], [[[27.6385352, 53.9102798], [27.638518, 53.9102818], [27.6385038, 53.910286], [27.6384967, 53.9102923], [27.6384874, 53.9103111], [27.6384833, 53.9103348], [27.6384859, 53.9103515], [27.6384974, 53.9103672], [27.638501, 53.9103808], [27.638501, 53.9103975], [27.6385116, 53.910424], [27.6385205, 53.9104413], [27.6385338, 53.9104654], [27.6385815, 53.9105068], [27.6386076, 53.9105411], [27.638631, 53.9105543], [27.6386683, 53.9105585], [27.6387052, 53.9105543], [27.6387284, 53.9105518], [27.6387898, 53.9105363], [27.6388324, 53.9105378], [27.6388609, 53.9105454], [27.6388788, 53.9105511], [27.6389063, 53.9105545], [27.6389205, 53.9105537], [27.6389301, 53.9105511], [27.6389411, 53.9105449], [27.6389465, 53.9105378], [27.6389546, 53.9105245], [27.6389553, 53.9105105], [27.638905, 53.91043], [27.6388771, 53.9103981], [27.6388628, 53.9103853], [27.6388471, 53.910377], [27.6387342, 53.9103289], [27.6386559, 53.9102984], [27.6385999, 53.9102869], [27.6385658, 53.9102826], [27.6385352, 53.9102798]]]]}}, {"type": "Feature", "properties": {"name": "", "kind": "wood", "osm_id": 60828168, "area": 1.0815723157975299e-05}, "geometry": {"type": "Polygon", "coordinates": [[[27.6568096, 53.9058388], [27.654451, 53.9081923], [27.6546097, 53.9085408], [27.6547652, 53.9088825], [27.6553935, 53.9087938], [27.6554606, 53.9090274], [27.655315, 53.9092758], [27.6559899, 53.9104446], [27.6560742, 53.9105906], [27.6565259, 53.91066], [27.6575468, 53.9096277], [27.6590157, 53.9084585], [27.6580782, 53.9075292], [27.657337, 53.9067697], [27.6568096, 53.9058388]]]}}, {"type": "Feature", "properties": {"name": "", "kind": "wood", "osm_id": 379853356, "area": 1.0755412517937657e-05}, "geometry": {"type": "Polygon", "coordinates": [[[27.7157002, 53.9600323], [27.7160877, 53.9601313], [27.7060872, 53.9610094], [27.7044669, 53.9609702], [27.7044633, 53.9609077], [27.7043967, 53.9597586], [27.7030987, 53.9597512], [27.7029498, 53.9593657], [27.7157002, 53.9600323]]]}}, {"type": "Feature", "properties": {"name": "", "kind": "wood", "osm_id": 4096305, "area": 1.0589340377009648e-05}, "geometry": {"type": "Polygon", "coordinates": [[[27.751469, 53.8680974], [27.7519406, 53.8681501], [27.7526058, 53.8679666], [27.7530886, 53.8679982], [27.7533353, 53.8679287], [27.7526016, 53.8669635], [27.7520878, 53.8662798], [27.7514809, 53.8655743], [27.7505618, 53.865605], [27.749426, 53.865968], [27.7482382, 53.8665024], [27.7469029, 53.8678085], [27.7469771, 53.8678828], [27.7478265, 53.8679955], [27.7488387, 53.8680664], [27.751469, 53.8680974]]]}}, {"type": "Feature", "properties": {"name": "", "kind": "wood", "osm_id": 36935739, "area": 1.0500111443434434e-05}, "geometry": {"type": "Polygon", "coordinates": [[[27.6356637, 53.9157593], [27.6355373, 53.9157784], [27.6351755, 53.9155943], [27.634701, 53.9155014], [27.6338372, 53.9157126], [27.633618, 53.9155513], [27.632941, 53.9151289], [27.6319853, 53.9149323], [27.6317276, 53.9147529], [27.6316147, 53.914522], [27.6314172, 53.9141714], [27.6317286, 53.9138381], [27.6322779, 53.9129685], [27.6325192, 53.9127405], [27.6325336, 53.9123483], [27.6330264, 53.9121753], [27.6333942, 53.9121535], [27.6336435, 53.9122032], [27.6338895, 53.9122865], [27.6343898, 53.9124133], [27.6347432, 53.9123888], [27.6351515, 53.9130527], [27.6353658, 53.913439], [27.635282, 53.9137167], [27.6356425, 53.914925], [27.6356637, 53.9157593]]]}}, {"type": "Feature", "properties": {"name": "", "kind": "wood", "osm_id": 161776652, "area": 1.044526675286761e-05}, "geometry": {"type": "Polygon", "coordinates": [[[27.5704046, 53.8549928], [27.5702338, 53.8550009], [27.5693992, 53.8549522], [27.5694154, 53.8547682], [27.568194, 53.8547005], [27.5673673, 53.854676], [27.5673583, 53.8546093], [27.5668823, 53.8546313], [27.5664981, 53.8546491], [27.5660635, 53.854757], [27.5660536, 53.8545009], [27.5664064, 53.8543581], [27.5663507, 53.8542168], [27.5663841, 53.8540885], [27.566373, 53.8539767], [27.5666015, 53.8538814], [27.5668747, 53.8537959], [27.5669583, 53.8536545], [27.5669304, 53.8533323], [27.5672704, 53.8531087], [27.5673485, 53.852918], [27.567276, 53.8528292], [27.5671645, 53.8525201], [27.5674823, 53.8523196], [27.5674823, 53.8522341], [27.567499, 53.8520894], [27.5675715, 53.8519776], [27.5684522, 53.851902], [27.5688034, 53.8518132], [27.5691044, 53.851823], [27.569372, 53.8518658], [27.5694333, 53.8518921], [27.569751, 53.8520993], [27.5697343, 53.8522538], [27.5697231, 53.8523985], [27.5698402, 53.8524873], [27.5700242, 53.8526056], [27.5701134, 53.8527536], [27.5703085, 53.8527404], [27.5705259, 53.852747], [27.5709161, 53.8528917], [27.5709662, 53.8530232], [27.5708715, 53.8532895], [27.5709885, 53.8534408], [27.5709997, 53.8536118], [27.571061, 53.8537696], [27.5711446, 53.8538682], [27.5711502, 53.8539866], [27.5711558, 53.8541115], [27.5712617, 53.8542792], [27.5712728, 53.8543746], [27.5711, 53.8544601], [27.5708659, 53.8543384], [27.5708046, 53.8542598], [27.5707377, 53.854174], [27.5705983, 53.8541148], [27.5704088, 53.854197], [27.5704255, 53.8543154], [27.5703774, 53.8545205], [27.5704134, 53.8547338], [27.5707297, 53.8549048], [27.5706781, 53.8550289], [27.5705249, 53.8549941], [27.5704046, 53.8549928]]]}}, {"type": "Feature", "properties": {"name": "", "kind": "wood", "osm_id": 1233422446, "area": 9.79821527380409e-06}, "geometry": {"type": "Polygon", "coordinates": [[[27.4672135, 53.9558267], [27.467428, 53.9555623], [27.4649449, 53.9550408], [27.4648057, 53.954884], [27.4647502, 53.9548016], [27.464755, 53.9547207], [27.464953, 53.9544934], [27.4650761, 53.9544266], [27.4652089, 53.9544068], [27.4654865, 53.9544238], [27.4655975, 53.9544124], [27.4656603, 53.9543812], [27.4659234, 53.9540048], [27.4659162, 53.9539621], [27.4658486, 53.9539423], [27.465513, 53.9538059], [27.4646126, 53.9535658], [27.4644871, 53.9534565], [27.4645112, 53.9533712], [27.4645885, 53.953286], [27.4647116, 53.9531993], [27.4648588, 53.953188], [27.4651871, 53.9532263], [27.4652837, 53.9532093], [27.4653706, 53.9531567], [27.4658027, 53.9528059], [27.4658172, 53.952749], [27.4657737, 53.9526695], [27.465723, 53.9525445], [27.4657206, 53.9524578], [27.4657568, 53.9523896], [27.4658655, 53.9521396], [27.4636108, 53.951195], [27.4631304, 53.9518598], [27.4627055, 53.9524365], [27.4623121, 53.9530104], [27.4621551, 53.9532178], [27.4620103, 53.9534565], [27.4619017, 53.9536724], [27.4618167, 53.9538799], [27.4637667, 53.9545513], [27.4650515, 53.9554247], [27.4672135, 53.9558267]]]}}, {"type": "Feature", "properties": {"name": "", "kind": "wood", "osm_id": 155572421, "area": 9.746564046508865e-06}, "geometry": {"type": "Polygon", "coordinates": [[[27.4852975, 53.9524901], [27.4853417, 53.9525322], [27.4853567, 53.9525904], [27.485327, 53.9526365], [27.4852224, 53.9526873], [27.4849734, 53.9528107], [27.4853445, 53.9529263], [27.4856033, 53.9529757], [27.4859354, 53.9529964], [27.4858699, 53.953062], [27.4858343, 53.9531153], [27.4858298, 53.953172], [27.485871, 53.9532286], [27.4859158, 53.9532861], [27.4859525, 53.9533514], [27.4859993, 53.9534538], [27.4860541, 53.9535531], [27.4861716, 53.9537132], [27.4863989, 53.9540044], [27.4866004, 53.9542154], [27.4867587, 53.9543484], [27.486951, 53.954453], [27.4871833, 53.9545377], [27.4874238, 53.9545994], [27.4876951, 53.9546557], [27.4880132, 53.9546882], [27.4883386, 53.9547135], [27.4887163, 53.9547406], [27.4890537, 53.9547486], [27.4893202, 53.9547422], [27.4895363, 53.9547274], [27.4897031, 53.9547036], [27.4897406, 53.9548058], [27.4896962, 53.9548403], [27.4894805, 53.9550081], [27.4893864, 53.9550301], [27.4892433, 53.9550301], [27.4890809, 53.9550053], [27.4888079, 53.9549481], [27.4887847, 53.9549514], [27.4886839, 53.9550338], [27.4884351, 53.9552514], [27.4878962, 53.9555986], [27.4875055, 53.9559328], [27.4872392, 53.9561987], [27.4871507, 53.9563036], [27.4870338, 53.956411], [27.4869601, 53.9564277], [27.4863806, 53.956357], [27.4861892, 53.9563696], [27.4859128, 53.9564547], [27.4857904, 53.95646], [27.4856778, 53.9564364], [27.4855203, 53.9563627], [27.4851646, 53.9561953], [27.485065, 53.9560939], [27.4850238, 53.9559693], [27.4850725, 53.9557087], [27.4851689, 53.9554706], [27.4852949, 53.9553007], [27.4853744, 53.9552122], [27.4854241, 53.9551329], [27.485463, 53.9550221], [27.4855197, 53.9548575], [27.4855345, 53.9547232], [27.4854993, 53.9546306], [27.4854351, 53.954541], [27.4853426, 53.9544743], [27.4849974, 53.954341], [27.4846374, 53.954231], [27.4841374, 53.954041], [27.4839344, 53.953896], [27.4835047, 53.9540272], [27.4828817, 53.9541193], [27.4825826, 53.9541238], [27.4823473, 53.954097], [27.4821856, 53.9540264], [27.482038, 53.9539079], [27.4819885, 53.9537904], [27.4820343, 53.953714], [27.482115, 53.953655], [27.4822401, 53.9536188], [27.4823587, 53.9536123], [27.4824621, 53.9535848], [27.4826729, 53.9535288], [27.4828581, 53.9535116], [27.4829468, 53.9534928], [27.4830648, 53.9534123], [27.4831909, 53.9533398], [27.4833353, 53.9532939], [27.4835011, 53.953286], [27.4835701, 53.9534234], [27.4838449, 53.9532267], [27.4841209, 53.953045], [27.4852975, 53.9524901]]]}}, {"type": "Feature", "properties": {"name": "", "kind": "wood", "osm_id": 20584229, "area": 9.637013022256724e-06}, "geometry": {"type": "Polygon", "coordinates": [[[27.5543542, 53.9320292], [27.558072, 53.9319789], [27.5580213, 53.9296548], [27.5579869, 53.9295197], [27.5579813, 53.929095], [27.5567122, 53.9291185], [27.5567261, 53.929663], [27.5557575, 53.9296685], [27.5556845, 53.9296699], [27.555661, 53.9296688], [27.5554815, 53.9296404], [27.5553468, 53.9295586], [27.555013, 53.9295605], [27.5549576, 53.9296095], [27.5548978, 53.92961], [27.554842, 53.9296113], [27.5548391, 53.9294762], [27.5542415, 53.9294817], [27.5543542, 53.9320292]]]}}, {"type": "Feature", "properties": {"name": "", "kind": "forest", "osm_id": 36286909, "area": 9.575292324370821e-06}, "geometry": {"type": "Polygon", "coordinates": [[[27.632469, 53.9676697], [27.632815, 53.967561], [27.6373141, 53.9671535], [27.6372219, 53.9655715], [27.637167, 53.964629], [27.6360713, 53.9642939], [27.6359412, 53.9642541], [27.6350493, 53.9650294], [27.6346772, 53.9652413], [27.6342621, 53.9656562], [27.6334826, 53.9664202], [27.6330205, 53.9667521], [27.6322461, 53.9674466], [27.6322097, 53.9675383], [27.6322325, 53.9676157], [27.6323004, 53.967661], [27.632469, 53.9676697]]]}}, {"type": "Feature", "properties": {"name": "\u041b\u0435\u0441\u0430\u043f\u0430\u0440\u043a", "kind": "forest", "osm_id": 986263860, "area": 9.387839440933021e-06}, "geometry": {"type": "Polygon", "coordinates": [[[27.6125479, 53.9088193], [27.6145703, 53.9087972], [27.6199079, 53.9111608], [27.6194787, 53.9115495], [27.6179445, 53.9125164], [27.6169793, 53.9124317], [27.6170593, 53.9121846], [27.6164907, 53.911796], [27.6161367, 53.9112651], [27.6163351, 53.9106774], [27.6144254, 53.9099696], [27.6125479, 53.9088193]]]}}]}