{"type": "FeatureCollection", "features": [{"type": "Feature", "properties": {"place_id": 171841251, "osm_type": "relation", "osm_id": 14531592, "place_rank": 30, "category": "tourism", "type": "theme_park", "importance": 0.35411856752696674, "addresstype": "tourism", "name": "Парк Чалюскінцаў", "display_name": "Парк Чалюскінцаў, вуліца Талбухіна, Першамайскі раён, Мінск, 220043, Беларусь", "query": "Парк Челюскинцев Минск"}, "bbox": [27.60813, 53.9163347, 27.6246108, 53.9254003], "geometry": {"type": "Polygon", "coordinates": [[[27.60813, 53.9224481], [27.6083345, 53.9221506], [27.608472, 53.9219506], [27.6087041, 53.9219919], [27.6092775, 53.9210956], [27.6096333, 53.9211824], [27.6097145, 53.9212023], [27.6117735, 53.9213324], [27.6129702, 53.9197628], [27.6140524, 53.9183184], [27.6144379, 53.9178121], [27.6165089, 53.9183342], [27.6170882, 53.9177687], [27.6176622, 53.9172791], [27.6187692, 53.9163347], [27.6188469, 53.9163645], [27.6201424, 53.9168605], [27.6207932, 53.9171096], [27.622011, 53.9175809], [27.6229232, 53.9179348], [27.6244551, 53.9185354], [27.6245579, 53.9187245], [27.6246108, 53.9189015], [27.6231144, 53.9203013], [27.6232025, 53.9213937], [27.6234013, 53.9231649], [27.6233572, 53.9233877], [27.6231858, 53.9236006], [27.6214317, 53.924423], [27.6207448, 53.9247646], [27.6198532, 53.9251888], [27.6194265, 53.9254003], [27.6154079, 53.9243668], [27.6152057, 53.9243148], [27.6152436, 53.9242375], [27.6152133, 53.9241661], [27.6151426, 53.9241082], [27.615036, 53.9240574], [27.6149003, 53.9240457], [27.614769, 53.9240576], [27.614668, 53.9240933], [27.6145923, 53.9241676], [27.6143784, 53.9241153], [27.611085, 53.9232819], [27.6095249, 53.9228641], [27.6094561, 53.9228151], [27.6089483, 53.922679], [27.6086998, 53.9226089], [27.6084076, 53.9225264], [27.60813, 53.9224481]]]}}, {"type": "Feature", "properties": {"place_id": 171958275, "osm_type": "way", "osm_id": 99881325, "place_rank": 24, "category": "leisure", "type": "park", "importance": 0.31017616620231897, "addresstype": "park", "name": "Парк Перамогі", "display_name": "Парк Перамогі, Цэнтральны раён, Мінск, Беларусь", "query": "Парк Победы Минск"}, "bbox": [27.5240352, 53.9147124, 27.5474324, 53.9303952], "geometry": {"type": "Polygon", "coordinates": [[[27.5240352, 53.9246837], [27.5249613, 53.924216], [27.5254105, 53.9239637], [27.5263261, 53.9234015], [27.5265723, 53.92324], [27.5267118, 53.9231393], [27.5269116, 53.9229983], [27.5272386, 53.9227561], [27.527668, 53.9224337], [27.5278557, 53.9223098], [27.5281119, 53.922102], [27.5283138, 53.9219436], [27.5285384, 53.9217677], [27.5287617, 53.9215949], [27.5290052, 53.9214022], [27.5295536, 53.9209916], [27.5296241, 53.9209376], [27.5301696, 53.9205196], [27.5303614, 53.9203598], [27.5304218, 53.9203094], [27.5316892, 53.9193417], [27.5318057, 53.9192551], [27.5345629, 53.9172078], [27.5351554, 53.9167742], [27.53528, 53.9168313], [27.5354009, 53.916745], [27.5353407, 53.9167017], [27.5353784, 53.9166842], [27.5354106, 53.9166722], [27.5354075, 53.9166335], [27.535326, 53.9165948], [27.5357886, 53.9162892], [27.5362478, 53.9160171], [27.5362815, 53.9159976], [27.5363738, 53.9159442], [27.5366035, 53.9158192], [27.5366957, 53.9157718], [27.5367513, 53.9157455], [27.5371081, 53.9155686], [27.5374648, 53.9154064], [27.5375255, 53.9154271], [27.5375459, 53.9154173], [27.5381667, 53.9151417], [27.5390781, 53.9147827], [27.5392726, 53.9147274], [27.5393718, 53.9147124], [27.5394805, 53.9147226], [27.5395717, 53.9147416], [27.5420397, 53.916001], [27.5421379, 53.9159975], [27.5427539, 53.9163008], [27.5429618, 53.9164048], [27.5433982, 53.916623], [27.5436517, 53.9167477], [27.5441087, 53.9169664], [27.5445928, 53.917142], [27.5448592, 53.9172065], [27.5450506, 53.9172637], [27.5454367, 53.9173653], [27.5459822, 53.917488], [27.5462036, 53.9175207], [27.5466326, 53.9175725], [27.546793, 53.9175853], [27.5470336, 53.917599], [27.5472587, 53.9176184], [27.5473551, 53.9176267], [27.5471766, 53.917769], [27.5467294, 53.9181463], [27.5460627, 53.9186735], [27.5453755, 53.9192216], [27.5474324, 53.9201081], [27.5471349, 53.9202914], [27.5470184, 53.9204235], [27.5467933, 53.9209273], [27.5466772, 53.9213537], [27.5466686, 53.9215847], [27.5467445, 53.9218671], [27.5468171, 53.9219748], [27.5470259, 53.9220613], [27.5461735, 53.9228793], [27.545378, 53.9236426], [27.5447745, 53.9235308], [27.5444331, 53.9234785], [27.5443321, 53.9234704], [27.5442366, 53.9234774], [27.5441398, 53.9235055], [27.5440751, 53.9235446], [27.544053, 53.9236118], [27.5440121, 53.923697], [27.5433517, 53.9239746], [27.5423605, 53.9246286], [27.5419143, 53.9252219], [27.5416258, 53.9260267], [27.541966, 53.9261632], [27.5418865, 53.9262411], [27.5418811, 53.9263001], [27.5419202, 53.9263155], [27.5382922, 53.9297275], [27.5382396, 53.9297146], [27.5380949, 53.9296616], [27.5378412, 53.9298791], [27.5379206, 53.9300122], [27.5376166, 53.9302936], [27.5375641, 53.9303422], [27.537541, 53.9303636], [27.5375069, 53.9303952], [27.5368749, 53.9302824], [27.5351989, 53.9299926], [27.535122, 53.9299842], [27.5346303, 53.9299041], [27.5340072, 53.9298378], [27.5337681, 53.9298246], [27.5334332, 53.9298062], [27.5327462, 53.9297816], [27.5315511, 53.9297399], [27.5313893, 53.9296925], [27.5307617, 53.9296641], [27.5305992, 53.9296834], [27.530302, 53.9296841], [27.5301087, 53.9296554], [27.5290684, 53.9296295], [27.5290692, 53.92962], [27.5290696, 53.9296151], [27.5290882, 53.9295525], [27.5290444, 53.9294029], [27.5289133, 53.929215], [27.5288852, 53.929091], [27.5288805, 53.9289625], [27.5285879, 53.9289411], [27.5286206, 53.9285717], [27.5285954, 53.9281736], [27.5285299, 53.927801], [27.52843, 53.9274465], [27.5283003, 53.9270751], [27.5279234, 53.9264027], [27.5273834, 53.9256417], [27.5267257, 53.9250226], [27.5261011, 53.9245903], [27.5260266, 53.9246298], [27.5259638, 53.9245826], [27.5246798, 53.9252167], [27.5244812, 53.9250691], [27.5243878, 53.9251159], [27.52431, 53.9250592], [27.5246911, 53.924864], [27.5240352, 53.9246837]]]}}, {"type": "Feature", "properties": {"place_id": 171478023, "osm_type": "relation", "osm_id": 8888962, "place_rank": 19, "category": "waterway", "type": "canal", "importance": 0.3022467077917196, "addresstype": "canal", "name": "Сляпянская водная сістэма", "display_name": "Сляпянская водная сістэма, Беларусь", "query": "Слепянская водная система"}, "bbox": [27.5045357, 53.8530908, 27.6548136, 53.9608104], "geometry": {"type": "MultiLineString", "coordinates": [[[27.5989617, 53.9020202], [27.5988308, 53.9019988], [27.59869, 53.9019503], [27.5984993, 53.9018277], [27.5981743, 53.9016797], [27.5977041, 53.9015073], [27.5972123, 53.9013235], [27.5967941, 53.9011537], [27.5963543, 53.9009852], [27.5960141, 53.9008346], [27.5958168, 53.9006971]], [[27.6081416, 53.8738539], [27.6082861, 53.8737914], [27.6083995, 53.8737351], [27.6085264, 53.8736823], [27.6087204, 53.8735819], [27.6088385, 53.8735108], [27.6088782, 53.8734809], [27.6090457, 53.8733417], [27.6092338, 53.8731886], [27.6094427, 53.8730241], [27.6096586, 53.8728373]], [[27.6334356, 53.8530908], [27.6268037, 53.8545059], [27.6265676, 53.8545418], [27.6263679, 53.8545586], [27.6261815, 53.8545693], [27.6260072, 53.8545775], [27.6258441, 53.8545814], [27.6256381, 53.8545888], [27.6254351, 53.8546022], [27.6252317, 53.8546262], [27.6250292, 53.8546635], [27.624878, 53.8547116], [27.6247671, 53.8547742], [27.624679, 53.8548443], [27.6245362, 53.8549904], [27.6240881, 53.8554832], [27.6238838, 53.8556597], [27.6236844, 53.8558072], [27.6234691, 53.855945], [27.6229878, 53.8562152], [27.6227303, 53.8563596], [27.6225237, 53.8564994], [27.622279, 53.8566691], [27.6220768, 53.8568433], [27.6219073, 53.8570124], [27.6206271, 53.8582744], [27.6204755, 53.8584396], [27.6203351, 53.8586008], [27.6182106, 53.8609951], [27.6181198, 53.8611485], [27.6180668, 53.8613163], [27.6180456, 53.86148], [27.6180557, 53.8616319], [27.6180896, 53.8617872], [27.6181479, 53.8619529], [27.6182249, 53.8621248], [27.6183322, 53.8623052], [27.618451, 53.8624636], [27.6186079, 53.8626583], [27.6187138, 53.8628195], [27.6187943, 53.8629658], [27.6188636, 53.8631341], [27.6189147, 53.863293], [27.6189877, 53.8634679], [27.6190666, 53.8636096], [27.6191604, 53.8637551], [27.6192654, 53.8638937], [27.6195169, 53.8642224], [27.6195838, 53.8643297], [27.6196413, 53.8644484], [27.6196521, 53.864612], [27.6196151, 53.8647521], [27.6195391, 53.8648963], [27.619361, 53.8650827], [27.6180678, 53.8661847], [27.6173643, 53.866814], [27.6173541, 53.8668231], [27.6171224, 53.8670675], [27.6170092, 53.8672071], [27.6169193, 53.8673536], [27.6168411, 53.8674937], [27.6167806, 53.8676403], [27.6167362, 53.8678006], [27.6166846, 53.8679229], [27.6166056, 53.868045], [27.6164912, 53.8681427], [27.6163303, 53.8682205], [27.6161432, 53.8682781], [27.6159061, 53.8683272], [27.6154553, 53.8684094], [27.6153027, 53.8684488], [27.6151593, 53.8684974], [27.6150617, 53.8685521], [27.6149874, 53.8686114], [27.6149232, 53.8686799], [27.6148662, 53.8687591], [27.6145474, 53.8692836], [27.6144886, 53.8693716], [27.6144095, 53.8694606], [27.6142874, 53.8695493], [27.6141388, 53.8696269], [27.6139883, 53.8696929], [27.6138262, 53.8697454], [27.6135859, 53.8698117], [27.6132914, 53.8698856], [27.6129529, 53.8699645], [27.6127578, 53.8700194], [27.6126035, 53.8700824], [27.6124552, 53.8701641], [27.6123362, 53.8702435], [27.6122342, 53.8703309], [27.612129, 53.8704476], [27.6120412, 53.8705643], [27.6119654, 53.8706895], [27.6118759, 53.8708488], [27.6118444, 53.8708987], [27.611784, 53.8709947], [27.6116849, 53.8711177], [27.6114767, 53.8713489], [27.6109779, 53.8718537], [27.610846, 53.8719712], [27.6106616, 53.8721304], [27.61047, 53.8722767], [27.6102158, 53.8724605], [27.6096586, 53.8728373], [27.6094723, 53.8729339], [27.6092701, 53.8730104], [27.6090915, 53.8730669], [27.6089026, 53.8731203], [27.6087426, 53.8731727], [27.6085642, 53.8732413], [27.608512, 53.8732691], [27.608454, 53.8733055], [27.6083921, 53.8733491], [27.6083286, 53.8734222], [27.6082872, 53.8735084], [27.6082232, 53.8736819], [27.608177, 53.8737836], [27.6081416, 53.8738539], [27.6080933, 53.8739331], [27.6080355, 53.8740183], [27.6079471, 53.8741165], [27.6077109, 53.8742869], [27.6075113, 53.8743986], [27.6073063, 53.8745029], [27.6070397, 53.8746284], [27.6067452, 53.8747583], [27.6063544, 53.8749373], [27.6059137, 53.8751264], [27.605737, 53.8752044], [27.6055926, 53.8752749], [27.6054638, 53.8753466], [27.6053394, 53.8754253], [27.6046205, 53.8759432], [27.6037472, 53.8765673], [27.6036068, 53.8767185], [27.6034516, 53.8768967], [27.6033373, 53.8770332], [27.6032445, 53.8771291], [27.6031353, 53.8772335], [27.6030252, 53.87732], [27.6029032, 53.8774048], [27.6027278, 53.8775226], [27.6025288, 53.8776493], [27.6023265, 53.8777766], [27.6021459, 53.8779041], [27.6019291, 53.878062], [27.6017357, 53.8782193], [27.6015989, 53.8783407], [27.6014327, 53.8785146], [27.6012767, 53.8786671], [27.6011295, 53.8788003], [27.6009664, 53.8789177], [27.6007873, 53.8790252], [27.6006318, 53.8791011], [27.6005043, 53.8791784], [27.6004413, 53.8792314], [27.600396, 53.8792843], [27.6003878, 53.8793631], [27.6001518, 53.8808972], [27.6001419, 53.8816615], [27.6003413, 53.8822657], [27.6004254, 53.8824927], [27.6004865, 53.8826831], [27.600516, 53.8827925], [27.6005478, 53.8829084], [27.6006558, 53.8834193], [27.6006627, 53.8834915], [27.6006577, 53.8835658], [27.6006379, 53.8836372], [27.6006195, 53.8836895], [27.6005725, 53.8837876], [27.6005326, 53.8838712], [27.6004979, 53.8839526], [27.600466, 53.884036], [27.6003999, 53.8842403], [27.6003822, 53.884309], [27.6003735, 53.8843754], [27.6003681, 53.884444], [27.6003134, 53.8872203], [27.6003239, 53.8876275], [27.6003196, 53.8876677], [27.6003021, 53.8877022], [27.6002695, 53.8877306], [27.6002301, 53.8877481], [27.6001865, 53.8877566], [27.6001061, 53.8877616], [27.6000724, 53.8877615], [27.6000182, 53.8877628], [27.5999686, 53.8877649], [27.5999195, 53.8877728], [27.5998778, 53.8877873], [27.5998417, 53.8878114], [27.5998149, 53.8878417], [27.5997895, 53.8878893], [27.5997749, 53.8879389], [27.5997684, 53.8879896], [27.5997122, 53.8902575], [27.5997189, 53.8903539], [27.599733, 53.8904407], [27.5997589, 53.8905334], [27.5998163, 53.8906368], [27.5998933, 53.8907356], [27.5999954, 53.8908335], [27.6002923, 53.8910973], [27.600358, 53.8911739], [27.6004027, 53.8912437], [27.6004385, 53.891331], [27.6004565, 53.8914304], [27.6004663, 53.8915333], [27.6004409, 53.8916837], [27.6003957, 53.8918029], [27.6003679, 53.8918974], [27.6003646, 53.8919655], [27.6004214, 53.8924843], [27.6004699, 53.8928211], [27.6005641, 53.8930691], [27.600666, 53.8932934], [27.6006733, 53.8933144], [27.6006749, 53.893334], [27.6006703, 53.8933509], [27.6006555, 53.893368], [27.6006328, 53.8933796], [27.6006006, 53.8933882], [27.6005294, 53.8934021], [27.5992653, 53.8936519], [27.5988577, 53.8938574], [27.5985572, 53.8941292], [27.5984446, 53.8943031], [27.5983853, 53.8946941], [27.598367, 53.8949723], [27.59836, 53.8950414], [27.5983648, 53.8951393], [27.5983745, 53.8952318], [27.5983932, 53.8953231], [27.5984198, 53.895411], [27.5984528, 53.8955021], [27.5988257, 53.8964926], [27.598864, 53.896588], [27.5988821, 53.8966404], [27.5988844, 53.8966828], [27.5988788, 53.8967256], [27.5988597, 53.8967652], [27.5988304, 53.8968112], [27.5987109, 53.8969555], [27.5986785, 53.8969909], [27.5986304, 53.8970426], [27.598573, 53.8970921], [27.5985257, 53.8971226], [27.5984558, 53.8971565], [27.598386, 53.897182], [27.5983006, 53.8972041], [27.5978926, 53.8972859], [27.5978008, 53.8973083], [27.5977187, 53.8973336], [27.5976407, 53.8973647], [27.5975746, 53.897398], [27.5975091, 53.8974369], [27.5971675, 53.8976847], [27.5971044, 53.8977271], [27.5970468, 53.897761], [27.596989, 53.8977838], [27.5969252, 53.897802], [27.5968689, 53.8978211], [27.5968315, 53.8978434], [27.5968086, 53.8978654], [27.5967999, 53.8978897], [27.5968031, 53.8979124], [27.5968145, 53.8979331], [27.5968337, 53.8979557], [27.5968406, 53.8979787], [27.5968367, 53.8979988], [27.5968185, 53.898019], [27.5967885, 53.8980342], [27.5967579, 53.8980409], [27.596724, 53.8980418], [27.5966831, 53.8980365], [27.5966474, 53.8980319], [27.5966073, 53.8980296], [27.5965709, 53.8980317], [27.5965372, 53.898038], [27.5965088, 53.8980512], [27.5964602, 53.8980787], [27.5964321, 53.8980955], [27.5964055, 53.8981166], [27.5963766, 53.8981469], [27.5963521, 53.8981818], [27.5963298, 53.898224], [27.5963055, 53.8982621], [27.5962699, 53.8982972], [27.5962243, 53.8983329], [27.5959575, 53.8985176], [27.5958572, 53.8985933], [27.5957771, 53.8986637], [27.5957074, 53.8987441], [27.5956453, 53.8988268], [27.5955944, 53.8989018], [27.5955409, 53.8989843], [27.5954155, 53.8992258], [27.5953601, 53.8993443], [27.5953139, 53.8994611], [27.5952787, 53.8995802], [27.5952396, 53.8997539], [27.5952249, 53.8998403], [27.5952187, 53.8999277], [27.5952304, 53.9000242], [27.5952556, 53.9001207], [27.5953028, 53.9002173], [27.5953663, 53.9003074], [27.5954367, 53.9003965], [27.5955192, 53.9004778], [27.5956777, 53.9006216], [27.5957445, 53.9006648], [27.5958168, 53.9006971], [27.595883, 53.9007156], [27.5959662, 53.9007291], [27.5961054, 53.90074], [27.5965043, 53.9007585], [27.5997935, 53.9018119], [27.6014842, 53.9023288], [27.6039601, 53.9024954], [27.6039802, 53.9024968], [27.6041132, 53.9025058], [27.6042212, 53.9025206], [27.6043522, 53.9025465], [27.6044845, 53.9025795], [27.6053948, 53.9028457], [27.6055179, 53.9028807], [27.6056646, 53.9029178], [27.6058029, 53.9029478], [27.6059372, 53.9029774], [27.6060737, 53.9030086], [27.6062024, 53.9030379], [27.6063209, 53.9030673], [27.6064392, 53.903098], [27.606584, 53.9031384], [27.6073814, 53.9033906], [27.6074908, 53.9034272], [27.6075893, 53.9034674], [27.6076773, 53.9035167], [27.6077546, 53.9035694], [27.6078275, 53.9036329], [27.6078962, 53.9037005], [27.6079579, 53.9037674], [27.6080215, 53.9038413], [27.6080869, 53.9039087], [27.6081509, 53.9039654], [27.6082228, 53.9040205], [27.6083023, 53.9040717], [27.6089948, 53.9044698], [27.6090545, 53.904507], [27.6125149, 53.9064918], [27.612592, 53.9065288], [27.61268, 53.9065661], [27.6127761, 53.9065991], [27.6128722, 53.9066262], [27.6129844, 53.9066467], [27.6131105, 53.9066633], [27.6132377, 53.906674], [27.6133611, 53.9066796], [27.6134875, 53.9066806], [27.613614, 53.9066816], [27.6137018, 53.9066858], [27.6137872, 53.9066953], [27.6138666, 53.9067119], [27.6139371, 53.9067341], [27.6139949, 53.9067614], [27.6140419, 53.9067896], [27.6155983, 53.9077162], [27.6156946, 53.9077646], [27.6157821, 53.9077997], [27.6158923, 53.9078323], [27.6159661, 53.9078506], [27.6160045, 53.90786], [27.6165969, 53.9079994], [27.6168033, 53.9080609], [27.616995, 53.90813], [27.6171567, 53.9082057], [27.6177145, 53.9084662], [27.6178839, 53.9085284], [27.6180643, 53.9085788], [27.6182687, 53.9086222], [27.6184943, 53.9086583], [27.6189121, 53.9087162], [27.6190884, 53.9087469], [27.6192667, 53.9087856], [27.6194427, 53.9088364], [27.6196116, 53.9088998], [27.619781, 53.9089747], [27.619932, 53.9090553], [27.6200618, 53.9091355], [27.6201916, 53.909226], [27.6211026, 53.9099737], [27.6212468, 53.9100784], [27.6213989, 53.9101779], [27.6216377, 53.910327], [27.6218078, 53.9104231], [27.6219667, 53.9104844], [27.6220775, 53.9105375], [27.6221452, 53.9105699], [27.6226192, 53.910768], [27.6227346, 53.910824], [27.6228441, 53.9108889], [27.6229601, 53.9109615], [27.6230666, 53.911029], [27.6231812, 53.9110958], [27.6232907, 53.9111476], [27.6284262, 53.9133377], [27.628681, 53.9134394], [27.6296367, 53.9138132], [27.6303494, 53.9140613], [27.6305735, 53.9141423], [27.6307381, 53.9142125], [27.6309182, 53.9142976], [27.6310707, 53.9143851], [27.631211, 53.9144775], [27.6313369, 53.9145778], [27.6314566, 53.9146785], [27.6316546, 53.9148531], [27.6317474, 53.9149252], [27.6318756, 53.9150074], [27.6320027, 53.9150766], [27.6321333, 53.9151404], [27.6323097, 53.9152199], [27.6335136, 53.9157404], [27.6336058, 53.9157745], [27.6337042, 53.9157995], [27.6338352, 53.9158231], [27.6339517, 53.9158332], [27.6340896, 53.9158316], [27.634235, 53.9158218], [27.6344315, 53.9158119], [27.6345891, 53.915816], [27.6347741, 53.9158398], [27.6349398, 53.9158737], [27.6351129, 53.9159166], [27.6355451, 53.916016], [27.6368214, 53.9163327], [27.6375084, 53.916538], [27.6376551, 53.9165879], [27.6377892, 53.9166473], [27.6379239, 53.9167169], [27.6380543, 53.9167984], [27.6381826, 53.9168873], [27.6388287, 53.9173552], [27.6389048, 53.9174214], [27.6389734, 53.9174902], [27.639029, 53.9175592], [27.6390741, 53.9176369], [27.639831, 53.9192453], [27.6400355, 53.9196333], [27.6401321, 53.9198231], [27.6402414, 53.9200493], [27.6403206, 53.920205], [27.640404, 53.9203591], [27.6404991, 53.9205172], [27.6405741, 53.9206262], [27.6406395, 53.9207094], [27.6408624, 53.920952], [27.6409376, 53.9210491], [27.6410026, 53.9211555], [27.6410493, 53.9212511], [27.6410798, 53.9213341], [27.6411224, 53.9214758], [27.6411738, 53.9216373], [27.6415181, 53.9225473], [27.6415704, 53.9226338], [27.6416314, 53.9227221], [27.6417025, 53.9228064], [27.6417729, 53.9228797], [27.6418514, 53.9229565], [27.6419526, 53.9230372], [27.6420747, 53.923131], [27.6421795, 53.9232089], [27.6422894, 53.9232855], [27.6429713, 53.9237274], [27.6431228, 53.9238375], [27.6432282, 53.9239232], [27.6433338, 53.9240317], [27.6434185, 53.9241593], [27.643483, 53.9243073], [27.6435326, 53.9244451], [27.6439549, 53.9254839], [27.6440502, 53.9256081], [27.6441769, 53.9257157], [27.6443627, 53.9258137], [27.6445638, 53.9258832], [27.6448039, 53.9259369], [27.6450205, 53.925959], [27.6452478, 53.9259558], [27.6454795, 53.9259441], [27.6463791, 53.9258677], [27.6466305, 53.925864], [27.6468822, 53.9258875], [27.6470912, 53.9259245], [27.647268, 53.9259804], [27.6473919, 53.9260632], [27.647478, 53.9261694], [27.6475318, 53.9262682], [27.6476992, 53.9266734], [27.6477366, 53.92678], [27.6477671, 53.926888], [27.6477974, 53.9270058], [27.6478201, 53.9271248], [27.6478847, 53.927448], [27.6479196, 53.9275653], [27.647953, 53.9276838], [27.6479986, 53.9278023], [27.6480411, 53.927879], [27.6480876, 53.9279598], [27.6481506, 53.9280442], [27.6482322, 53.9281506], [27.6484809, 53.928468], [27.6485492, 53.9285772], [27.6485927, 53.9286689], [27.6486145, 53.9287657], [27.6486129, 53.9288583], [27.6485831, 53.9289602], [27.6485308, 53.9290552], [27.6484416, 53.9291467], [27.6483314, 53.9292326], [27.6481851, 53.9293088], [27.6480278, 53.9293634], [27.6478442, 53.9294017], [27.6476496, 53.9294277], [27.6474456, 53.9294427], [27.6454777, 53.9295278], [27.6452073, 53.9295433], [27.6449393, 53.9295643], [27.6446527, 53.9295972], [27.6444192, 53.9296328], [27.6441885, 53.9296677], [27.6439498, 53.9297179], [27.6437163, 53.9297806], [27.6434865, 53.9298577], [27.6432872, 53.9299387], [27.6430985, 53.9300405], [27.6429423, 53.9301447], [27.6428075, 53.9302552], [27.6427034, 53.930352], [27.6425993, 53.9304547], [27.6418679, 53.9312458], [27.6409862, 53.9322344], [27.6406044, 53.9326212], [27.6393346, 53.9334644], [27.639029, 53.9336299], [27.6387392, 53.9338542], [27.6385666, 53.9340728], [27.638521, 53.9342434], [27.6384958, 53.9343515], [27.6384413, 53.9346197], [27.6384576, 53.9349181], [27.6387539, 53.9353341], [27.639239, 53.9357641], [27.6397536, 53.9360249], [27.6409542, 53.9365461], [27.6416288, 53.9368411], [27.6430283, 53.9374053], [27.643538, 53.9377637], [27.643856, 53.9381592], [27.644023, 53.9385814], [27.6440786, 53.9388908], [27.6437571, 53.9412932], [27.644048, 53.9418282], [27.6442542, 53.9422528], [27.6444675, 53.9426364], [27.6445406, 53.942815], [27.6445901, 53.9430109], [27.6445935, 53.9432064], [27.6445616, 53.9434054], [27.6445095, 53.9436018], [27.6444397, 53.9438039], [27.6443558, 53.9440218], [27.6440123, 53.9448437], [27.6439292, 53.9450879], [27.6438573, 53.9453132], [27.6438214, 53.9454197], [27.6437733, 53.9455091], [27.643715, 53.9455918], [27.643631, 53.9456672], [27.6435239, 53.9457381], [27.643278, 53.945855], [27.6431234, 53.9459305], [27.6429758, 53.9460091], [27.6428463, 53.9460893], [27.6427378, 53.9461689], [27.6426515, 53.9462446], [27.6425864, 53.946324], [27.6425381, 53.9464041], [27.6423293, 53.9468129], [27.6419109, 53.9477597], [27.6418972, 53.9477876], [27.6418802, 53.9478137], [27.6418565, 53.9478372], [27.6418272, 53.9478545], [27.6417916, 53.947868], [27.6417527, 53.9478752], [27.6417122, 53.9478791], [27.6407685, 53.9478987], [27.6406608, 53.9479021]], [[27.6400048, 53.9478379], [27.6399984, 53.9478659], [27.639997, 53.9478961], [27.6400054, 53.9479251], [27.6400187, 53.947953], [27.6400404, 53.9479792], [27.6400679, 53.9480037], [27.6401016, 53.9480248], [27.6401403, 53.9480436], [27.6401908, 53.9480594], [27.6402443, 53.9480718], [27.6403009, 53.9480769], [27.6403584, 53.9480775], [27.6404152, 53.9480717], [27.6404691, 53.9480602], [27.6405181, 53.948043], [27.6405632, 53.9480218], [27.6405994, 53.9479955], [27.6406298, 53.9479669], [27.6406492, 53.9479345], [27.6406608, 53.9479021], [27.6406596, 53.9478685], [27.6406527, 53.9478348], [27.6406324, 53.9478034], [27.6406063, 53.9477732], [27.6405702, 53.9477474], [27.6405273, 53.9477244], [27.6404775, 53.9477074], [27.6404248, 53.9476943], [27.6403694, 53.9476881], [27.6403111, 53.9476864], [27.6402538, 53.9476917], [27.6401995, 53.9477016], [27.6401485, 53.9477176], [27.6401033, 53.9477381], [27.6400684, 53.9477592], [27.6400413, 53.9477837], [27.6400201, 53.9478099], [27.6400048, 53.9478379], [27.6398142, 53.9478674], [27.6397376, 53.9478834], [27.6396645, 53.9479048], [27.6395997, 53.9479283], [27.6395479, 53.9479524], [27.6394962, 53.9479792], [27.6393884, 53.9480397], [27.6393407, 53.9480656], [27.6392955, 53.9480856], [27.6392442, 53.9481028], [27.6391864, 53.9481172], [27.6391214, 53.9481279], [27.6390603, 53.9481333], [27.6390009, 53.9481383], [27.6388054, 53.948151], [27.638751, 53.9481559], [27.6387043, 53.948161], [27.638665, 53.9481665], [27.6386323, 53.9481724], [27.6386006, 53.9481795], [27.638572, 53.9481875], [27.6385422, 53.9481975], [27.638516, 53.9482094], [27.6384929, 53.9482216], [27.6384679, 53.9482358], [27.6382278, 53.9483833], [27.6381939, 53.9484009], [27.6381609, 53.948416], [27.6381289, 53.9484279], [27.6380939, 53.9484376], [27.6380543, 53.9484451], [27.6380132, 53.9484501], [27.6379715, 53.9484532], [27.6379278, 53.9484543], [27.6378824, 53.9484533], [27.6378323, 53.9484514], [27.6377778, 53.9484494], [27.6377291, 53.9484485], [27.637678, 53.9484505], [27.6376273, 53.948455], [27.6375802, 53.9484605], [27.6375418, 53.948468], [27.6375078, 53.9484768], [27.6374807, 53.9484869], [27.6374549, 53.9484981], [27.637431, 53.9485101], [27.6374103, 53.9485224], [27.6373877, 53.9485369], [27.6373599, 53.9485552], [27.6373322, 53.9485748], [27.6373, 53.9485988], [27.6372046, 53.9486775], [27.6371765, 53.9486953], [27.6371467, 53.9487107], [27.6371155, 53.9487224], [27.6370856, 53.9487322], [27.6370522, 53.9487416], [27.637012, 53.9487515], [27.6369721, 53.9487593], [27.6369266, 53.9487653], [27.63688, 53.9487688], [27.6368316, 53.9487713], [27.6366437, 53.9487803], [27.6365992, 53.9487835], [27.6365555, 53.9487877], [27.6365091, 53.9487943], [27.6364663, 53.9488021], [27.636423, 53.9488121], [27.6363806, 53.9488243], [27.6363439, 53.9488369], [27.6363066, 53.9488542], [27.6362725, 53.9488727], [27.6362398, 53.9488916], [27.6360808, 53.9489897], [27.6360377, 53.9490129], [27.6359959, 53.9490311], [27.6359528, 53.9490472], [27.6359081, 53.9490618], [27.6358625, 53.949075], [27.6322784, 53.9500818], [27.6314169, 53.9503262], [27.6313016, 53.9503649], [27.6312013, 53.9504073], [27.6311144, 53.9504536], [27.6310353, 53.9505079], [27.6309724, 53.9505675], [27.6309255, 53.9506395], [27.6308937, 53.9507141], [27.6308575, 53.9507858], [27.6308146, 53.9508533], [27.6307567, 53.9509215], [27.6306917, 53.9509825], [27.6304396, 53.9512223], [27.6303995, 53.9512556], [27.6303593, 53.9512818], [27.6303128, 53.9513061], [27.6302637, 53.9513283], [27.6302072, 53.9513497], [27.6301546, 53.951369], [27.6249003, 53.9529991], [27.6247992, 53.9530489], [27.6247144, 53.9531077], [27.6246421, 53.9531687], [27.6245879, 53.9532324], [27.6245463, 53.9532983], [27.6245201, 53.9533663], [27.6245102, 53.9534428], [27.6245201, 53.9535153], [27.6245394, 53.9535914], [27.6245708, 53.9536737], [27.624604, 53.9537519], [27.6248298, 53.9543862], [27.6248642, 53.9544813], [27.6248991, 53.9545793], [27.6249241, 53.9546474], [27.6249784, 53.9547913], [27.6243781, 53.9548681], [27.6238402, 53.9547986], [27.6230449, 53.9545828], [27.6228497, 53.9546092], [27.6225408, 53.954651], [27.6213825, 53.9548078], [27.6194213, 53.9554274], [27.618206, 53.9558946], [27.6168694, 53.9561082], [27.6139812, 53.9561692], [27.607525, 53.9561884], [27.6046417, 53.9561707], [27.6036837, 53.9573043], [27.6035691, 53.9574131], [27.6034625, 53.9574767], [27.6033406, 53.9575214], [27.6031967, 53.9575488], [27.6030433, 53.9575609], [27.6028464, 53.957557], [27.6024779, 53.957544], [27.6022638, 53.9575375], [27.6020551, 53.9575373], [27.6018212, 53.9575456], [27.6016038, 53.9575641], [27.6014299, 53.9575862], [27.6012615, 53.957621], [27.6010888, 53.9576685], [27.600938, 53.9577208], [27.6002856, 53.9579653], [27.5937272, 53.9604548], [27.5932463, 53.9606293], [27.5929372, 53.9607105], [27.5926313, 53.9607614], [27.5922995, 53.9607944], [27.5919614, 53.9608095], [27.5916101, 53.9608104], [27.5905418, 53.9607965], [27.5901728, 53.9607819], [27.5898192, 53.9607464], [27.5894752, 53.9606825], [27.5891594, 53.9605827], [27.588865, 53.9604543], [27.5885872, 53.9603058], [27.5874426, 53.9596293], [27.5871368, 53.9594258], [27.5868418, 53.9592097], [27.5865377, 53.9589761], [27.5862591, 53.9587476], [27.5860222, 53.9585341], [27.5858177, 53.9583101], [27.5856418, 53.958097], [27.5851103, 53.9574548], [27.5848595, 53.9571728], [27.5845514, 53.9568973], [27.584159, 53.9566231], [27.5837358, 53.9563712], [27.5832615, 53.9561228], [27.5827312, 53.9558378], [27.5783275, 53.9535332], [27.5780945, 53.9534228], [27.577846, 53.9533238], [27.5775681, 53.953237], [27.5772531, 53.9531531], [27.5769179, 53.9530705], [27.5765614, 53.9530014], [27.576218, 53.9529487], [27.5759157, 53.9529141], [27.5756313, 53.9528921], [27.5752847, 53.9528776], [27.5749748, 53.9528765], [27.574647, 53.95289], [27.5743659, 53.9529193], [27.5740665, 53.9529574], [27.5737599, 53.9529997], [27.5734916, 53.9530235], [27.5732162, 53.9530306], [27.5729681, 53.9530149], [27.572471, 53.9529563], [27.572239, 53.9529348], [27.5720331, 53.9529306], [27.5718417, 53.9529457], [27.5716795, 53.9529872], [27.571542, 53.9530445], [27.5712325, 53.9532266], [27.5710739, 53.9533212], [27.570549, 53.953531], [27.5698954, 53.9536897], [27.5692034, 53.9537878], [27.5583367, 53.95428], [27.557614, 53.9542309], [27.5570352, 53.9540783], [27.5561249, 53.953756], [27.5551287, 53.9532146], [27.5537968, 53.9519314], [27.5530795, 53.9515289], [27.5508162, 53.950678], [27.5486827, 53.9497849], [27.54773, 53.9495206], [27.5435737, 53.9489656], [27.5416855, 53.9485994], [27.5374583, 53.9481195], [27.5351838, 53.9478922], [27.5244112, 53.9449162], [27.5200347, 53.9443813], [27.5153999, 53.9437499], [27.5103469, 53.9430623], [27.5092703, 53.9429399], [27.5065401, 53.9418897], [27.5046003, 53.9406731], [27.5045357, 53.9406068]], [[27.6445616, 53.9434054], [27.6473854, 53.9439157], [27.647726, 53.9439725], [27.6479982, 53.944005], [27.6482465, 53.9440294], [27.6484452, 53.9440414], [27.648637, 53.9440454], [27.6489168, 53.9440323], [27.6495592, 53.9440011], [27.6496687, 53.9439879], [27.6497634, 53.9439521], [27.6498239, 53.9438946], [27.6498519, 53.9438284], [27.6498325, 53.9437587], [27.6497838, 53.9435894], [27.6497844, 53.9435289], [27.6498205, 53.9434718], [27.6499001, 53.9434199], [27.6500299, 53.9433749], [27.650142, 53.9433591], [27.6502511, 53.9433607], [27.650352, 53.9433822], [27.6504275, 53.9434269], [27.6504882, 53.9434856], [27.6506838, 53.9436904], [27.6507409, 53.9437237], [27.6508099, 53.9437465], [27.6508925, 53.9437543], [27.6509869, 53.9437483], [27.6510969, 53.9437232], [27.651169, 53.9436755], [27.6512092, 53.9436193], [27.6512109, 53.9435544], [27.6511884, 53.9434927], [27.6511544, 53.943379], [27.6511549, 53.9433242], [27.6511917, 53.9432846], [27.6512594, 53.9432519], [27.6513627, 53.9432432], [27.6514629, 53.9432565], [27.6516053, 53.9432849], [27.6516769, 53.9432933], [27.6517354, 53.9432938], [27.6517959, 53.9432868], [27.6518566, 53.9432712], [27.651914, 53.9432501], [27.6519655, 53.9432268], [27.6520038, 53.9432177], [27.6520531, 53.9432125], [27.6521054, 53.9432126], [27.6521533, 53.9432233], [27.6521931, 53.9432399], [27.6522385, 53.9432675], [27.6523141, 53.9433299], [27.6523661, 53.9433651], [27.6524362, 53.9433911], [27.6525142, 53.9434097], [27.6525955, 53.9434259], [27.6548136, 53.9438278]]]}}, {"type": "Feature", "properties": {"place_id": 172447985, "osm_type": "relation", "osm_id": 2096824, "place_rank": 20, "category": "water", "type": "reservoir", "importance": 0.2328416436185146, "addresstype": "reservoir", "name": "Цнянскае вадасховішча", "display_name": "Цнянскае вадасховішча, Савецкі раён, Мінск, Беларусь", "query": "Цнянское водохранилище"}, "bbox": [27.5700105, 53.9520742, 27.6038834, 53.9647957], "geometry": {"type": "Polygon", "coordinates": [[[27.5700105, 53.9602809], [27.5700247, 53.9602253], [27.5700548, 53.9601728], [27.5700972, 53.9601267], [27.5701613, 53.9600691], [27.570193, 53.9600345], [27.5702419, 53.9599976], [27.570303, 53.9599682], [27.5703678, 53.9599427], [27.5704567, 53.9599089], [27.570563, 53.9598704], [27.5708417, 53.9597678], [27.5711661, 53.9596306], [27.571238, 53.959598], [27.5713016, 53.9595574], [27.5713434, 53.9595086], [27.5713625, 53.95946], [27.571369, 53.9594084], [27.5713767, 53.9593089], [27.5713923, 53.9592394], [27.5714194, 53.9591716], [27.5714536, 53.9591122], [27.571478, 53.9590502], [27.5714917, 53.9589903], [27.57149, 53.9589244], [27.5714847, 53.9588647], [27.5714713, 53.9587956], [27.5714579, 53.9587076], [27.5714579, 53.9586327], [27.5714698, 53.958567], [27.5714948, 53.9585133], [27.5715327, 53.9584553], [27.571704, 53.9582321], [27.5717916, 53.9581275], [27.5719216, 53.957975], [27.5719983, 53.9578865], [27.5720609, 53.9578254], [27.5721234, 53.9577737], [27.5722014, 53.9577238], [27.5722873, 53.9576886], [27.5723856, 53.9576571], [27.5724962, 53.9576358], [27.5726225, 53.9576181], [27.5728113, 53.9575971], [27.5730008, 53.9575798], [27.5731576, 53.9575679], [27.5733375, 53.9575614], [27.5735762, 53.9575525], [27.573759, 53.9575417], [27.5739314, 53.9575328], [27.5741223, 53.9575182], [27.5743085, 53.957504], [27.5744931, 53.9574925], [27.5746923, 53.9574732], [27.5748059, 53.9574617], [27.5748917, 53.9574576], [27.5749731, 53.9574602], [27.5750531, 53.95747], [27.5751131, 53.9574895], [27.5751677, 53.9575169], [27.5752232, 53.9575522], [27.5752572, 53.9575681], [27.5752956, 53.9575782], [27.5753422, 53.9575767], [27.5753923, 53.9575654], [27.5754307, 53.9575481], [27.5754603, 53.9575235], [27.5754785, 53.9574922], [27.575485, 53.9574607], [27.5754771, 53.9574244], [27.5754725, 53.957382], [27.5754755, 53.9573526], [27.5754911, 53.9573137], [27.5755134, 53.9572706], [27.5755484, 53.9572248], [27.5755834, 53.9571827], [27.5757372, 53.9569871], [27.5758001, 53.9568982], [27.5758505, 53.9568378], [27.5762151, 53.9564752], [27.5764313, 53.9562745], [27.5766127, 53.9560909], [27.5766973, 53.9560049], [27.5768056, 53.9559119], [27.5769236, 53.9558252], [27.5772001, 53.9556368], [27.5772724, 53.9555827], [27.5773426, 53.9555218], [27.5773995, 53.9554631], [27.5774403, 53.9554018], [27.5774668, 53.9553237], [27.5774659, 53.9552557], [27.5774436, 53.9551802], [27.5773998, 53.9551194], [27.5773439, 53.9550637], [27.5772772, 53.9550049], [27.5772046, 53.9549367], [27.5771482, 53.954874], [27.5770846, 53.9548165], [27.5770051, 53.9547607], [27.5769201, 53.9547187], [27.5768169, 53.9546773], [27.5766649, 53.9546186], [27.5765739, 53.9545809], [27.5764871, 53.9545386], [27.5764057, 53.9544879], [27.5763149, 53.9544221], [27.576243, 53.9543757], [27.5761699, 53.9543426], [27.5760949, 53.9543105], [27.575997, 53.954279], [27.5758615, 53.9542296], [27.575745, 53.9541764], [27.5755974, 53.9540876], [27.5754641, 53.9539941], [27.5753594, 53.9539102], [27.575293, 53.953844], [27.5752517, 53.953791], [27.5752229, 53.9537606], [27.5751717, 53.9537262], [27.5751283, 53.9537014], [27.5750561, 53.9536652], [27.5749895, 53.9536148], [27.5749303, 53.9535622], [27.5748738, 53.9535064], [27.5748133, 53.9534521], [27.5746238, 53.9532988], [27.5745447, 53.9532524], [27.5744531, 53.953214], [27.5743543, 53.9531808], [27.5742432, 53.9531561], [27.5741197, 53.9531364], [27.5739871, 53.9531299], [27.5738671, 53.9531277], [27.5737399, 53.9531329], [27.5734798, 53.9531443], [27.5733283, 53.953146], [27.573183, 53.9531362], [27.5730467, 53.9531211], [27.572892, 53.9531005], [27.5727051, 53.9530735], [27.5725464, 53.95305], [27.5723912, 53.9530328], [27.5722419, 53.9530183], [27.5721123, 53.9530101], [27.5719886, 53.9530084], [27.5719049, 53.9530137], [27.571829, 53.9530259], [27.5717701, 53.9530485], [27.5717179, 53.9530788], [27.571691, 53.9531069], [27.5716802, 53.9531361], [27.5716824, 53.9531656], [27.5716756, 53.9531978], [27.5716608, 53.9532296], [27.5716402, 53.953255], [27.5716072, 53.9532804], [27.5715618, 53.9533007], [27.5715215, 53.9533163], [27.5714876, 53.9533267], [27.5714523, 53.9533325], [27.5714378, 53.9533236], [27.5714194, 53.9533183], [27.5714009, 53.9533165], [27.5713799, 53.9533196], [27.5713657, 53.9533263], [27.5713577, 53.9533356], [27.5713544, 53.953348], [27.5713561, 53.9533591], [27.57136, 53.9533689], [27.5713192, 53.9533716], [27.571283, 53.9533709], [27.5712433, 53.953367], [27.5712012, 53.9533619], [27.571161, 53.9533535], [27.5711277, 53.9533434], [27.5711011, 53.9533335], [27.5710739, 53.9533212], [27.5710561, 53.9533074], [27.5710392, 53.9532895], [27.5710278, 53.9532687], [27.571019, 53.9532461], [27.5710143, 53.9532252], [27.5710121, 53.9531969], [27.5710129, 53.9531667], [27.5710305, 53.953166], [27.5710467, 53.9531632], [27.571062, 53.9531576], [27.5710726, 53.9531501], [27.5710796, 53.953139], [27.5710798, 53.9531283], [27.5710741, 53.9531186], [27.5710636, 53.9531102], [27.5710805, 53.9530809], [27.571098, 53.9530536], [27.5711219, 53.9530225], [27.5711458, 53.9529939], [27.5711706, 53.9529708], [27.5712047, 53.9529458], [27.5712442, 53.9529226], [27.5712907, 53.9529008], [27.5713385, 53.9528832], [27.5714004, 53.9528656], [27.571472, 53.9528492], [27.5715425, 53.952838], [27.5716118, 53.9528284], [27.5716911, 53.9528218], [27.571781, 53.952816], [27.5718908, 53.9528166], [27.5720026, 53.9528231], [27.5721175, 53.9528331], [27.5722393, 53.9528469], [27.5722427, 53.9528474], [27.5725236, 53.9528844], [27.5726012, 53.9528937], [27.5726747, 53.9529023], [27.5727406, 53.9529095], [27.5728071, 53.9529155], [27.5728649, 53.9529202], [27.5729251, 53.9529249], [27.5729848, 53.9529293], [27.5730421, 53.9529327], [27.5731053, 53.952934], [27.5731697, 53.9529335], [27.5732373, 53.952931], [27.5733081, 53.9529266], [27.573381, 53.9529219], [27.5734547, 53.9529158], [27.5735311, 53.9529074], [27.5736076, 53.9528979], [27.5736825, 53.9528859], [27.5737559, 53.9528711], [27.573834, 53.9528539], [27.5739097, 53.9528354], [27.5739841, 53.9528148], [27.5740554, 53.9527934], [27.5741321, 53.9527675], [27.5742065, 53.9527403], [27.5743024, 53.9527051], [27.5743973, 53.9526688], [27.5748107, 53.9525033], [27.5754079, 53.9522969], [27.5755393, 53.9522561], [27.5756613, 53.9522208], [27.5758247, 53.9521776], [27.5759976, 53.9521372], [27.576115, 53.9521153], [27.5762323, 53.9520976], [27.5763476, 53.952084], [27.5764629, 53.9520774], [27.5765571, 53.9520742], [27.5766632, 53.9520766], [27.5767612, 53.9520845], [27.5768473, 53.9520979], [27.5769415, 53.9521188], [27.577038, 53.9521425], [27.5781309, 53.9524318], [27.5782069, 53.9524599], [27.5783115, 53.9525098], [27.5783924, 53.9525392], [27.5785672, 53.9525801], [27.5787511, 53.952651], [27.5789184, 53.9527269], [27.579044, 53.9527761], [27.579206, 53.9528366], [27.5794182, 53.9529131], [27.5796694, 53.9529833], [27.5797546, 53.9530014], [27.5796793, 53.9530614], [27.5797589, 53.9530881], [27.5797437, 53.9531316], [27.5797387, 53.953166], [27.5797412, 53.9531976], [27.5797558, 53.9532282], [27.579779, 53.9532581], [27.57981, 53.9532834], [27.5798458, 53.9533051], [27.5798738, 53.9533184], [27.5799107, 53.9533311], [27.5799429, 53.9533391], [27.5799564, 53.9533188], [27.5799974, 53.9533244], [27.5800439, 53.9533257], [27.5800965, 53.9533227], [27.5801519, 53.9533119], [27.5801967, 53.9532968], [27.5802285, 53.9532797], [27.5802547, 53.95326], [27.5802689, 53.9532388], [27.5811188, 53.953247], [27.5811517, 53.9532476], [27.5811667, 53.9532057], [27.581292, 53.9532199], [27.5813796, 53.9532383], [27.5814599, 53.9532624], [27.5815437, 53.9532901], [27.5819128, 53.9534183], [27.5821189, 53.9535027], [27.5823312, 53.9536008], [27.5825533, 53.9537133], [27.5827566, 53.953822], [27.5829509, 53.9539375], [27.5831374, 53.9540585], [27.5835064, 53.9543162], [27.5835454, 53.9543414], [27.5835335, 53.9543479], [27.5836436, 53.9544149], [27.5836305, 53.9544335], [27.5836214, 53.9544548], [27.5836207, 53.9544763], [27.5836297, 53.9544985], [27.5836497, 53.9545186], [27.5836763, 53.9545354], [27.5837044, 53.9545485], [27.5837368, 53.9545558], [27.5837744, 53.954559], [27.5838069, 53.9545575], [27.5838362, 53.9545532], [27.5839277, 53.9546097], [27.5839201, 53.9546248], [27.583916, 53.954641], [27.5839163, 53.9546576], [27.5839219, 53.9546726], [27.5839305, 53.9546868], [27.5839436, 53.9547005], [27.5839572, 53.9547111], [27.5839775, 53.9547228], [27.5840022, 53.9547321], [27.5840286, 53.9547384], [27.5840556, 53.9547423], [27.5840887, 53.954744], [27.5841137, 53.9547419], [27.5842099, 53.9548064], [27.5842025, 53.9548272], [27.5842029, 53.9548498], [27.5842149, 53.9548748], [27.5842395, 53.9548956], [27.5842673, 53.9549121], [27.5843053, 53.9549241], [27.584343, 53.9549287], [27.5843834, 53.9549293], [27.5844217, 53.9549256], [27.584562, 53.9550068], [27.5845736, 53.9550009], [27.5846078, 53.9550242], [27.5847037, 53.9549758], [27.5848312, 53.9550372], [27.5849098, 53.9550921], [27.5849772, 53.9551459], [27.5850464, 53.9552028], [27.5851147, 53.9552592], [27.5851848, 53.9553225], [27.58526, 53.9553926], [27.5853435, 53.9554739], [27.5854064, 53.9555485], [27.5854641, 53.9556186], [27.5855173, 53.9556943], [27.5855494, 53.955765], [27.5855697, 53.9558285], [27.5855828, 53.9558932], [27.5855897, 53.9559579], [27.5855932, 53.9560128], [27.5855918, 53.9560774], [27.5855799, 53.9562383], [27.5855608, 53.9562381], [27.5855412, 53.9562397], [27.5855221, 53.9562443], [27.5855081, 53.9562536], [27.5855025, 53.9562652], [27.585492, 53.956377], [27.5854972, 53.9563906], [27.5855103, 53.9564022], [27.5855298, 53.9564092], [27.5855517, 53.9564127], [27.5855752, 53.956414], [27.5856037, 53.956415], [27.5856194, 53.9564207], [27.585633, 53.9564295], [27.5856428, 53.95644], [27.5856468, 53.9564522], [27.5856469, 53.9564657], [27.585614, 53.9566492], [27.5855779, 53.9567803], [27.585552, 53.9568538], [27.585519, 53.9569281], [27.5854716, 53.9570598], [27.5854498, 53.9571514], [27.585444, 53.9572124], [27.5854505, 53.9572613], [27.5854656, 53.9573093], [27.5854909, 53.9573587], [27.5856131, 53.9575264], [27.5856474, 53.957586], [27.5856662, 53.9576361], [27.58572, 53.9577298], [27.5857552, 53.9577788], [27.5858052, 53.9578223], [27.5858665, 53.9578564], [27.5859542, 53.9578911], [27.5860455, 53.9579244], [27.5861314, 53.9579609], [27.5861972, 53.9579989], [27.5862483, 53.958045], [27.5862905, 53.9580942], [27.586433, 53.958292], [27.5864658, 53.9583338], [27.5865099, 53.9583823], [27.5865572, 53.958424], [27.5866159, 53.9584668], [27.5866824, 53.9585056], [27.5867448, 53.9585365], [27.586815, 53.9585694], [27.5868753, 53.9585997], [27.5869287, 53.9586279], [27.5869857, 53.9586673], [27.5870285, 53.9587089], [27.5870784, 53.9587602], [27.5871207, 53.9588011], [27.5871635, 53.9588352], [27.5872227, 53.958874], [27.5872812, 53.9589209], [27.5873173, 53.9589619], [27.5873417, 53.9590033], [27.58736, 53.9590484], [27.5874079, 53.9592185], [27.5874316, 53.9592793], [27.5874623, 53.9593387], [27.5874925, 53.9593972], [27.5875085, 53.9594405], [27.5875241, 53.9594886], [27.5875502, 53.9595868], [27.5875684, 53.9596289], [27.5875937, 53.9596605], [27.5876265, 53.9596882], [27.587668, 53.9597137], [27.588081, 53.9599332], [27.5881633, 53.9599747], [27.5882565, 53.9600163], [27.5883368, 53.9600479], [27.5884198, 53.9600779], [27.5884847, 53.9600943], [27.5885935, 53.9601123], [27.5887386, 53.9601277], [27.5889015, 53.9601325], [27.5890653, 53.96013], [27.5892433, 53.9601159], [27.5894141, 53.9600969], [27.5899199, 53.9600369], [27.5901756, 53.9600011], [27.5908564, 53.9599013], [27.590997, 53.9598853], [27.591143, 53.9598773], [27.59126, 53.9598767], [27.5913744, 53.9598841], [27.5914721, 53.959892], [27.5915719, 53.9599035], [27.5916755, 53.9599188], [27.5917791, 53.959939], [27.5918743, 53.9599603], [27.5919695, 53.9599852], [27.5920984, 53.9600249], [27.5922023, 53.9600654], [27.5922964, 53.9601111], [27.5923848, 53.9601569], [27.5924675, 53.9602053], [27.5925502, 53.9602537], [27.5927461, 53.9603739], [27.5928309, 53.9604239], [27.5929161, 53.960469], [27.5929877, 53.9604997], [27.5930439, 53.9605183], [27.5931031, 53.9605267], [27.5931709, 53.9605259], [27.5932358, 53.9605164], [27.5932996, 53.9604992], [27.5934883, 53.9604329], [27.5935159, 53.9604426], [27.5935474, 53.9604487], [27.5935814, 53.9604496], [27.5936229, 53.9604438], [27.5936548, 53.960433], [27.5936813, 53.9604199], [27.5936995, 53.9604039], [27.5937106, 53.9603845], [27.5937127, 53.9603652], [27.5937077, 53.960348], [27.5948663, 53.9599322], [27.5960391, 53.9594883], [27.5966084, 53.9592728], [27.5978044, 53.9588201], [27.5990163, 53.9583614], [27.5997121, 53.958098], [27.6016742, 53.9573333], [27.6017798, 53.9573026], [27.6018935, 53.957276], [27.6020079, 53.9572614], [27.6031611, 53.957183], [27.6032271, 53.9571817], [27.6033024, 53.957185], [27.6033702, 53.9571957], [27.6034402, 53.9572135], [27.6035454, 53.9572506], [27.60354, 53.9572747], [27.6035473, 53.9573008], [27.6035622, 53.9573232], [27.6035896, 53.957344], [27.6036264, 53.9573597], [27.6036641, 53.9573692], [27.6037018, 53.9573747], [27.6037448, 53.9573756], [27.6037879, 53.9573699], [27.6038261, 53.9573584], [27.6038493, 53.957376], [27.6038695, 53.9573993], [27.6038803, 53.9574247], [27.6038834, 53.957458], [27.6038794, 53.9574819], [27.6038662, 53.9575082], [27.6038435, 53.9575389], [27.6038082, 53.9575833], [27.6037614, 53.9576245], [27.6037062, 53.9576676], [27.6033146, 53.9579376], [27.6031897, 53.9579403], [27.6030248, 53.9580544], [27.6030221, 53.9581235], [27.6029784, 53.9581441], [27.6029218, 53.9581627], [27.6028639, 53.9581742], [27.6028077, 53.9581785], [27.6027489, 53.9581756], [27.6026914, 53.9581664], [27.6026238, 53.9581532], [27.6016678, 53.9579422], [27.601601, 53.9579269], [27.6015411, 53.9579076], [27.6014873, 53.9578811], [27.601443, 53.9578521], [27.60139, 53.9578097], [27.6013529, 53.9577817], [27.6013214, 53.9577625], [27.6012923, 53.9577466], [27.6012524, 53.9577351], [27.6012101, 53.957731], [27.6011715, 53.9577346], [27.6011369, 53.9577436], [27.5993668, 53.958421], [27.5982152, 53.9588595], [27.5966975, 53.9594375], [27.5938892, 53.9605069], [27.5938649, 53.9604987], [27.5938333, 53.9604932], [27.5937956, 53.9604936], [27.5937619, 53.9605005], [27.5937299, 53.9605134], [27.5937103, 53.9605279], [27.5937002, 53.9605468], [27.5937007, 53.9605668], [27.5937072, 53.9605833], [27.593114, 53.9608298], [27.5930585, 53.960858], [27.5930164, 53.960891], [27.5929784, 53.9609334], [27.5929526, 53.9609939], [27.5929522, 53.9610437], [27.5929682, 53.9610825], [27.5929923, 53.9611212], [27.593026, 53.961171], [27.5930504, 53.9612195], [27.5930806, 53.9612902], [27.5930956, 53.9613471], [27.5930843, 53.9614611], [27.593096, 53.9615385], [27.5931234, 53.961586], [27.5931525, 53.9616407], [27.5931572, 53.9617112], [27.5931364, 53.9617784], [27.5930888, 53.9618498], [27.5930411, 53.9619226], [27.5930022, 53.9620041], [27.5929694, 53.9620988], [27.5929182, 53.962213], [27.5928574, 53.962307], [27.5927844, 53.962401], [27.5927066, 53.9624889], [27.5926573, 53.9625511], [27.5926284, 53.9626182], [27.5926211, 53.9626833], [27.5926236, 53.9627475], [27.592615, 53.962841], [27.5925958, 53.9629199], [27.5925451, 53.9630011], [27.5925046, 53.9630469], [27.5924477, 53.9630878], [27.5923688, 53.9631381], [27.5922817, 53.9631788], [27.5921741, 53.9632245], [27.5920572, 53.9632683], [27.591948, 53.9633011], [27.5918249, 53.9633366], [27.5917096, 53.9633628], [27.5915927, 53.9633834], [27.5914809, 53.9633959], [27.5913799, 53.9633999], [27.5912768, 53.9633979], [27.5911984, 53.9633957], [27.5910978, 53.9633959], [27.5909934, 53.963405], [27.5908159, 53.9634282], [27.5906237, 53.9634429], [27.5904019, 53.9634666], [27.5902295, 53.9634881], [27.5900439, 53.9635076], [27.5898313, 53.9635426], [27.5896902, 53.9635734], [27.589579, 53.963607], [27.5894964, 53.9636433], [27.5894314, 53.9636744], [27.5891313, 53.9638767], [27.5890436, 53.9639381], [27.5889869, 53.9639755], [27.588917, 53.9640082], [27.5888378, 53.9640323], [27.5887565, 53.964048], [27.5886373, 53.9640615], [27.5885161, 53.9640713], [27.588288, 53.9640837], [27.5874744, 53.9641357], [27.5862096, 53.9642248], [27.5857286, 53.9642524], [27.5852274, 53.9642777], [27.584675, 53.9643049], [27.5843436, 53.9643145], [27.5840105, 53.9643168], [27.5837763, 53.9643159], [27.5835188, 53.9643065], [27.5833161, 53.9642991], [27.5831395, 53.9642998], [27.5829638, 53.9643025], [27.5828064, 53.9643093], [27.5826339, 53.96433], [27.5824824, 53.9643587], [27.5823188, 53.9643868], [27.5822034, 53.9644066], [27.5820954, 53.964414], [27.5819097, 53.9644122], [27.5816423, 53.9644046], [27.5814419, 53.9644017], [27.5810999, 53.9644247], [27.5809407, 53.9644408], [27.5808122, 53.9644582], [27.5806966, 53.9644762], [27.5803391, 53.9645321], [27.580021, 53.9645769], [27.5797729, 53.9646087], [27.579507, 53.9646352], [27.5792186, 53.9646554], [27.5789106, 53.9646725], [27.57857, 53.9646888], [27.5782151, 53.9646999], [27.577752, 53.9647103], [27.5775855, 53.9647171], [27.5774165, 53.9647303], [27.5772036, 53.9647488], [27.5769631, 53.9647708], [27.5768193, 53.9647797], [27.5766524, 53.9647864], [27.5764521, 53.9647932], [27.5762319, 53.9647957], [27.5760022, 53.9647949], [27.5756997, 53.964794], [27.5753793, 53.9647818], [27.5750521, 53.9647672], [27.574779, 53.9647627], [27.5746314, 53.9647591], [27.5745217, 53.9647487], [27.5744161, 53.9647264], [27.5743501, 53.964705], [27.57428, 53.9646741], [27.5742321, 53.9646472], [27.5741807, 53.9646141], [27.5741156, 53.9645795], [27.5740422, 53.964555], [27.5739666, 53.9645402], [27.5738978, 53.9645286], [27.5738096, 53.9645157], [27.5737541, 53.9645025], [27.5737095, 53.9644797], [27.5736707, 53.964445], [27.5736399, 53.9644064], [27.573513, 53.9642404], [27.5733315, 53.9640262], [27.5732767, 53.9639774], [27.5732207, 53.9639414], [27.5731498, 53.9639058], [27.5730573, 53.9638702], [27.5729762, 53.9638322], [27.572917, 53.9637987], [27.5728673, 53.9637563], [27.5728237, 53.9637037], [27.572795, 53.9636519], [27.5727815, 53.9635955], [27.572766, 53.9635216], [27.5727443, 53.9633923], [27.5727203, 53.9632851], [27.5726896, 53.9631636], [27.5725479, 53.9626112], [27.5725157, 53.9625011], [27.5724846, 53.9623964], [27.5724744, 53.9623523], [27.5724785, 53.9623106], [27.5724939, 53.962278], [27.5725256, 53.9622461], [27.5725642, 53.9622276], [27.5726243, 53.9622134], [27.5726871, 53.9622076], [27.5727673, 53.9622103], [27.5728556, 53.9622185], [27.5735787, 53.9622853], [27.5737599, 53.9622983], [27.5740912, 53.962321], [27.5741664, 53.9623292], [27.5742431, 53.9623446], [27.5743049, 53.9623654], [27.5743479, 53.9623966], [27.5743808, 53.9624382], [27.574404, 53.9624839], [27.5744768, 53.9626954], [27.5745071, 53.9627524], [27.5745527, 53.9628142], [27.5746102, 53.9628776], [27.5746791, 53.96294], [27.5747622, 53.9630018], [27.5748555, 53.9630549], [27.5749477, 53.9630997], [27.5750694, 53.9631445], [27.5751883, 53.963178], [27.5753254, 53.9632101], [27.5754874, 53.9632271], [27.5756602, 53.9632333], [27.5758181, 53.9632551], [27.5759086, 53.9632682], [27.5759885, 53.9632929], [27.5760656, 53.9633132], [27.5761427, 53.9633403], [27.576203, 53.9633763], [27.5762922, 53.9634502], [27.5763549, 53.9634969], [27.5764212, 53.9635359], [27.5765094, 53.9635655], [27.576611, 53.9635821], [27.5767265, 53.9635909], [27.5768474, 53.9635871], [27.5769742, 53.9635777], [27.5771464, 53.9635584], [27.577434, 53.9635047], [27.5775653, 53.963472], [27.5776789, 53.9634462], [27.5777937, 53.9634293], [27.5779449, 53.9634104], [27.5781044, 53.9634013], [27.5782626, 53.9634018], [27.5784233, 53.9634079], [27.5785864, 53.9634216], [27.5787161, 53.9634401], [27.5788438, 53.9634757], [27.5790727, 53.9635454], [27.5791651, 53.9635715], [27.5792639, 53.9635908], [27.5793775, 53.9635991], [27.5794997, 53.9636019], [27.5803368, 53.9636136], [27.5804426, 53.9636108], [27.5805448, 53.9636025], [27.5806582, 53.9635908], [27.5810014, 53.9635676], [27.5811198, 53.9635638], [27.5812347, 53.9635661], [27.5813199, 53.9635742], [27.5814167, 53.9635932], [27.5815416, 53.9636241], [27.5815878, 53.9636349], [27.5816808, 53.9636568], [27.5818124, 53.9636829], [27.5819428, 53.9637027], [27.5820797, 53.9637163], [27.5821826, 53.9637258], [27.5822786, 53.9637415], [27.5823605, 53.9637704], [27.5824157, 53.9638047], [27.5824697, 53.9638465], [27.5825123, 53.9638946], [27.5825585, 53.9639553], [27.5825836, 53.9639713], [27.5826211, 53.9639814], [27.5826648, 53.9639826], [27.5827116, 53.9639778], [27.5827434, 53.9639651], [27.5827671, 53.9639482], [27.5827738, 53.9639271], [27.5827734, 53.9639026], [27.5827571, 53.9638233], [27.5827588, 53.9637988], [27.5827702, 53.9637748], [27.5827944, 53.9637512], [27.5828305, 53.9637321], [27.5828772, 53.9637187], [27.5829443, 53.9637078], [27.5836983, 53.963616], [27.584108, 53.9635618], [27.5842834, 53.9635285], [27.5844555, 53.9634789], [27.5846263, 53.963407], [27.5847212, 53.9633497], [27.5847974, 53.9632922], [27.5848873, 53.9632101], [27.5849581, 53.9631226], [27.5850301, 53.9630215], [27.585091, 53.9629208], [27.5851473, 53.9627967], [27.5851746, 53.9626815], [27.5852115, 53.9625564], [27.5852502, 53.9624699], [27.585321, 53.962357], [27.5853896, 53.9622411], [27.5854532, 53.9621347], [27.5855353, 53.9620216], [27.5856381, 53.9619085], [27.5857429, 53.9618132], [27.5858804, 53.961701], [27.5860247, 53.9615963], [27.5862569, 53.9614374], [27.5864468, 53.9613294], [27.5866615, 53.9612221], [27.5868585, 53.9611442], [27.5870862, 53.9610627], [27.5872815, 53.9609926], [27.5874399, 53.9609226], [27.587599, 53.9608373], [27.5877719, 53.9607311], [27.5882538, 53.9604223], [27.5883051, 53.9603756], [27.5883261, 53.9603295], [27.5883174, 53.9602826], [27.5882842, 53.9602452], [27.588228, 53.9602042], [27.5880156, 53.9600722], [27.5878763, 53.9599907], [27.5878072, 53.9599417], [27.5877157, 53.9598669], [27.5876566, 53.9598229], [27.5875884, 53.9597837], [27.5875458, 53.9597652], [27.5875057, 53.9597532], [27.5874523, 53.959743], [27.5873889, 53.9597342], [27.586772, 53.9596616], [27.5867175, 53.9596508], [27.5866698, 53.9596329], [27.5866298, 53.959605], [27.586578, 53.959565], [27.5865264, 53.9595411], [27.5864728, 53.9595247], [27.5864102, 53.9595151], [27.5863295, 53.9595085], [27.5862559, 53.9595102], [27.5861739, 53.9595206], [27.5860982, 53.9595258], [27.5860327, 53.9595216], [27.5859771, 53.9595075], [27.5859294, 53.9594855], [27.585902, 53.9594621], [27.5858829, 53.9594315], [27.5858574, 53.9594003], [27.5858219, 53.9593729], [27.5857811, 53.9593491], [27.5857179, 53.9593251], [27.5856541, 53.959291], [27.5855965, 53.9592521], [27.5855427, 53.9592026], [27.5854982, 53.9591432], [27.5854684, 53.9590762], [27.5854431, 53.9590042], [27.5853996, 53.9588769], [27.5853965, 53.9588305], [27.5853968, 53.9587839], [27.5853943, 53.9587389], [27.5853869, 53.9587023], [27.585367, 53.9586682], [27.5853455, 53.9586403], [27.5853085, 53.9585953], [27.5852813, 53.9585522], [27.585261, 53.958503], [27.5852486, 53.9584519], [27.5852372, 53.9583849], [27.5851942, 53.9581453], [27.585187, 53.9580656], [27.5851762, 53.9580164], [27.5851599, 53.9579699], [27.5851476, 53.957928], [27.5851473, 53.9578958], [27.5851531, 53.9578639], [27.5851653, 53.9578325], [27.5851633, 53.957805], [27.5851485, 53.9577797], [27.5851256, 53.9577609], [27.5850868, 53.957741], [27.5850282, 53.9577164], [27.584976, 53.9577041], [27.5849175, 53.9576965], [27.5848518, 53.9576925], [27.5844127, 53.9576888], [27.5843332, 53.9576964], [27.5840167, 53.9577143], [27.5838752, 53.9577251], [27.5837303, 53.9577339], [27.5834283, 53.9577575], [27.583347, 53.9577709], [27.5832727, 53.9577915], [27.583208, 53.9578185], [27.5827763, 53.9580035], [27.5825899, 53.9580679], [27.5824195, 53.9581145], [27.5822302, 53.9581601], [27.5820167, 53.9582124], [27.5817953, 53.9582531], [27.5813318, 53.9583327], [27.5811063, 53.9583627], [27.5809584, 53.9583832], [27.5808406, 53.9584003], [27.5806344, 53.9584287], [27.5805188, 53.9584421], [27.5804342, 53.9584579], [27.5803636, 53.9584769], [27.5803051, 53.9585039], [27.5802622, 53.9585363], [27.580219, 53.958564], [27.5801679, 53.9585841], [27.580119, 53.9585957], [27.5800702, 53.9585999], [27.5800147, 53.9586051], [27.5799497, 53.9586047], [27.5798741, 53.9585943], [27.5797843, 53.9585755], [27.5797009, 53.9585591], [27.5795731, 53.9585548], [27.5794866, 53.9585505], [27.5794153, 53.9585447], [27.5792305, 53.9585324], [27.5791168, 53.9585281], [27.5790613, 53.9585298], [27.5790005, 53.9585311], [27.5789461, 53.9585281], [27.5788936, 53.9585184], [27.5788451, 53.9585062], [27.5787693, 53.9584828], [27.5787061, 53.9584674], [27.578641, 53.9584553], [27.5785879, 53.9584495], [27.578533, 53.958447], [27.5784782, 53.9584496], [27.5784234, 53.9584565], [27.5783752, 53.9584715], [27.5783342, 53.9584876], [27.5782897, 53.9585], [27.5782406, 53.9585068], [27.5781914, 53.9585098], [27.5781391, 53.9585091], [27.5780846, 53.9585058], [27.5780365, 53.9585049], [27.5779819, 53.9585059], [27.5779247, 53.9585083], [27.5778721, 53.958507], [27.5778216, 53.9585052], [27.5777661, 53.9585011], [27.5774442, 53.9584736], [27.5774116, 53.9584677], [27.5773916, 53.9584587], [27.5773752, 53.9584401], [27.5773606, 53.9584233], [27.5773398, 53.9584096], [27.5773104, 53.9583967], [27.577273, 53.9583875], [27.5772326, 53.9583815], [27.5770595, 53.9583657], [27.5770221, 53.958365], [27.5769888, 53.9583705], [27.5769621, 53.9583808], [27.5769321, 53.9584011], [27.5768592, 53.9584498], [27.5768383, 53.9584609], [27.5768113, 53.9584689], [27.5767813, 53.9584725], [27.5767485, 53.9584729], [27.5767152, 53.95847], [27.5766848, 53.9584637], [27.5766502, 53.9584533], [27.5766142, 53.9584372], [27.5765826, 53.9584164], [27.5765503, 53.9583919], [27.5765105, 53.9583704], [27.5764343, 53.9583503], [27.5764099, 53.9583417], [27.576383, 53.9583229], [27.5763584, 53.9582978], [27.5763323, 53.9582728], [27.5762955, 53.9582331], [27.5762211, 53.9581719], [27.5760807, 53.9580523], [27.5759825, 53.9579743], [27.5759239, 53.9579175], [27.5758769, 53.9578522], [27.5757237, 53.9577025], [27.5756691, 53.9576711], [27.5756279, 53.9576562], [27.5755941, 53.9576542], [27.5755533, 53.9576578], [27.5755177, 53.9576713], [27.5754857, 53.9576864], [27.5754652, 53.9577036], [27.5754567, 53.9577224], [27.5754637, 53.9577465], [27.5754809, 53.9577707], [27.5757413, 53.9579932], [27.5758552, 53.9581201], [27.5759347, 53.9582252], [27.5760268, 53.9583357], [27.576056, 53.9583658], [27.5762316, 53.9585476], [27.5762605, 53.958585], [27.5762842, 53.9586231], [27.5762958, 53.958666], [27.5763032, 53.9586994], [27.5763127, 53.9587327], [27.5763291, 53.9587666], [27.5763549, 53.9587987], [27.5763871, 53.9588309], [27.5764219, 53.9588581], [27.5764641, 53.9588853], [27.5765168, 53.9589128], [27.5765611, 53.9589394], [27.5766023, 53.9589697], [27.5766329, 53.9589987], [27.5766604, 53.9590363], [27.5766804, 53.9590718], [27.5767815, 53.9593068], [27.576805, 53.9593693], [27.5768217, 53.9594314], [27.5768389, 53.9594842], [27.5768625, 53.9595309], [27.5768918, 53.9595692], [27.5769273, 53.9596062], [27.5769728, 53.9596415], [27.5770287, 53.9596767], [27.5770867, 53.9597019], [27.5771509, 53.9597235], [27.5775496, 53.9598322], [27.5776281, 53.9598562], [27.5776982, 53.9598815], [27.577749, 53.9599055], [27.5777899, 53.9599332], [27.5778179, 53.9599595], [27.5778361, 53.9599822], [27.5778519, 53.9600082], [27.5778929, 53.9600948], [27.5779189, 53.9601401], [27.5779478, 53.9601768], [27.5779844, 53.9602104], [27.5780214, 53.9602361], [27.5780544, 53.9602633], [27.5780817, 53.9602968], [27.5781, 53.9603381], [27.578102, 53.960389], [27.5780831, 53.9604337], [27.5780451, 53.9604785], [27.5779993, 53.960523], [27.5779484, 53.9605631], [27.5778791, 53.9606124], [27.5778236, 53.9606491], [27.5777586, 53.9606885], [27.5776908, 53.9607258], [27.5776239, 53.9607556], [27.577558, 53.9607783], [27.5774878, 53.9607967], [27.5774149, 53.9608074], [27.5773305, 53.9608148], [27.5771656, 53.9608222], [27.5770685, 53.960828], [27.5769769, 53.9608375], [27.5768867, 53.9608488], [27.5767996, 53.9608617], [27.5767161, 53.9608753], [27.5766353, 53.960886], [27.5765625, 53.9608927], [27.5765122, 53.9608963], [27.5764618, 53.9609], [27.576405, 53.9609027], [27.5763524, 53.9609038], [27.5762919, 53.9609043], [27.5762286, 53.9609035], [27.5761691, 53.9609024], [27.5761097, 53.9608997], [27.576062, 53.9608968], [27.57601, 53.9608923], [27.5759583, 53.9608869], [27.57591, 53.9608798], [27.5758635, 53.9608714], [27.5758121, 53.9608613], [27.5757255, 53.96084], [27.5756738, 53.9608337], [27.5756279, 53.9608319], [27.5755853, 53.9608346], [27.5755391, 53.9608358], [27.5754791, 53.9608317], [27.5754224, 53.9608231], [27.5753647, 53.9608091], [27.5753055, 53.9607875], [27.5752408, 53.9607594], [27.5751745, 53.9607259], [27.5751033, 53.9606847], [27.575055, 53.9606582], [27.5749873, 53.9606294], [27.5749202, 53.9606118], [27.5748362, 53.9605941], [27.5747143, 53.9605736], [27.574654, 53.9605571], [27.5746106, 53.9605333], [27.5745712, 53.9605008], [27.5745422, 53.9604718], [27.5745189, 53.9604564], [27.5744839, 53.9604435], [27.5744415, 53.9604342], [27.5743967, 53.9604334], [27.5743511, 53.9604377], [27.5743078, 53.9604463], [27.5742719, 53.9604575], [27.5741893, 53.9604927], [27.5741595, 53.9605101], [27.5741348, 53.960529], [27.5741179, 53.9605515], [27.5741061, 53.960577], [27.5740415, 53.9607471], [27.5740329, 53.9607966], [27.5740327, 53.9608447], [27.5740399, 53.9608975], [27.574058, 53.9609481], [27.574088, 53.9609942], [27.5741278, 53.9610445], [27.5741827, 53.961093], [27.5742397, 53.961137], [27.5743225, 53.9611868], [27.5744077, 53.9612327], [27.574494, 53.9612775], [27.5745767, 53.9613216], [27.5746665, 53.9613659], [27.5747657, 53.9614114], [27.5748799, 53.9614633], [27.5749904, 53.961514], [27.5750776, 53.9615592], [27.5751281, 53.9615932], [27.5751692, 53.9616396], [27.5751908, 53.9616946], [27.5752061, 53.9617594], [27.575202, 53.9617963], [27.5751844, 53.9618316], [27.5751564, 53.9618551], [27.5751099, 53.9618872], [27.5750591, 53.9619228], [27.5750274, 53.961953], [27.5749994, 53.961985], [27.5749693, 53.9620201], [27.574934, 53.9620527], [27.5748891, 53.9620862], [27.5748321, 53.9621176], [27.574763, 53.9621501], [27.5746966, 53.9621739], [27.5746236, 53.9621906], [27.5745579, 53.9621962], [27.5744666, 53.9621946], [27.5742085, 53.9621731], [27.573826, 53.9621368], [27.5734572, 53.9620949], [27.5731496, 53.9620562], [27.57283, 53.9620159], [27.5725192, 53.9619721], [27.572463, 53.9619609], [27.5724152, 53.9619483], [27.5723733, 53.9619306], [27.5723393, 53.9619115], [27.57231, 53.9618864], [27.5722914, 53.9618647], [27.5720165, 53.9616072], [27.5719024, 53.9615103], [27.5716882, 53.9612919], [27.5715811, 53.961199], [27.5714716, 53.9611103], [27.5713468, 53.9610289], [27.5712127, 53.960953], [27.5710716, 53.960884], [27.5709196, 53.9608151], [27.5707229, 53.9607419], [27.5704873, 53.9606586], [27.5703931, 53.9606212], [27.5703129, 53.960582], [27.5702347, 53.960534], [27.5701417, 53.9604864], [27.5700822, 53.9604379], [27.5700392, 53.9603828], [27.5700181, 53.960326], [27.5700105, 53.9602809]], [[27.5731616, 53.9600805], [27.5731781, 53.9601261], [27.5732227, 53.9601855], [27.5732649, 53.9602214], [27.5733636, 53.9602546], [27.5734622, 53.9603085], [27.5734974, 53.9603471], [27.5735749, 53.9603886], [27.57365, 53.9604286], [27.5737393, 53.9604632], [27.5738731, 53.9604742], [27.5740281, 53.9604563], [27.5741385, 53.96043], [27.5741967, 53.9604064], [27.5742794, 53.9603734], [27.5743169, 53.9603333], [27.5743686, 53.9602794], [27.5744038, 53.9602021], [27.5744085, 53.9601744], [27.574385, 53.9601109], [27.5743474, 53.9600653], [27.5743075, 53.9600169], [27.574284, 53.9599796], [27.5742794, 53.9599327], [27.57427, 53.9598843], [27.5742465, 53.9598318], [27.5741925, 53.9597766], [27.574122, 53.9597475], [27.5740398, 53.9597227], [27.5739553, 53.9597116], [27.5738637, 53.9597102], [27.5737416, 53.9597227], [27.5736547, 53.9597434], [27.5735632, 53.9597918], [27.5735373, 53.9598387], [27.5734857, 53.9598857], [27.5734223, 53.9598981], [27.5732978, 53.9599285], [27.5732039, 53.9599893], [27.5731674, 53.960035], [27.5731616, 53.9600805]]]}}, {"type": "Feature", "properties": {"place_id": 172214055, "osm_type": "relation", "osm_id": 28758, "place_rank": 20, "category": "water", "type": "reservoir", "importance": 0.2946949388609965, "addresstype": "reservoir", "name": "Заслаўскае вадасховішча", "display_name": "Заслаўскае вадасховішча, Ждановіцкі сельскі Савет, Мінскі раён, Мінская вобласць, Беларусь", "query": "Заславское водохранилище"}, "bbox": [27.3281227, 53.950576, 27.464528, 54.0031212], "geometry": {"type": "Polygon", "coordinates": [[[27.3281227, 53.9845239], [27.3285763, 53.984315], [27.3286809, 53.9842781], [27.3287996, 53.9842363], [27.3290698, 53.9841646], [27.3293578, 53.9841019], [27.3321365, 53.9835525], [27.3326679, 53.9834259], [27.3329083, 53.9833578], [27.3331371, 53.9832966], [27.3333652, 53.9832463], [27.3335899, 53.9832071], [27.3336692, 53.9831785], [27.3337318, 53.9831417], [27.3337695, 53.9831037], [27.3337842, 53.9830617], [27.3337719, 53.9830137], [27.3337328, 53.9829694], [27.3336892, 53.9829452], [27.3336213, 53.9829342], [27.3335347, 53.9829412], [27.3334016, 53.9829533], [27.3332736, 53.9829558], [27.3331334, 53.9829502], [27.3330014, 53.9829521], [27.3328298, 53.9829734], [27.3326891, 53.9830058], [27.3325463, 53.9830512], [27.3324016, 53.9831182], [27.3322701, 53.9831964], [27.3320922, 53.9832888], [27.3319372, 53.9833411], [27.3317463, 53.9833916], [27.330875, 53.9836041], [27.3305431, 53.9836781], [27.3297547, 53.9838536], [27.3297049, 53.9838583], [27.3296479, 53.9838579], [27.3295964, 53.9838453], [27.3295538, 53.9838275], [27.329521, 53.9838017], [27.3294073, 53.9836718], [27.3293112, 53.9835497], [27.329224, 53.9834154], [27.3291655, 53.9833329], [27.3291206, 53.9832516], [27.3290946, 53.9832043], [27.3290564, 53.983122], [27.3290201, 53.9830119], [27.3290097, 53.982928], [27.3290267, 53.9828872], [27.3290658, 53.9828464], [27.329131, 53.9828069], [27.3292138, 53.9827804], [27.329331, 53.9827597], [27.3294438, 53.9827467], [27.3300644, 53.9827204], [27.3306801, 53.9826891], [27.3312558, 53.9826461], [27.3318118, 53.9825791], [27.3323585, 53.9825054], [27.3326488, 53.9824762], [27.3328995, 53.9824639], [27.3331612, 53.9824767], [27.3333802, 53.9825039], [27.3336, 53.9825541], [27.3337679, 53.9826044], [27.3338917, 53.9826546], [27.333965, 53.9826998], [27.334003, 53.9827372], [27.3340089, 53.9827863], [27.3339912, 53.9828266], [27.3339707, 53.9828568], [27.3339594, 53.9828903], [27.3339577, 53.9829302], [27.3339969, 53.9829832], [27.3340444, 53.9830081], [27.3341104, 53.9830205], [27.3342036, 53.9830202], [27.3343368, 53.9830189], [27.3345074, 53.9830349], [27.3346843, 53.9830666], [27.3352818, 53.9831914], [27.3355196, 53.9832388], [27.3357891, 53.9832724], [27.3360341, 53.983277], [27.3362908, 53.983245], [27.3365248, 53.9831757], [27.3367539, 53.9830713], [27.3368437, 53.9830159], [27.3369115, 53.9829453], [27.3369692, 53.9828613], [27.3370118, 53.9827802], [27.3370837, 53.9827009], [27.3371658, 53.9826172], [27.3372381, 53.9825368], [27.337292, 53.9824534], [27.3373569, 53.9823507], [27.3374249, 53.9822725], [27.3374968, 53.9822021], [27.3375587, 53.9821183], [27.3376153, 53.9820254], [27.3377555, 53.981721], [27.3378081, 53.9815886], [27.3378734, 53.981492], [27.3379511, 53.9814159], [27.3380541, 53.9813518], [27.3381868, 53.9813058], [27.3383209, 53.981278], [27.3384487, 53.9812358], [27.3385537, 53.9811683], [27.3386413, 53.9810923], [27.3388427, 53.9808766], [27.3390817, 53.9805896], [27.3391555, 53.9804824], [27.3391871, 53.9803887], [27.3391849, 53.9802962], [27.3391438, 53.9801416], [27.3391159, 53.9799875], [27.3390983, 53.9797627], [27.3391269, 53.9796332], [27.3391684, 53.9795387], [27.3392396, 53.9794543], [27.3393245, 53.9794069], [27.3394156, 53.9793647], [27.3394874, 53.979307], [27.3395143, 53.9792406], [27.3395411, 53.9791921], [27.3395951, 53.9791655], [27.3396719, 53.9791746], [27.3397353, 53.9792107], [27.3398374, 53.9792943], [27.3399025, 53.9793183], [27.33998, 53.9793189], [27.3400428, 53.9792954], [27.3400702, 53.9792555], [27.3400657, 53.9792128], [27.340041, 53.9791449], [27.340027, 53.9790805], [27.3400237, 53.9790205], [27.3400485, 53.9789583], [27.3400862, 53.9789093], [27.3401315, 53.9788677], [27.3402575, 53.9787932], [27.3404261, 53.9787174], [27.340637, 53.9786234], [27.3408574, 53.9785155], [27.3409755, 53.9784349], [27.341064, 53.9783512], [27.3411214, 53.9782553], [27.3411513, 53.9781581], [27.341183, 53.978052], [27.3412073, 53.9779689], [27.3412507, 53.9778888], [27.34133, 53.9778042], [27.3414476, 53.9777064], [27.3415689, 53.9775962], [27.3416721, 53.9774904], [27.341793, 53.977362], [27.3421718, 53.9767769], [27.342217, 53.9767064], [27.3422724, 53.9765999], [27.3422962, 53.9765126], [27.3422959, 53.97641], [27.3422862, 53.9763063], [27.3422364, 53.9761134], [27.3421995, 53.9759777], [27.3421204, 53.9758578], [27.3420032, 53.9757099], [27.3418125, 53.9755792], [27.3416242, 53.9754684], [27.3414192, 53.9753479], [27.3412882, 53.9752368], [27.3411842, 53.9751824], [27.3411899, 53.9751757], [27.3411715, 53.975166], [27.3411505, 53.9751555], [27.3411191, 53.9751577], [27.3409706, 53.9751408], [27.3408616, 53.9751104], [27.3407467, 53.9750702], [27.3405552, 53.9749539], [27.3404765, 53.9748838], [27.3403859, 53.9748031], [27.3403333, 53.9747743], [27.340137, 53.9746715], [27.3398791, 53.9745572], [27.3394808, 53.9743783], [27.3392184, 53.9742724], [27.3391732, 53.9742561], [27.3389208, 53.9741648], [27.3386478, 53.9740427], [27.3384375, 53.9739129], [27.3382303, 53.9737361], [27.3381036, 53.9735617], [27.3380095, 53.9734494], [27.337931, 53.9733869], [27.337817, 53.9733162], [27.337746, 53.9732581], [27.3377178, 53.9732129], [27.3377051, 53.9731728], [27.3377066, 53.9730719], [27.3377389, 53.9729402], [27.3377868, 53.9728371], [27.3378689, 53.9727174], [27.3379734, 53.9725824], [27.3380441, 53.9724597], [27.3380642, 53.9723689], [27.3380571, 53.9722592], [27.3380146, 53.9721662], [27.3378838, 53.9720416], [27.3377392, 53.9719471], [27.3376715, 53.9719102], [27.3374918, 53.9718111], [27.3369802, 53.9714835], [27.3366542, 53.9712981], [27.3363778, 53.9711538], [27.336081, 53.9710147], [27.3357956, 53.9709043], [27.3351526, 53.9707017], [27.3348746, 53.9706066], [27.3346858, 53.9704996], [27.3345376, 53.9703806], [27.3344464, 53.9702325], [27.3344182, 53.9701057], [27.3344345, 53.9699736], [27.3344738, 53.9699047], [27.33454, 53.9698484], [27.3347716, 53.9697213], [27.3349727, 53.969617], [27.3351739, 53.9694817], [27.3353028, 53.9693203], [27.3353831, 53.9691449], [27.3353825, 53.9689652], [27.3352925, 53.9687736], [27.335145, 53.9686189], [27.334522, 53.9681602], [27.3336254, 53.9675086], [27.3333975, 53.9673757], [27.3331534, 53.9672475], [27.3328405, 53.9671055], [27.3325725, 53.9669514], [27.3323648, 53.9668299], [27.3308765, 53.9659076], [27.3303076, 53.9654586], [27.3300717, 53.9652287], [27.3299212, 53.965025], [27.3298112, 53.9647944], [27.3297825, 53.9645709], [27.3298253, 53.9643638], [27.3299268, 53.9641187], [27.330139, 53.9638489], [27.3301923, 53.963681], [27.330244, 53.9636088], [27.3303333, 53.9635702], [27.3303764, 53.9635175], [27.3303635, 53.9634691], [27.3303827, 53.9634052], [27.3304207, 53.9633517], [27.3304779, 53.9633141], [27.3305006, 53.9631956], [27.3305841, 53.9630607], [27.3306383, 53.9629277], [27.3306073, 53.9628493], [27.3307533, 53.9627136], [27.3308505, 53.9626619], [27.3310828, 53.9625685], [27.3311768, 53.9625766], [27.3313453, 53.9625186], [27.331342, 53.9624361], [27.3313681, 53.9624083], [27.3315204, 53.9623339], [27.3316207, 53.9622852], [27.3317356, 53.9622116], [27.3317944, 53.9621708], [27.3324052, 53.9617718], [27.3325662, 53.9616959], [27.3327798, 53.9616033], [27.3328769, 53.9615741], [27.3329775, 53.9615567], [27.3331483, 53.961546], [27.3332073, 53.9615423], [27.3335632, 53.9615058], [27.3337403, 53.961479], [27.3338476, 53.9614557], [27.333934, 53.9614227], [27.3339991, 53.9613711], [27.3344346, 53.9608204], [27.3344491, 53.9607744], [27.3344476, 53.9607354], [27.3344122, 53.9607025], [27.3343761, 53.9606808], [27.334336, 53.9606702], [27.3342995, 53.9606768], [27.3342645, 53.9606961], [27.3342349, 53.9607178], [27.3342035, 53.960746], [27.3338079, 53.9612751], [27.3337693, 53.9613103], [27.3337232, 53.9613223], [27.3336357, 53.9612567], [27.3335376, 53.961302], [27.333625, 53.9613676], [27.3335482, 53.9613731], [27.3334647, 53.9613721], [27.333394, 53.9613587], [27.333326, 53.961336], [27.3332645, 53.9613023], [27.333217, 53.9612518], [27.333185, 53.9611911], [27.3331077, 53.9609945], [27.3330714, 53.9608729], [27.3330579, 53.960764], [27.3330725, 53.9606757], [27.3331035, 53.9606053], [27.3331448, 53.9605455], [27.3332051, 53.9604935], [27.3332537, 53.9604457], [27.3332912, 53.960393], [27.3333007, 53.9603254], [27.3332798, 53.9601048], [27.3332702, 53.9600313], [27.3332428, 53.9599537], [27.3331982, 53.9598789], [27.3331334, 53.9597923], [27.3330474, 53.9596796], [27.3329252, 53.9595314], [27.3328412, 53.9594062], [27.3327636, 53.9592597], [27.3327104, 53.9590985], [27.3326714, 53.958981], [27.3326294, 53.9588769], [27.3325658, 53.9587718], [27.3325094, 53.9587167], [27.3324633, 53.9586702], [27.3324242, 53.9586195], [27.3324, 53.9585655], [27.3324093, 53.9585094], [27.3324272, 53.9584608], [27.3324633, 53.9583991], [27.332515, 53.9583374], [27.332817, 53.9579768], [27.3354144, 53.9569113], [27.3355093, 53.956888], [27.3356271, 53.9568771], [27.3357465, 53.9568826], [27.3358549, 53.956898], [27.3359541, 53.9569253], [27.336019, 53.9569634], [27.3360549, 53.9570109], [27.3360636, 53.9570747], [27.3360569, 53.9571377], [27.3358233, 53.9577427], [27.3357925, 53.957796], [27.3357433, 53.9578548], [27.3356858, 53.9578999], [27.3356026, 53.9579437], [27.3342448, 53.9586838], [27.3342098, 53.9587087], [27.3341865, 53.9587343], [27.3341818, 53.9587628], [27.3341923, 53.9587894], [27.3342247, 53.9588058], [27.3342652, 53.958812], [27.3343077, 53.9588082], [27.3343513, 53.9587948], [27.3357315, 53.9579973], [27.3358812, 53.9578994], [27.335937, 53.9578515], [27.3359833, 53.9577965], [27.3360067, 53.95775], [27.3362459, 53.9570667], [27.3362491, 53.9570239], [27.3362383, 53.9569753], [27.3362091, 53.9569303], [27.3361565, 53.9568939], [27.336084, 53.9568712], [27.3359884, 53.9568521], [27.3357735, 53.9568059], [27.3357182, 53.9567875], [27.3356789, 53.9567608], [27.3356611, 53.9567241], [27.3356765, 53.9566794], [27.3357117, 53.956631], [27.3357777, 53.9565299], [27.3357977, 53.9564771], [27.3357962, 53.9564271], [27.3357761, 53.956378], [27.3357325, 53.9563069], [27.3356734, 53.956243], [27.3356034, 53.9561863], [27.3355207, 53.9561367], [27.3354026, 53.9560871], [27.3350105, 53.955959], [27.3348052, 53.9559268], [27.3345814, 53.9559163], [27.3343563, 53.9559227], [27.3341524, 53.9559145], [27.3339578, 53.9558845], [27.3337943, 53.9558296], [27.3336524, 53.9557529], [27.3335474, 53.9556706], [27.3334418, 53.9555698], [27.3333529, 53.9554581], [27.3333179, 53.9553417], [27.3333325, 53.9552334], [27.3333996, 53.9551232], [27.3335037, 53.9549987], [27.3337712, 53.9546966], [27.3342027, 53.9540739], [27.3342448, 53.9539611], [27.3342474, 53.953825], [27.3342333, 53.9536971], [27.33421, 53.9535601], [27.3341627, 53.9533953], [27.3340876, 53.9532687], [27.3339437, 53.9531564], [27.3339241, 53.9531466], [27.3337701, 53.9530694], [27.3335523, 53.9529879], [27.3333756, 53.9529054], [27.3331858, 53.9527811], [27.3330129, 53.9526406], [27.3328674, 53.9524842], [27.3327405, 53.9523278], [27.3323897, 53.9518809], [27.3322875, 53.9517576], [27.3322553, 53.9516865], [27.3322391, 53.9516111], [27.3322507, 53.9515521], [27.3322521, 53.9514942], [27.3322257, 53.9514456], [27.3321667, 53.9514086], [27.3320906, 53.9513884], [27.3320017, 53.9513772], [27.3319328, 53.95136], [27.331886, 53.9513307], [27.3318844, 53.9512924], [27.3318468, 53.9512819], [27.3318495, 53.9512654], [27.3318522, 53.9512493], [27.3318978, 53.9512456], [27.3319312, 53.9512086], [27.3320006, 53.951189], [27.3321323, 53.95118], [27.3322677, 53.9511815], [27.3323996, 53.9511976], [27.3325875, 53.9512243], [27.3327917, 53.9512758], [27.3329796, 53.9513445], [27.3331348, 53.9514312], [27.3332619, 53.9515179], [27.3333727, 53.9515895], [27.3335029, 53.9516616], [27.3336169, 53.9517073], [27.3337742, 53.9517521], [27.333955, 53.9517901], [27.3341822, 53.9518247], [27.3349423, 53.951907], [27.3351673, 53.9519223], [27.3352966, 53.9519212], [27.3354397, 53.9519123], [27.3356103, 53.9518979], [27.335768, 53.9518892], [27.3359342, 53.9518867], [27.3359553, 53.9518865], [27.3359537, 53.9518382], [27.3359705, 53.951838], [27.3359859, 53.9518379], [27.3359875, 53.9518861], [27.3360123, 53.9518858], [27.3360493, 53.9518821], [27.3360842, 53.9518748], [27.3361172, 53.951861], [27.3361457, 53.9518441], [27.3361764, 53.9518245], [27.3362145, 53.9518071], [27.3362579, 53.951793], [27.3362986, 53.9517876], [27.3363474, 53.9517847], [27.3365678, 53.9517932], [27.3367412, 53.951804], [27.3368033, 53.9518126], [27.3368659, 53.9518273], [27.3369269, 53.9518538], [27.3369872, 53.9518838], [27.3373089, 53.9520579], [27.3383046, 53.9525785], [27.3383552, 53.9526116], [27.3383966, 53.9526608], [27.3384104, 53.9527171], [27.3384253, 53.9527788], [27.3384539, 53.952841], [27.3385044, 53.9529078], [27.3385596, 53.9529712], [27.3386512, 53.9530413], [27.3387834, 53.9531361], [27.3392783, 53.9534894], [27.3393238, 53.9535224], [27.3409229, 53.9546398], [27.3409831, 53.9547161], [27.3409996, 53.9548227], [27.340967, 53.9548974], [27.3409511, 53.954968], [27.340963, 53.9550443], [27.3409824, 53.9551235], [27.3410049, 53.9552576], [27.3410313, 53.9554122], [27.3410555, 53.9556376], [27.3410603, 53.9558302], [27.3410417, 53.9560557], [27.3409881, 53.9562716], [27.34092, 53.9564788], [27.3408258, 53.9566815], [27.3406923, 53.9569392], [27.340461, 53.9574475], [27.3403487, 53.9577582], [27.3402325, 53.9580863], [27.3401511, 53.958405], [27.3395695, 53.9603723], [27.3395349, 53.9604882], [27.3394867, 53.9605481], [27.3394075, 53.9605991], [27.3393034, 53.960633], [27.339173, 53.9606417], [27.339006, 53.9606415], [27.3388439, 53.9606611], [27.3387068, 53.9606981], [27.338519, 53.9607866], [27.3384511, 53.9608439], [27.3384358, 53.9609054], [27.3384643, 53.9609587], [27.3385467, 53.9610015], [27.3386482, 53.9610176], [27.3387743, 53.961005], [27.3389258, 53.9609593], [27.3390629, 53.9609136], [27.3391396, 53.9609039], [27.3392211, 53.9609234], [27.3392749, 53.9609687], [27.3392721, 53.961032], [27.3390718, 53.9616186], [27.338835, 53.9622338], [27.3388281, 53.9623341], [27.3388498, 53.9624195], [27.3389573, 53.9625742], [27.3391431, 53.9627604], [27.3392909, 53.962892], [27.3398398, 53.9633495], [27.3399182, 53.9634777], [27.3400302, 53.9636148], [27.340135, 53.963729], [27.3403909, 53.9639239], [27.3405647, 53.964037], [27.3407377, 53.9641227], [27.340939, 53.9641731], [27.3411683, 53.9641869], [27.3413997, 53.9641512], [27.3416195, 53.9640739], [27.341811, 53.9639576], [27.3419498, 53.9638408], [27.3420855, 53.9636943], [27.3422224, 53.963523], [27.3423656, 53.9632849], [27.3424453, 53.9631514], [27.3425786, 53.9630048], [27.3427336, 53.962868], [27.3430342, 53.9626215], [27.3432867, 53.9624426], [27.3435407, 53.9622938], [27.3438579, 53.9621227], [27.3441827, 53.9619835], [27.3444187, 53.9619232], [27.3446704, 53.9618926], [27.3448987, 53.9618984], [27.345127, 53.9619487], [27.345294, 53.9620285], [27.345418, 53.9621878], [27.3454559, 53.9622874], [27.3455084, 53.9624038], [27.3456047, 53.962506], [27.345718, 53.9626216], [27.3458127, 53.9627172], [27.34589, 53.9627671], [27.3460389, 53.9628092], [27.3462564, 53.9629245], [27.3464095, 53.9629885], [27.3466375, 53.9630453], [27.3468211, 53.9631127], [27.347049, 53.9631476], [27.3472557, 53.9631595], [27.3475067, 53.9631564], [27.3478072, 53.9631225], [27.3482749, 53.9630367], [27.348911, 53.962911], [27.3494965, 53.9627854], [27.3501809, 53.9626229], [27.3506062, 53.9625109], [27.350977, 53.9623793], [27.3511459, 53.962296], [27.3513193, 53.96218], [27.3514817, 53.9620681], [27.3516158, 53.9620008], [27.3517625, 53.9619379], [27.3518461, 53.9618843], [27.3518949, 53.961831], [27.3518972, 53.9617821], [27.3518617, 53.9617332], [27.3517896, 53.9617055], [27.3516193, 53.961663], [27.3514335, 53.9616431], [27.3512566, 53.9616451], [27.351139, 53.9616579], [27.3510719, 53.9616818], [27.3510399, 53.9617254], [27.3510512, 53.9617741], [27.3510941, 53.9618414], [27.3511, 53.9618979], [27.3510585, 53.9619563], [27.3509574, 53.9620063], [27.3508216, 53.962047], [27.3499276, 53.9622896], [27.3497354, 53.9623294], [27.3495406, 53.9623391], [27.3493208, 53.9623219], [27.3491071, 53.9622705], [27.3488557, 53.9621719], [27.3485793, 53.9620071], [27.3483369, 53.9618133], [27.348259, 53.9617232], [27.3482416, 53.9616272], [27.3482866, 53.9615313], [27.3484196, 53.9614135], [27.3487149, 53.9612369], [27.3490314, 53.9611036], [27.3493388, 53.9610038], [27.3497066, 53.9609246], [27.350039, 53.9608936], [27.3504423, 53.9608969], [27.3512817, 53.9609297], [27.3514987, 53.960932], [27.3517573, 53.9609098], [27.3519768, 53.9608685], [27.3522097, 53.960796], [27.3524717, 53.9607138], [27.3532212, 53.9604614], [27.3534062, 53.9603778], [27.3536317, 53.9602485], [27.3538264, 53.9601283], [27.3538463, 53.9601154], [27.3540479, 53.9599724], [27.3542371, 53.9598035], [27.3544471, 53.9596027], [27.3546424, 53.9594013], [27.354849, 53.9591478], [27.3550503, 53.9589039], [27.3551766, 53.9587604], [27.3552965, 53.9586489], [27.3554246, 53.9585546], [27.3555109, 53.9584906], [27.3555942, 53.9584153], [27.3556401, 53.9583425], [27.355656, 53.958252], [27.3556427, 53.9581611], [27.3556382, 53.9580821], [27.3556676, 53.9579504], [27.3557349, 53.9578183], [27.3558321, 53.9576714], [27.3559834, 53.9575], [27.3561137, 53.9573776], [27.3564425, 53.9572267], [27.3568848, 53.9570383], [27.3574213, 53.9568417], [27.3577524, 53.9567313], [27.3581475, 53.9566215], [27.3584705, 53.956555], [27.3587129, 53.9565263], [27.3588907, 53.9565229], [27.3601316, 53.9565343], [27.3606748, 53.9565427], [27.3611045, 53.9565401], [27.361455, 53.9565302], [27.3616929, 53.9565194], [27.3619217, 53.9564933], [27.3620963, 53.9564548], [27.3625453, 53.9563028], [27.3628861, 53.9561551], [27.3632253, 53.9559892], [27.3636703, 53.9557518], [27.3640209, 53.9555952], [27.3644154, 53.9554623], [27.3648819, 53.9553396], [27.3653665, 53.9552274], [27.3659323, 53.9551164], [27.3667311, 53.9549677], [27.3674872, 53.9548389], [27.3679673, 53.954782], [27.368309, 53.9547503], [27.3685483, 53.9547399], [27.3687923, 53.9547377], [27.3690762, 53.9547487], [27.3692542, 53.954771], [27.3694493, 53.9547861], [27.3696697, 53.9547922], [27.369924, 53.9547941], [27.370909, 53.9547669], [27.3709647, 53.9547653], [27.3709922, 53.9547606], [27.3710257, 53.9547495], [27.3710512, 53.9547294], [27.3710564, 53.9547162], [27.371257, 53.9547088], [27.3712587, 53.9547259], [27.3712671, 53.9547361], [27.3712785, 53.9547436], [27.3712933, 53.954748], [27.3713167, 53.9547511], [27.3718049, 53.9547353], [27.3721321, 53.954718], [27.3723568, 53.9546959], [27.3725284, 53.9546548], [27.3728174, 53.9547697], [27.3728456, 53.9547728], [27.3728724, 53.9547736], [27.3728992, 53.9547728], [27.3729281, 53.9547681], [27.3729556, 53.954761], [27.3729717, 53.9547539], [27.3729931, 53.9547464], [27.3730166, 53.9547326], [27.3730313, 53.954714], [27.3730401, 53.9546955], [27.3730468, 53.9546813], [27.3730474, 53.9546655], [27.3730454, 53.9546485], [27.373038, 53.9546312], [27.37303, 53.9546178], [27.3730159, 53.9546075], [27.372689, 53.9544694], [27.3727912, 53.9541673], [27.3727906, 53.9539353], [27.3727905, 53.953896], [27.3731085, 53.9538933], [27.3731098, 53.953831], [27.3728315, 53.9538349], [27.3728012, 53.9535965], [27.3727636, 53.95331], [27.3727504, 53.9531965], [27.3727196, 53.9530031], [27.3727024, 53.9529455], [27.3726671, 53.952892], [27.3726077, 53.9528508], [27.3725387, 53.9528216], [27.372461, 53.9528003], [27.3723875, 53.952789], [27.3724231, 53.9526379], [27.3724808, 53.9526125], [27.3726325, 53.9522317], [27.3725046, 53.9521983], [27.3725542, 53.9521307], [27.372638, 53.9520652], [27.3727488, 53.9520185], [27.372868, 53.9519792], [27.3746554, 53.9515], [27.3746995, 53.9514841], [27.3747288, 53.9514637], [27.3747455, 53.951438], [27.3747458, 53.951409], [27.3747237, 53.9513854], [27.3746943, 53.9513706], [27.3746614, 53.951364], [27.3746309, 53.9513645], [27.3744722, 53.9511086], [27.3745364, 53.9510869], [27.3746058, 53.951046], [27.3746693, 53.9510085], [27.3747662, 53.9509624], [27.374892, 53.9509213], [27.3750572, 53.9508761], [27.3752928, 53.9508233], [27.3756384, 53.9507721], [27.3759554, 53.9507172], [27.3765201, 53.9506509], [27.3768994, 53.9506066], [27.3773199, 53.950576], [27.378097, 53.9514172], [27.3819664, 53.9557618], [27.3819629, 53.9557931], [27.3819264, 53.9558393], [27.3819386, 53.9558732], [27.3819686, 53.9558951], [27.3820141, 53.9559057], [27.3820666, 53.9559013], [27.3821157, 53.9558791], [27.3822286, 53.9559585], [27.382368, 53.9561071], [27.3823949, 53.9561538], [27.3823549, 53.9561554], [27.3823349, 53.956164], [27.3823118, 53.9561767], [27.3822963, 53.9562024], [27.3822994, 53.9562331], [27.3823081, 53.9562485], [27.3823258, 53.9562636], [27.3823545, 53.9562777], [27.3823934, 53.956284], [27.3824404, 53.956292], [27.3824606, 53.9563074], [27.3825004, 53.956341], [27.3825527, 53.9564147], [27.382603, 53.9565018], [27.3826299, 53.9565959], [27.3826407, 53.9566691], [27.3826205, 53.9568327], [27.3825895, 53.9570354], [27.3825852, 53.9571432], [27.3825901, 53.9572537], [27.3826067, 53.957347], [27.3826388, 53.9574557], [27.3826987, 53.9576286], [27.3827507, 53.9577511], [27.3827701, 53.9578264], [27.3828055, 53.957924], [27.3828499, 53.9580069], [27.3829011, 53.9580787], [27.3829528, 53.95815], [27.3830122, 53.9582382], [27.3830847, 53.9583316], [27.38319, 53.9584455], [27.3832729, 53.9585492], [27.3833314, 53.9586547], [27.3833661, 53.9587497], [27.383404, 53.9588505], [27.3834459, 53.9589771], [27.3834601, 53.9590644], [27.3834893, 53.9591433], [27.3835261, 53.9592593], [27.3835514, 53.9593164], [27.3835891, 53.9594411], [27.3836184, 53.9595196], [27.3836593, 53.9595848], [27.3836997, 53.9596265], [27.383765, 53.9596709], [27.3838396, 53.9597095], [27.3839254, 53.9597507], [27.3840325, 53.9598161], [27.3841622, 53.9599504], [27.3842376, 53.960028], [27.3843194, 53.9601012], [27.3844402, 53.9601749], [27.3845767, 53.9602685], [27.3846896, 53.9603452], [27.3847845, 53.9604351], [27.3849003, 53.9605369], [27.3850654, 53.9606263], [27.3852918, 53.9607196], [27.3855539, 53.9608076], [27.3858215, 53.9608912], [27.3860951, 53.9609783], [27.386432, 53.9610727], [27.3866946, 53.9611215], [27.3869505, 53.9611335], [27.3872985, 53.9611196], [27.3876271, 53.9611273], [27.3880692, 53.961157], [27.3882571, 53.9611895], [27.3884273, 53.9612426], [27.3888802, 53.9614291], [27.3893832, 53.9616155], [27.3898891, 53.9618963], [27.3909885, 53.9625859], [27.3914254, 53.9628825], [27.3916971, 53.9631234], [27.3918326, 53.9632244], [27.3919881, 53.9633844], [27.3921071, 53.9635143], [27.3922708, 53.9636669], [27.3924089, 53.9637696], [27.3926158, 53.9638971], [27.3927683, 53.9639737], [27.3929333, 53.9640366], [27.3931432, 53.9641004], [27.3933702, 53.9641554], [27.3936775, 53.9642477], [27.3937165, 53.9642608], [27.3939815, 53.9643715], [27.3941084, 53.9644542], [27.3943064, 53.9645909], [27.3942709, 53.9646102], [27.3945567, 53.9647874], [27.3946434, 53.9647624], [27.3946944, 53.9647843], [27.3948565, 53.9647364], [27.3948998, 53.964738], [27.3949454, 53.9647543], [27.3949469, 53.9647875], [27.3950431, 53.9647977], [27.3951055, 53.9647967], [27.3952982, 53.9647921], [27.3954685, 53.9647604], [27.395674, 53.9647099], [27.3958768, 53.9646256], [27.39604, 53.964532], [27.396102, 53.9644893], [27.3961548, 53.9644346], [27.3962403, 53.9644449], [27.3963023, 53.9644424], [27.3963477, 53.9644294], [27.3963812, 53.9644105], [27.3964102, 53.9643895], [27.3964213, 53.9643592], [27.3964138, 53.964324], [27.3963832, 53.964284], [27.3963478, 53.964261], [27.3963132, 53.9642448], [27.3963087, 53.964224], [27.3962928, 53.9641779], [27.3962665, 53.9641509], [27.3962178, 53.9641276], [27.3961537, 53.964114], [27.3960876, 53.9641086], [27.3960211, 53.964118], [27.3959727, 53.9641301], [27.3959401, 53.9641501], [27.3959133, 53.9641713], [27.3958955, 53.9641978], [27.3958871, 53.9642256], [27.3958923, 53.9642508], [27.3958988, 53.9642769], [27.3959167, 53.9642989], [27.395965, 53.9643219], [27.3959122, 53.9644007], [27.3958726, 53.9644424], [27.3958238, 53.9644774], [27.3957536, 53.9645088], [27.3956628, 53.9645424], [27.3955844, 53.9645661], [27.395477, 53.9645852], [27.395357, 53.9645916], [27.3952439, 53.9645868], [27.3951177, 53.9645634], [27.3950028, 53.9645267], [27.3948537, 53.964447], [27.3947337, 53.9643664], [27.3945424, 53.9644166], [27.3944727, 53.9644134], [27.3943939, 53.9643638], [27.394262, 53.9642312], [27.3942184, 53.9641649], [27.3941933, 53.9640949], [27.3941655, 53.964024], [27.3942068, 53.9639333], [27.394267, 53.9638607], [27.3943579, 53.9637989], [27.394518, 53.9636962], [27.3946935, 53.963587], [27.39477, 53.9635446], [27.3948512, 53.9635234], [27.3949325, 53.9635239], [27.3949503, 53.9635664], [27.3951166, 53.9635349], [27.3952614, 53.9634797], [27.3953778, 53.9634088], [27.3955672, 53.9633297], [27.3956272, 53.9633006], [27.3957335, 53.9632745], [27.3962323, 53.9631279], [27.3964982, 53.9630395], [27.3966653, 53.962984], [27.3968447, 53.962971], [27.3970877, 53.9629884], [27.4000356, 53.9634249], [27.4015677, 53.963696], [27.4020491, 53.9637972], [27.4021962, 53.9638535], [27.4022736, 53.963963], [27.4023122, 53.9640354], [27.4026045, 53.9642702], [27.4027371, 53.9643919], [27.4028604, 53.9645373], [27.4029593, 53.9647031], [27.4029721, 53.9647999], [27.4029169, 53.9648696], [27.4026422, 53.9651578], [27.4025886, 53.9651586], [27.4025716, 53.9652045], [27.4025964, 53.9652438], [27.4025014, 53.9653842], [27.4023793, 53.9653921], [27.4021857, 53.9654473], [27.4021222, 53.9655076], [27.4021143, 53.9655679], [27.4020944, 53.9657281], [27.4020895, 53.9657802], [27.4021008, 53.9658119], [27.4021311, 53.9658436], [27.4021765, 53.9658648], [27.4022287, 53.9658804], [27.4023022, 53.9658801], [27.402335, 53.9659188], [27.4025294, 53.9658631], [27.4026621, 53.965899], [27.402795, 53.9659762], [27.4028853, 53.9660708], [27.4029491, 53.9661669], [27.4030652, 53.9663079], [27.4031145, 53.9663534], [27.4031562, 53.9663673], [27.4032073, 53.9663634], [27.4032552, 53.9663486], [27.4032936, 53.9663258], [27.403321, 53.9662984], [27.4033257, 53.9662679], [27.403304, 53.9661777], [27.4032979, 53.9661511], [27.4032973, 53.9661316], [27.4033221, 53.966079], [27.4033908, 53.966105], [27.4034629, 53.966039], [27.4033941, 53.966013], [27.403484, 53.9659223], [27.4034793, 53.9659147], [27.4039331, 53.9659213], [27.4040035, 53.9659147], [27.4042286, 53.965972], [27.4044618, 53.9659781], [27.4047048, 53.9659407], [27.4049734, 53.9658314], [27.4053069, 53.9659474], [27.4055582, 53.9660348], [27.4057393, 53.9661325], [27.4060115, 53.9661806], [27.4061325, 53.9661912], [27.4062277, 53.9661773], [27.4063739, 53.9662275], [27.4064724, 53.96626], [27.406579, 53.9663053], [27.4069875, 53.9663255], [27.407375, 53.9662887], [27.4075907, 53.9662846], [27.4076941, 53.9663591], [27.4077949, 53.9662928], [27.408013, 53.9662982], [27.4081025, 53.9663423], [27.408231, 53.966345], [27.4083728, 53.9663004], [27.4089184, 53.9663432], [27.4092363, 53.9664581], [27.4099347, 53.9670083], [27.4099779, 53.9670225], [27.41081, 53.9677968], [27.4115515, 53.9687355], [27.4123317, 53.9695093], [27.4126468, 53.9699316], [27.413179, 53.9705299], [27.4132112, 53.9705601], [27.4144006, 53.9719019], [27.4150485, 53.9729219], [27.4156741, 53.9737287], [27.415927, 53.9742845], [27.4160814, 53.974494], [27.4164333, 53.9749594], [27.4166805, 53.9752457], [27.4168642, 53.975384], [27.4174049, 53.9758697], [27.4174701, 53.9760321], [27.4175516, 53.9761966], [27.4175794, 53.9764368], [27.4175117, 53.9767216], [27.4173969, 53.9769933], [27.4172442, 53.9772638], [27.417064, 53.9775428], [27.4170559, 53.977758], [27.4171616, 53.9778976], [27.4173995, 53.9779971], [27.417516, 53.9780511], [27.4179862, 53.9782361], [27.4183141, 53.9782829], [27.4185525, 53.9782809], [27.4187617, 53.9782422], [27.4190221, 53.9781693], [27.4192109, 53.9780706], [27.4193212, 53.9779598], [27.4193806, 53.9778331], [27.4193486, 53.9776895], [27.4192859, 53.9775419], [27.4191891, 53.9774346], [27.4190377, 53.9773233], [27.4188467, 53.9772525], [27.4185637, 53.9771826], [27.4184346, 53.9771369], [27.4183496, 53.9770867], [27.4183248, 53.9770167], [27.4183439, 53.9768437], [27.4183943, 53.9767781], [27.418491, 53.9767345], [27.4186219, 53.9767276], [27.4187659, 53.9767623], [27.4189305, 53.9768111], [27.4192254, 53.9769202], [27.4193038, 53.9769726], [27.4193548, 53.9770432], [27.4193905, 53.9771264], [27.4194146, 53.9772414], [27.4194678, 53.977383], [27.4197272, 53.9778835], [27.4197263, 53.9779689], [27.4196985, 53.9780438], [27.4196263, 53.9781227], [27.4192443, 53.9784921], [27.4191772, 53.9785896], [27.4191443, 53.9786951], [27.4191413, 53.9788012], [27.4191705, 53.9789146], [27.419233, 53.9790074], [27.4193536, 53.9791063], [27.419778, 53.9794063], [27.4201321, 53.9796769], [27.4202891, 53.9798459], [27.4204148, 53.9800749], [27.4205011, 53.9802954], [27.420505, 53.9805832], [27.4204554, 53.9808112], [27.4204371, 53.9810485], [27.4204727, 53.9812536], [27.4205712, 53.9814494], [27.4208063, 53.9816815], [27.4210808, 53.9818667], [27.4214418, 53.9820705], [27.4217685, 53.9822203], [27.4220481, 53.9824117], [27.4222508, 53.9826666], [27.4223789, 53.9829393], [27.4224544, 53.9831961], [27.4224598, 53.9834566], [27.4224277, 53.9837032], [27.4223458, 53.9839745], [27.4222216, 53.9842849], [27.4221536, 53.9845101], [27.4221034, 53.9847458], [27.4221203, 53.9849925], [27.4222085, 53.9852463], [27.4223499, 53.9855248], [27.4225634, 53.9858564], [27.4227114, 53.9860307], [27.4229036, 53.986178], [27.4231782, 53.9863076], [27.4235539, 53.9864338], [27.4242241, 53.986632], [27.424571, 53.9867417], [27.4248823, 53.9869073], [27.4250957, 53.9870894], [27.4252486, 53.9872758], [27.4254563, 53.9875174], [27.425582, 53.987743], [27.4256215, 53.9879167], [27.4256111, 53.9880954], [27.4255119, 53.9882459], [27.425345, 53.9883808], [27.4249905, 53.9886545], [27.4247459, 53.9888103], [27.4245989, 53.988844], [27.4244178, 53.9888536], [27.424217, 53.9888217], [27.4240531, 53.9887575], [27.4239347, 53.988682], [27.4238603, 53.9885846], [27.4235896, 53.988095], [27.4235179, 53.9880076], [27.4234394, 53.9879383], [27.4233238, 53.9878714], [27.4232275, 53.9878393], [27.4231107, 53.9878234], [27.4230267, 53.9878401], [27.4229743, 53.9878745], [27.4229641, 53.9879221], [27.423004, 53.9879657], [27.4230802, 53.9879998], [27.423194, 53.9880379], [27.4233522, 53.9881167], [27.4234499, 53.9881914], [27.4235203, 53.9882961], [27.4235854, 53.9884343], [27.4236339, 53.988617], [27.4236503, 53.9887959], [27.4237126, 53.9889559], [27.4238051, 53.9890902], [27.4238973, 53.9892048], [27.4240259, 53.9892989], [27.4239406, 53.989371], [27.4240556, 53.9894706], [27.4242926, 53.9895202], [27.4244758, 53.9894939], [27.4245451, 53.9893311], [27.4246962, 53.9892518], [27.4249466, 53.9890982], [27.4252214, 53.9889414], [27.4254269, 53.9888432], [27.4255995, 53.9887561], [27.4259344, 53.9886643], [27.4262264, 53.9886379], [27.4264947, 53.9886785], [27.4266755, 53.9887244], [27.4270209, 53.9888384], [27.4271966, 53.9888861], [27.4273068, 53.988888], [27.4274169, 53.9888581], [27.427492, 53.9888007], [27.427549, 53.9887273], [27.4275774, 53.9886616], [27.4275973, 53.988568], [27.4276621, 53.9884912], [27.4277985, 53.9884264], [27.427962, 53.9884013], [27.4281138, 53.9884077], [27.4297447, 53.9885507], [27.4299711, 53.9885465], [27.4302196, 53.9885099], [27.4304952, 53.9884574], [27.43069, 53.98844], [27.4308415, 53.9884577], [27.4309795, 53.9885232], [27.4310662, 53.9885973], [27.4312071, 53.9887218], [27.431368, 53.9888432], [27.431572, 53.98896], [27.4318025, 53.9890412], [27.4320918, 53.989097], [27.4323859, 53.9891152], [27.4326604, 53.9891172], [27.4328812, 53.9890763], [27.4330599, 53.9890025], [27.4331916, 53.988924], [27.4333163, 53.9887644], [27.4334096, 53.9886141], [27.4337244, 53.9881674], [27.4338798, 53.9880204], [27.4340646, 53.9878979], [27.4342375, 53.9877684], [27.4344161, 53.9876247], [27.4345978, 53.9874458], [27.4347794, 53.9872389], [27.4350752, 53.9868214], [27.4352163, 53.9865649], [27.4352252, 53.986409], [27.4352043, 53.9862705], [27.4351366, 53.9861333], [27.4349914, 53.9859645], [27.4347291, 53.9857274], [27.4344664, 53.9855168], [27.4343886, 53.9854046], [27.4343616, 53.9852994], [27.4343703, 53.9851943], [27.4343905, 53.9851017], [27.4344067, 53.9850112], [27.4343693, 53.9849102], [27.4342539, 53.9848304], [27.4336705, 53.9846267], [27.4335112, 53.9846054], [27.433324, 53.9846311], [27.4332108, 53.9846762], [27.4331094, 53.984756], [27.4329908, 53.9848612], [27.4328687, 53.9849207], [27.4327426, 53.9849409], [27.4326258, 53.9849234], [27.432532, 53.9848592], [27.4325126, 53.9847925], [27.4325246, 53.9847304], [27.4326512, 53.9846277], [27.433251, 53.9841961], [27.4334234, 53.9841115], [27.4336391, 53.9840174], [27.4338765, 53.9839612], [27.4341138, 53.9839537], [27.4343395, 53.9839972], [27.434618, 53.9841073], [27.4348345, 53.9842478], [27.4349319, 53.9843417], [27.4349878, 53.9844569], [27.4350626, 53.9846171], [27.435157, 53.9847429], [27.4353343, 53.9848687], [27.4355642, 53.9849251], [27.4358294, 53.9849442], [27.4361485, 53.9849476], [27.4364056, 53.9849481], [27.4366031, 53.9849801], [27.4367738, 53.9850335], [27.4369544, 53.9851039], [27.4372287, 53.9851825], [27.437496, 53.9852396], [27.437785, 53.9852895], [27.4380326, 53.9853515], [27.4382438, 53.9854457], [27.4383753, 53.985572], [27.4384187, 53.9857257], [27.4383881, 53.9858987], [27.4382377, 53.9866597], [27.4382599, 53.9868692], [27.4384004, 53.9871654], [27.4386365, 53.9874475], [27.4389554, 53.9877174], [27.4394351, 53.9880026], [27.4398037, 53.9882744], [27.440133, 53.9885442], [27.4404623, 53.9888141], [27.4409006, 53.9890271], [27.4413077, 53.9891548], [27.441775, 53.9892563], [27.4423045, 53.989364], [27.4428179, 53.9895268], [27.4432898, 53.9896288], [27.443719, 53.9896771], [27.4442879, 53.9897061], [27.4446523, 53.9897282], [27.4450496, 53.9898104], [27.4453841, 53.9898464], [27.4455857, 53.9898364], [27.4457395, 53.9897921], [27.445809, 53.9897289], [27.4458472, 53.9896511], [27.4458287, 53.9895861], [27.4457589, 53.9895251], [27.4455184, 53.9894082], [27.4453053, 53.9893516], [27.444993, 53.9892903], [27.4447225, 53.9892007], [27.4444794, 53.9891111], [27.4442063, 53.9889701], [27.443899, 53.9887689], [27.4436767, 53.988594], [27.4434506, 53.9883673], [27.4432718, 53.9880891], [27.4432202, 53.9878366], [27.4432902, 53.9876259], [27.443373, 53.9874844], [27.443434, 53.9873948], [27.4434827, 53.9873114], [27.4435001, 53.9872281], [27.4433623, 53.987265], [27.4433906, 53.987336], [27.4430345, 53.987459], [27.4426798, 53.987134], [27.4430937, 53.9869455], [27.4433429, 53.9872204], [27.4434658, 53.9871781], [27.4432735, 53.9869688], [27.4438317, 53.9867532], [27.4440188, 53.986585], [27.4442097, 53.9862327], [27.4442792, 53.9860676], [27.4445906, 53.985706], [27.444879, 53.9855319], [27.4450558, 53.9853601], [27.4452429, 53.9851852], [27.4453308, 53.9850333], [27.4453437, 53.9848691], [27.4451908, 53.9847079], [27.4449662, 53.9845805], [27.4446507, 53.9844523], [27.443479, 53.9840434], [27.4432822, 53.9839028], [27.4431447, 53.9837526], [27.4430828, 53.9835448], [27.4431612, 53.9833243], [27.4432966, 53.9831053], [27.4434284, 53.9828589], [27.4434775, 53.982765], [27.4434816, 53.982679], [27.4434143, 53.9825935], [27.443295, 53.9825322], [27.4429225, 53.9823368], [27.4423414, 53.9820588], [27.4415346, 53.9816297], [27.4413865, 53.9815547], [27.4412843, 53.9814901], [27.4412279, 53.9814239], [27.4412235, 53.9813331], [27.4412719, 53.9812527], [27.4413679, 53.9811846], [27.4415173, 53.9811331], [27.4416688, 53.9811251], [27.4418352, 53.9811434], [27.4419902, 53.981174], [27.4435168, 53.981555], [27.443973, 53.9816499], [27.4443262, 53.9817047], [27.4446583, 53.981729], [27.4450581, 53.9817762], [27.4451976, 53.9818151], [27.4453388, 53.9818817], [27.4454303, 53.9819641], [27.44548, 53.9820726], [27.4454674, 53.982178], [27.4454242, 53.9823074], [27.4454203, 53.9823976], [27.4454883, 53.9824623], [27.4456165, 53.9825109], [27.4458023, 53.9825397], [27.4461137, 53.982564], [27.4463788, 53.982568], [27.4466409, 53.9825538], [27.446907, 53.9825166], [27.4471802, 53.9824567], [27.4473788, 53.9824176], [27.4475807, 53.982409], [27.4477915, 53.9824486], [27.4479709, 53.9825205], [27.4481531, 53.9826088], [27.4482756, 53.982706], [27.4483196, 53.9828379], [27.4483128, 53.9829532], [27.4483061, 53.9830454], [27.4483015, 53.9830805], [27.4482337, 53.9835936], [27.4481609, 53.9837818], [27.4480292, 53.9839914], [27.4479809, 53.9842045], [27.4480043, 53.98441], [27.448117, 53.98464], [27.4483471, 53.9849212], [27.448607, 53.9852073], [27.4486936, 53.9853794], [27.4487332, 53.985568], [27.4487186, 53.9857778], [27.4487064, 53.986286], [27.4487353, 53.9865313], [27.4488363, 53.9867459], [27.4489656, 53.9869213], [27.4491339, 53.9870638], [27.449385, 53.9871942], [27.4496825, 53.9873015], [27.450085, 53.9873917], [27.4505402, 53.9874582], [27.4510523, 53.9875033], [27.4518223, 53.9875629], [27.4518437, 53.9876775], [27.4520128, 53.9877461], [27.4522034, 53.9877896], [27.4521041, 53.9878778], [27.4523632, 53.9879159], [27.4523924, 53.9878235], [27.452747, 53.9878566], [27.452869, 53.9879204], [27.4528708, 53.9879791], [27.4529891, 53.9879927], [27.4531026, 53.9878526], [27.4532764, 53.9878304], [27.4535127, 53.98779], [27.453668, 53.9877395], [27.4538562, 53.9876584], [27.454099, 53.9875694], [27.4545524, 53.9874904], [27.4551864, 53.9874553], [27.455391, 53.9874801], [27.4555459, 53.9875289], [27.4556396, 53.9875674], [27.4557511, 53.9876023], [27.4558402, 53.9876082], [27.4559264, 53.9875972], [27.4560564, 53.9875539], [27.456448, 53.9874632], [27.4568239, 53.9874025], [27.45718, 53.9873883], [27.4574245, 53.987424], [27.4576376, 53.9875081], [27.4578158, 53.9876244], [27.4579237, 53.9877176], [27.4580038, 53.987779], [27.4581449, 53.9879289], [27.4583061, 53.9880815], [27.4584459, 53.988247], [27.4585765, 53.9884099], [27.4586879, 53.9885646], [27.4587788, 53.9887492], [27.4588435, 53.9889504], [27.4588846, 53.9891631], [27.4589102, 53.9894081], [27.458946, 53.9897608], [27.4589903, 53.989909], [27.4590605, 53.9900664], [27.4592059, 53.9901998], [27.4593927, 53.9903088], [27.4596357, 53.9903668], [27.4599223, 53.9903738], [27.460473, 53.9903443], [27.4609242, 53.9903361], [27.4611906, 53.99036], [27.4615348, 53.9904084], [27.4620106, 53.9905106], [27.4621417, 53.9905609], [27.4621861, 53.9906161], [27.4621755, 53.9906804], [27.4621197, 53.990737], [27.4621144, 53.9907972], [27.4621452, 53.990844], [27.4622151, 53.990874], [27.4623654, 53.9908926], [27.4625241, 53.9908791], [27.4626855, 53.9908462], [27.462831, 53.9907962], [27.4629289, 53.9907358], [27.4629873, 53.9906665], [27.4630449, 53.990588], [27.4631298, 53.9905371], [27.4632699, 53.9905101], [27.4634529, 53.9905105], [27.4635914, 53.990539], [27.463739, 53.9905909], [27.4638702, 53.9906252], [27.4640192, 53.990642], [27.4641516, 53.9906417], [27.4643221, 53.9906436], [27.4644312, 53.9906586], [27.4644986, 53.990684], [27.464528, 53.9907314], [27.4644979, 53.9907753], [27.4644173, 53.9907942], [27.4643025, 53.9908054], [27.4640809, 53.9908034], [27.4637279, 53.9907884], [27.4634819, 53.9907928], [27.4632585, 53.9908181], [27.4630142, 53.9908784], [27.4627777, 53.9909562], [27.4619123, 53.9912694], [27.461637, 53.9913821], [27.4613749, 53.9915172], [27.4611133, 53.9916827], [27.4608338, 53.991862], [27.4605333, 53.9920578], [27.4601535, 53.9922845], [27.4600482, 53.9923905], [27.4599724, 53.9924691], [27.459824, 53.9925691], [27.4596817, 53.992634], [27.459495, 53.992706], [27.4593418, 53.992785], [27.4592042, 53.9929036], [27.4590832, 53.9930518], [27.4589985, 53.9931816], [27.4589715, 53.9933042], [27.4590017, 53.9934397], [27.4590967, 53.9936316], [27.4592042, 53.9938399], [27.4593856, 53.9940429], [27.4598347, 53.994362], [27.4602034, 53.9945202], [27.4605173, 53.9946184], [27.4608379, 53.9946951], [27.4610571, 53.9947648], [27.4614574, 53.9948804], [27.4615678, 53.9949463], [27.4616298, 53.9950185], [27.4616203, 53.9951029], [27.4615578, 53.9951945], [27.4614375, 53.9952631], [27.4612703, 53.9953271], [27.4608947, 53.9954296], [27.4603195, 53.9955504], [27.4499156, 53.9980189], [27.4496538, 53.9980882], [27.4491951, 53.9981839], [27.4490233, 53.9981466], [27.4487982, 53.9981599], [27.4485989, 53.9981915], [27.4484028, 53.9982559], [27.4481963, 53.9982781], [27.4480684, 53.9982626], [27.4479716, 53.9981863], [27.4479668, 53.9980743], [27.4480094, 53.9979665], [27.448083, 53.9978496], [27.4482151, 53.9976524], [27.4482906, 53.9975587], [27.4483866, 53.9974775], [27.448509, 53.9974026], [27.4486408, 53.997345], [27.4487755, 53.9972875], [27.4488743, 53.9972219], [27.4489268, 53.9971551], [27.4489459, 53.9970757], [27.4489189, 53.9969803], [27.4488411, 53.9968768], [27.4487506, 53.9967811], [27.4486397, 53.9967046], [27.4485054, 53.9966376], [27.4484292, 53.9966127], [27.4483303, 53.9965841], [27.448194, 53.9965405], [27.4480729, 53.9964849], [27.4479722, 53.9964143], [27.4478198, 53.9962896], [27.4476203, 53.9961106], [27.4475374, 53.9960427], [27.4474234, 53.995984], [27.4473327, 53.9959466], [27.4472254, 53.995892], [27.4471283, 53.9958302], [27.4470473, 53.9957921], [27.4469289, 53.9957609], [27.4467941, 53.9957469], [27.4466316, 53.9957446], [27.4464414, 53.9957441], [27.446246, 53.9957336], [27.4460122, 53.9957007], [27.4457856, 53.9956449], [27.4455596, 53.9955746], [27.4452682, 53.9954539], [27.4450013, 53.995318], [27.4448782, 53.9952366], [27.4447942, 53.995153], [27.4447396, 53.9950535], [27.4446536, 53.9948507], [27.4445786, 53.9947527], [27.4444644, 53.9946798], [27.4443307, 53.9946308], [27.4440982, 53.9945777], [27.4438372, 53.9945436], [27.4435508, 53.994518], [27.4434415, 53.9945251], [27.4433439, 53.9945498], [27.4432442, 53.9945865], [27.4431468, 53.9946106], [27.4430269, 53.9946281], [27.4428614, 53.994642], [27.4427004, 53.9946718], [27.4425678, 53.9947142], [27.4424307, 53.9947818], [27.4423316, 53.9948573], [27.442201, 53.994954], [27.4420762, 53.9950305], [27.4419153, 53.995107], [27.4417486, 53.9951696], [27.4414902, 53.9952605], [27.4413958, 53.9953133], [27.4413239, 53.9953794], [27.441287, 53.9954552], [27.441237, 53.9955369], [27.4411644, 53.9956199], [27.4410866, 53.9956842], [27.4410145, 53.9957357], [27.4409365, 53.995801], [27.4408787, 53.9958756], [27.440835, 53.9959733], [27.4406761, 53.9962675], [27.4405578, 53.9964456], [27.4404056, 53.9966317], [27.4402176, 53.996826], [27.4397804, 53.9972875], [27.4396393, 53.9974135], [27.4394796, 53.9975156], [27.4393263, 53.997579], [27.4389464, 53.997704], [27.4387897, 53.9977619], [27.438642, 53.9978516], [27.4385555, 53.9979338], [27.4384965, 53.9980107], [27.4383901, 53.9981195], [27.4382712, 53.9982044], [27.4381463, 53.998276], [27.4379674, 53.9983583], [27.4374462, 53.9985651], [27.4372353, 53.9986336], [27.4370121, 53.9986926], [27.4365807, 53.9987952], [27.436353, 53.9988508], [27.4361401, 53.9989253], [27.4359218, 53.9990223], [27.4357158, 53.9991236], [27.4352297, 53.9993483], [27.4350247, 53.9994332], [27.4348164, 53.9994936], [27.4346367, 53.9995175], [27.4344484, 53.9995204], [27.4339156, 53.9994882], [27.4336554, 53.9994843], [27.4334582, 53.9995025], [27.4332813, 53.9995253], [27.4330702, 53.9995431], [27.432735, 53.9995504], [27.4324968, 53.9995459], [27.4321341, 53.999592], [27.4319356, 53.9996117], [27.4317431, 53.9996238], [27.4315527, 53.9996187], [27.4313668, 53.9996055], [27.4311907, 53.9995911], [27.4310052, 53.9995842], [27.4308271, 53.9995963], [27.4303979, 53.9996408], [27.4301456, 53.9996856], [27.4299773, 53.9997396], [27.4297906, 53.9998188], [27.4290611, 54.0001911], [27.4288445, 54.000333], [27.4286792, 54.0004357], [27.4284793, 54.000536], [27.4282216, 54.0006426], [27.4280157, 54.0007379], [27.4278702, 54.0008345], [27.4277046, 54.0009193], [27.4275098, 54.0009793], [27.4273373, 54.0009931], [27.4271881, 54.0009953], [27.4270127, 54.0010059], [27.4268255, 54.0010337], [27.4266282, 54.0010758], [27.4264462, 54.001107], [27.4262839, 54.001132], [27.4261353, 54.0011399], [27.4260449, 54.0011531], [27.425976, 54.0011834], [27.4259302, 54.0012302], [27.425912, 54.0012773], [27.4258745, 54.0013219], [27.4258169, 54.0013525], [27.4257424, 54.001375], [27.42564, 54.0013821], [27.4255469, 54.0013879], [27.4253839, 54.0014043], [27.4252349, 54.0014518], [27.4251093, 54.0014692], [27.4250358, 54.0014844], [27.4249762, 54.0014968], [27.4248451, 54.0015732], [27.4246484, 54.001717], [27.4245506, 54.0017867], [27.4244186, 54.0018194], [27.4242051, 54.0018159], [27.4240103, 54.0017866], [27.4238014, 54.0017335], [27.4237401, 54.0017079], [27.4236722, 54.0016795], [27.423597, 54.0016408], [27.4235066, 54.0015193], [27.4235714, 54.0014125], [27.4236555, 54.0012907], [27.4237166, 54.0012021], [27.4239245, 54.0010318], [27.4241979, 54.0008078], [27.4244692, 54.0005916], [27.4244857, 54.0005564], [27.4244799, 54.0005253], [27.4244695, 54.000506], [27.4244383, 54.0004783], [27.4243794, 54.0004613], [27.4243066, 54.0004691], [27.4242336, 54.0004956], [27.4234548, 54.0011448], [27.4232371, 54.0013743], [27.4230827, 54.0015192], [27.42292, 54.0016383], [27.4227317, 54.0017512], [27.4220907, 54.0021309], [27.4218957, 54.0022177], [27.4216339, 54.0023306], [27.4214481, 54.0024148], [27.4212393, 54.002499], [27.4210624, 54.0025677], [27.4208725, 54.0026313], [27.4205554, 54.0027213], [27.4203435, 54.0027712], [27.4201413, 54.00281], [27.41991, 54.0028468], [27.4196807, 54.00288], [27.4194491, 54.0029258], [27.4190438, 54.0030213], [27.4186483, 54.0030953], [27.4182587, 54.0031212], [27.4177941, 54.0031142], [27.4172797, 54.0030313], [27.4167532, 54.0029033], [27.4146848, 54.002318], [27.4139578, 54.0020955], [27.4133714, 54.0018498], [27.4129009, 54.0016848], [27.4123788, 54.0015743], [27.4119386, 54.0015208], [27.4113986, 54.0014961], [27.4109254, 54.0015283], [27.4107842, 54.0015441], [27.4106528, 54.0015504], [27.4105163, 54.00153], [27.410367, 54.0014785], [27.4098274, 54.0012914], [27.4095828, 54.0012348], [27.4093572, 54.001217], [27.4090691, 54.0012235], [27.4087893, 54.0012646], [27.4085109, 54.0013245], [27.408229, 54.0013686], [27.4078534, 54.0014139], [27.4074255, 54.0014899], [27.4070847, 54.0015793], [27.4067498, 54.0016738], [27.4053088, 54.0020421], [27.4049769, 54.0021031], [27.404675, 54.0021501], [27.4043703, 54.0021698], [27.4040006, 54.0021508], [27.40367, 54.0021104], [27.4034698, 54.0020936], [27.4031649, 54.0020957], [27.4028644, 54.0021071], [27.4025756, 54.0021031], [27.4022904, 54.0020645], [27.4019673, 54.0020481], [27.4015501, 54.0020772], [27.4004819, 54.0021833], [27.4001662, 54.0022077], [27.3998126, 54.002203], [27.3995245, 54.0021832], [27.3992132, 54.0021412], [27.39875, 54.0020527], [27.3983305, 54.0019381], [27.3979226, 54.0017988], [27.3974703, 54.0016132], [27.3970986, 54.0014231], [27.396809, 54.0012987], [27.3965297, 54.0012162], [27.3961968, 54.0011593], [27.3958687, 54.0011112], [27.3955833, 54.0010836], [27.3953188, 54.0010888], [27.395052, 54.0011213], [27.3946547, 54.0012152], [27.3939876, 54.0013885], [27.3933352, 54.0015135], [27.3925758, 54.0016228], [27.3918996, 54.0016699], [27.3911299, 54.0016816], [27.3903629, 54.0016553], [27.3894304, 54.0016033], [27.3893575, 54.0015992], [27.3882317, 54.0015199], [27.3877427, 54.0014986], [27.3873512, 54.0014765], [27.3870098, 54.001446], [27.3864009, 54.0013762], [27.3861409, 54.0013445], [27.3858363, 54.0013073], [27.3852075, 54.0012136], [27.3846887, 54.0011157], [27.3844025, 54.0010713], [27.3842904, 54.0010603], [27.3841842, 54.0010655], [27.3840956, 54.001085], [27.384024, 54.0011135], [27.3839724, 54.0011572], [27.3839495, 54.0011982], [27.3838064, 54.0011771], [27.3837713, 54.0011255], [27.3837118, 54.0010711], [27.3836182, 54.0010219], [27.383514, 54.0009882], [27.3833635, 54.0009662], [27.3831946, 54.0009358], [27.3830412, 54.0008976], [27.3828648, 54.0008441], [27.3820971, 54.0006065], [27.3816666, 54.0004797], [27.3811656, 54.0003441], [27.3808001, 54.0002703], [27.3797154, 54.0000494], [27.3793872, 53.9999828], [27.3790942, 53.9999086], [27.3788054, 53.9998197], [27.3785008, 53.9996942], [27.3781698, 53.999533], [27.3775963, 53.9992156], [27.3772685, 53.9990564], [27.3769274, 53.9989143], [27.3765671, 53.9987695], [27.3758517, 53.9984702], [27.3730748, 53.9973666], [27.3729399, 53.9973044], [27.3728218, 53.9972382], [27.3727192, 53.9971492], [27.3726477, 53.9970418], [27.3724762, 53.9967552], [27.372396, 53.99667], [27.372289, 53.9966107], [27.3721234, 53.9965603], [27.3718564, 53.9964541], [27.3717029, 53.9963716], [27.3715659, 53.9962812], [27.3714424, 53.9961771], [27.3711296, 53.9958216], [27.3709577, 53.9955941], [27.3708439, 53.9954031], [27.3707398, 53.9952045], [27.3705972, 53.9950131], [27.3703822, 53.9948357], [27.3701239, 53.9946732], [27.3698758, 53.9945196], [27.3695791, 53.9943145], [27.3691427, 53.9939383], [27.3689119, 53.9937036], [27.3686558, 53.9934838], [27.3683954, 53.9932982], [27.3680948, 53.993142], [27.3677739, 53.9930096], [27.366863, 53.9926785], [27.3664558, 53.9925224], [27.3660385, 53.9923335], [27.3654834, 53.9920842], [27.3650819, 53.991955], [27.3646265, 53.9918554], [27.3641484, 53.9917775], [27.3638019, 53.991704], [27.3635489, 53.9916316], [27.3634491, 53.9916192], [27.3633206, 53.9916188], [27.3632054, 53.9916075], [27.3630843, 53.9915751], [27.3629803, 53.9915317], [27.3628869, 53.9914879], [27.3627932, 53.9914627], [27.3626926, 53.991459], [27.3626228, 53.99148], [27.3625929, 53.9915233], [27.362606, 53.9915724], [27.3626614, 53.9916262], [27.3628728, 53.991802], [27.3629237, 53.9918655], [27.3629415, 53.991921], [27.3629247, 53.9919776], [27.3628655, 53.9920216], [27.3627776, 53.9920442], [27.3626712, 53.9920417], [27.3625589, 53.9920094], [27.3623483, 53.9919353], [27.3622341, 53.991917], [27.3620911, 53.9919122], [27.3619339, 53.9919174], [27.3613745, 53.9919642], [27.3612438, 53.992003], [27.3611335, 53.9920573], [27.3608828, 53.9922087], [27.3607798, 53.9922335], [27.3606688, 53.9922403], [27.3605499, 53.9922245], [27.3604579, 53.9921827], [27.3603965, 53.9921076], [27.3603715, 53.9920238], [27.3603869, 53.9918802], [27.3604464, 53.9917229], [27.3605397, 53.9915538], [27.3607118, 53.9913538], [27.3607912, 53.9912382], [27.3608209, 53.9911161], [27.3608257, 53.9909717], [27.3608406, 53.9905741], [27.3608311, 53.9904826], [27.3607841, 53.9903703], [27.3606892, 53.9902591], [27.3605236, 53.9901464], [27.360288, 53.9900339], [27.3600006, 53.9899452], [27.3588804, 53.9896728], [27.3581181, 53.9895231], [27.3573331, 53.9893418], [27.3539016, 53.9884259], [27.3532614, 53.9882332], [27.3527737, 53.9880557], [27.3522189, 53.9878354], [27.3517079, 53.9876317], [27.3510524, 53.9873938], [27.3505021, 53.9872073], [27.3499633, 53.9870401], [27.3495458, 53.9868758], [27.3492768, 53.9867184], [27.3489964, 53.9865114], [27.3487602, 53.9862844], [27.3485126, 53.9860936], [27.3481776, 53.9858458], [27.3479973, 53.9857143], [27.3478824, 53.9855895], [27.3478059, 53.985451], [27.347718, 53.9853204], [27.3476054, 53.9852244], [27.3474377, 53.9851291], [27.3473238, 53.9850833], [27.3471994, 53.9850733], [27.3470873, 53.9850886], [27.3470097, 53.98514], [27.3469888, 53.9852116], [27.3469973, 53.9852972], [27.3470327, 53.9856554], [27.3470105, 53.9857713], [27.3469526, 53.9858908], [27.3468779, 53.9859739], [27.3467712, 53.9860245], [27.3466508, 53.9860396], [27.346518, 53.9860169], [27.3463778, 53.9859703], [27.3459257, 53.9857764], [27.3456612, 53.9856975], [27.3453629, 53.9856369], [27.3450519, 53.9855844], [27.3448306, 53.9855393], [27.3446559, 53.985477], [27.3444863, 53.9853973], [27.344323, 53.9852907], [27.3442042, 53.9851854], [27.3441396, 53.985088], [27.3440818, 53.9850052], [27.3440249, 53.9849583], [27.3439259, 53.9849271], [27.3438225, 53.9849296], [27.3437287, 53.984968], [27.3436589, 53.9850288], [27.3435646, 53.9851841], [27.3434673, 53.985312], [27.3433475, 53.985432], [27.3432708, 53.9855075], [27.3431805, 53.985579], [27.3430651, 53.9856357], [27.3429089, 53.9856685], [27.342739, 53.9856874], [27.3425924, 53.9856925], [27.3424434, 53.9857181], [27.3422973, 53.9857625], [27.3421411, 53.9857937], [27.3419591, 53.9858166], [27.3417759, 53.9858295], [27.3415561, 53.9858295], [27.3412755, 53.9858219], [27.3409872, 53.9858307], [27.3406397, 53.985856], [27.3400261, 53.9858977], [27.3398656, 53.985924], [27.3397236, 53.9859739], [27.3396138, 53.9860297], [27.3394838, 53.98609], [27.3393073, 53.9861569], [27.3390805, 53.9862169], [27.3387743, 53.9862432], [27.3377598, 53.9863636], [27.3375118, 53.9863791], [27.3372593, 53.9863765], [27.3369774, 53.9863517], [27.3367658, 53.9863135], [27.3364231, 53.9862672], [27.3360773, 53.9862298], [27.3356662, 53.9862111], [27.3351228, 53.9862184], [27.3348505, 53.9862071], [27.3345742, 53.9861786], [27.3342481, 53.9861], [27.3339065, 53.9859975], [27.3335655, 53.9859161], [27.3332461, 53.98584], [27.3329343, 53.985798], [27.3326495, 53.9857785], [27.3323416, 53.9857839], [27.3320843, 53.9857781], [27.3318156, 53.9857396], [27.331586, 53.9856735], [27.3312678, 53.9855661], [27.3309856, 53.9854828], [27.3306765, 53.9854017], [27.3303408, 53.9852869], [27.3299796, 53.9851562], [27.3295494, 53.9849803], [27.3294617, 53.9849445], [27.3293695, 53.9849112], [27.3292485, 53.9848832], [27.3291661, 53.9848698], [27.329076, 53.9848722], [27.3290064, 53.9848816], [27.3289457, 53.9848959], [27.3287803, 53.984709], [27.3287418, 53.9846809], [27.3286756, 53.9846622], [27.328599, 53.9846594], [27.3285267, 53.9846781], [27.3283923, 53.9847367], [27.3283405, 53.9846928], [27.3281696, 53.984565], [27.3281227, 53.9845239]], [[27.3328862, 53.9587727], [27.3332041, 53.959562], [27.3332499, 53.9595787], [27.3333384, 53.9595679], [27.3334767, 53.959526], [27.3333321, 53.9591052], [27.3332814, 53.958716], [27.3333723, 53.958509], [27.3335302, 53.9583088], [27.3337811, 53.958139], [27.3340627, 53.9580076], [27.3353919, 53.9575923], [27.3353993, 53.9575168], [27.3353791, 53.9574555], [27.3353303, 53.9574405], [27.3342351, 53.9577144], [27.3337187, 53.9578869], [27.3334499, 53.9580261], [27.3331983, 53.9582171], [27.3330018, 53.9584278], [27.332898, 53.9585969], [27.3328862, 53.9587727]], [[27.3336781, 53.9588453], [27.333734, 53.9591311], [27.334069, 53.9600264], [27.33413, 53.9600366], [27.3341905, 53.960033], [27.3342489, 53.9600165], [27.3342757, 53.9599887], [27.333984, 53.9590567], [27.3339727, 53.9588326], [27.3340227, 53.9586694], [27.3341469, 53.9585095], [27.3343516, 53.9583622], [27.3348697, 53.9581216], [27.3352475, 53.9579832], [27.3354874, 53.9578877], [27.3354822, 53.957844], [27.3354554, 53.9578048], [27.3354163, 53.957771], [27.3353556, 53.9577472], [27.3347719, 53.957926], [27.3342841, 53.958116], [27.3340538, 53.9582446], [27.3338567, 53.9583951], [27.3337572, 53.9585468], [27.3337004, 53.9586774], [27.3336781, 53.9588453]], [[27.3396554, 53.9716186], [27.3396818, 53.9716878], [27.3397226, 53.9717457], [27.3397896, 53.9717751], [27.3398066, 53.9717909], [27.339785, 53.9718333], [27.3397874, 53.9719067], [27.3398594, 53.9719589], [27.3399387, 53.9719956], [27.3401163, 53.9720084], [27.3402651, 53.9719815], [27.3403817, 53.9719885], [27.3404428, 53.9719773], [27.3405148, 53.9719166], [27.340582, 53.9719053], [27.340654, 53.9718799], [27.340673, 53.9718421], [27.3406612, 53.9717754], [27.3406254, 53.9716725], [27.340594, 53.9715636], [27.3404537, 53.9714806], [27.3402673, 53.9714207], [27.3401979, 53.9714224], [27.3401043, 53.9714577], [27.3399842, 53.9714478], [27.3399388, 53.971415], [27.3399074, 53.9714097], [27.3398234, 53.9714196], [27.339749, 53.9714407], [27.3396842, 53.9714873], [27.339665, 53.9715452], [27.3396554, 53.9716186]], [[27.3412434, 53.9729575], [27.3412612, 53.9730531], [27.3413426, 53.973132], [27.3414233, 53.9731615], [27.3416221, 53.9731406], [27.3419117, 53.9732628], [27.3421173, 53.9733905], [27.3422646, 53.9735233], [27.3423652, 53.9737055], [27.34221, 53.9738322], [27.3421324, 53.9739038], [27.3421295, 53.9739754], [27.3424426, 53.9740864], [27.3426502, 53.974067], [27.3428782, 53.9740573], [27.3435782, 53.9740792], [27.343754, 53.9740619], [27.3442754, 53.9739513], [27.3444875, 53.9739471], [27.3450139, 53.9740165], [27.3451853, 53.9740199], [27.3454452, 53.973975], [27.345902, 53.9738207], [27.3460786, 53.9737159], [27.3463458, 53.9734691], [27.3464542, 53.9733872], [27.3470861, 53.9731623], [27.3479825, 53.9726611], [27.3487544, 53.9722122], [27.349159, 53.9720042], [27.349232, 53.9719391], [27.349265, 53.9718657], [27.349284, 53.9717484], [27.3492758, 53.9716306], [27.3492116, 53.9715348], [27.3490714, 53.9714456], [27.3488751, 53.9713839], [27.3486962, 53.9713317], [27.3484613, 53.971285], [27.3482495, 53.9712688], [27.3479864, 53.9712718], [27.3477404, 53.971294], [27.3475499, 53.9713296], [27.3473622, 53.9713848], [27.3471504, 53.9714419], [27.3467832, 53.9715065], [27.3464578, 53.9716029], [27.3460203, 53.9718037], [27.3457635, 53.971843], [27.3456024, 53.9718763], [27.3455347, 53.9719152], [27.3454706, 53.9719956], [27.345418, 53.972], [27.3453761, 53.9719778], [27.3453096, 53.9719865], [27.3452679, 53.9720102], [27.345259, 53.9720472], [27.3453073, 53.9720797], [27.345395, 53.9720992], [27.3454507, 53.9721622], [27.3455065, 53.9722205], [27.3455433, 53.9723024], [27.3455188, 53.9724352], [27.3454508, 53.9724791], [27.3453545, 53.9725064], [27.3452689, 53.9725431], [27.3451627, 53.972629], [27.3451534, 53.9726753], [27.3451866, 53.9727133], [27.3452999, 53.9727658], [27.3453304, 53.9728447], [27.3453113, 53.9728985], [27.345253, 53.9729256], [27.3450884, 53.9730083], [27.3449628, 53.9731035], [27.3449141, 53.9731156], [27.3448716, 53.9731114], [27.3448566, 53.973076], [27.3448894, 53.9730083], [27.3449743, 53.9729958], [27.3450168, 53.9729687], [27.3449911, 53.9729014], [27.3449867, 53.9727986], [27.3450048, 53.9726963], [27.3450528, 53.9726494], [27.345115, 53.9726149], [27.3452091, 53.9725491], [27.3452334, 53.9724928], [27.3452125, 53.972451], [27.3451085, 53.9723998], [27.3448509, 53.972333], [27.3445506, 53.9722124], [27.3439894, 53.971874], [27.3438699, 53.9718764], [27.3437589, 53.9718501], [27.3437187, 53.971803], [27.3437322, 53.9717246], [27.3437108, 53.9716909], [27.3436567, 53.9716805], [27.3434997, 53.9717195], [27.3433897, 53.9717957], [27.3433661, 53.9718828], [27.3434213, 53.9719784], [27.3434395, 53.9720756], [27.3434438, 53.9721591], [27.3433727, 53.9722493], [27.3433763, 53.972301], [27.3434179, 53.9723218], [27.3434965, 53.9723244], [27.343574, 53.9723716], [27.3435771, 53.9724963], [27.3435194, 53.9725524], [27.3433824, 53.9725712], [27.343236, 53.9725652], [27.3426001, 53.9725956], [27.3424434, 53.9726086], [27.3423593, 53.9726492], [27.3422392, 53.9726584], [27.3420412, 53.9726302], [27.3418932, 53.9726283], [27.3414834, 53.9727221], [27.3413679, 53.9727765], [27.3412717, 53.972858], [27.3412434, 53.9729575]], [[27.3993259, 53.9765368], [27.3993457, 53.9766816], [27.3994271, 53.9768144], [27.3995663, 53.9769336], [27.3997329, 53.9770287], [27.399969, 53.9771106], [27.4001914, 53.9771663], [27.4003082, 53.9771772], [27.4004068, 53.9771687], [27.4004781, 53.9771462], [27.4005044, 53.9771092], [27.4004712, 53.9770667], [27.4003915, 53.9770247], [27.4003152, 53.9769807], [27.4002378, 53.9769248], [27.4001449, 53.9768452], [27.400079, 53.9767358], [27.4000615, 53.9766287], [27.4000713, 53.9765216], [27.400084, 53.976432], [27.4000719, 53.9763504], [27.4000085, 53.9762848], [27.399916, 53.9762381], [27.3997898, 53.9762184], [27.3996362, 53.9762328], [27.3995274, 53.9762617], [27.3994223, 53.976334], [27.3993514, 53.9764404], [27.3993259, 53.9765368]], [[27.4020349, 53.9821464], [27.4020366, 53.9822241], [27.4021035, 53.9823443], [27.4021976, 53.9824866], [27.4023229, 53.9826153], [27.4025334, 53.982754], [27.4027924, 53.9828877], [27.4030074, 53.9829766], [27.4032941, 53.9830354], [27.4036133, 53.9830583], [27.4038644, 53.9830949], [27.4040812, 53.9831496], [27.4042211, 53.983218], [27.4043268, 53.9832865], [27.4045537, 53.9834207], [27.4047713, 53.9835791], [27.404948, 53.9837341], [27.4051365, 53.9838924], [27.4053406, 53.9839993], [27.4055409, 53.98407], [27.4057411, 53.9841246], [27.4060292, 53.9841698], [27.4063067, 53.9842063], [27.406524, 53.9842222], [27.4067766, 53.9842012], [27.4069587, 53.9841502], [27.407078, 53.9840808], [27.4070978, 53.984023], [27.4070467, 53.9839605], [27.4069914, 53.983905], [27.4069482, 53.9838472], [27.4069363, 53.983764], [27.4069737, 53.9836877], [27.4070347, 53.9836022], [27.4070544, 53.9835052], [27.4070093, 53.9834138], [27.4069171, 53.9833293], [27.4067675, 53.9832518], [27.4065276, 53.983142], [27.4061718, 53.982985], [27.4059988, 53.9829161], [27.4059004, 53.9828519], [27.4058579, 53.9827929], [27.4058526, 53.982728], [27.4058914, 53.9826645], [27.4059343, 53.9826028], [27.4059399, 53.9825479], [27.4059193, 53.9824844], [27.4058456, 53.9824138], [27.4057323, 53.9823626], [27.4055896, 53.9823299], [27.4052164, 53.9822474], [27.4048638, 53.9821809], [27.4045347, 53.9821509], [27.4041104, 53.9821278], [27.4037066, 53.9821067], [27.4031417, 53.9820818], [27.402856, 53.9820542], [27.4024249, 53.9819772], [27.40227, 53.9819928], [27.4021413, 53.9820227], [27.4020673, 53.9820727], [27.4020349, 53.9821464]], [[27.4076566, 53.985225], [27.407675, 53.9852871], [27.4077242, 53.9853492], [27.4077474, 53.9854373], [27.4077476, 53.9855169], [27.4077804, 53.9856078], [27.4078503, 53.9856964], [27.4079407, 53.9857547], [27.4080669, 53.9857992], [27.4081863, 53.985827], [27.4083092, 53.9858589], [27.4084064, 53.9859026], [27.4085202, 53.9859997], [27.4086778, 53.9861177], [27.4088386, 53.986227], [27.4090268, 53.9863161], [27.4092117, 53.9863778], [27.4094028, 53.9864162], [27.4095472, 53.9864429], [27.4096745, 53.9864676], [27.4098306, 53.9865065], [27.4099062, 53.986543], [27.4100103, 53.9865637], [27.4102042, 53.9865595], [27.410443, 53.9865238], [27.4105889, 53.9864823], [27.4107161, 53.9864253], [27.410806, 53.9863557], [27.4109028, 53.9862882], [27.4110435, 53.9862136], [27.4111295, 53.9861532], [27.4111604, 53.9860925], [27.4111222, 53.98604], [27.4110491, 53.985995], [27.4109452, 53.9859601], [27.4108125, 53.9859385], [27.4105208, 53.9859279], [27.4100549, 53.9859012], [27.4097265, 53.9858473], [27.4094015, 53.9857552], [27.4090851, 53.985613], [27.4087043, 53.9853585], [27.4083988, 53.9850945], [27.4083104, 53.9850394], [27.4082014, 53.9850164], [27.4080587, 53.9850107], [27.4078903, 53.9850245], [27.4077663, 53.9850644], [27.4076825, 53.9851403], [27.4076566, 53.985225]], [[27.4119641, 53.9784243], [27.4119747, 53.9784914], [27.4120095, 53.9785332], [27.4121062, 53.9785689], [27.4122457, 53.9785858], [27.4124249, 53.9785842], [27.4126245, 53.9785525], [27.412991, 53.9784416], [27.4133165, 53.9783287], [27.4136168, 53.9782115], [27.4139821, 53.9780517], [27.4142796, 53.977921], [27.4143865, 53.9778479], [27.414443, 53.9777723], [27.4144415, 53.9777006], [27.4143828, 53.9776248], [27.4141668, 53.9774907], [27.4139234, 53.9773746], [27.4136936, 53.9772926], [27.4135581, 53.9772802], [27.4133884, 53.9772858], [27.4132493, 53.9773158], [27.4131456, 53.9773709], [27.4130761, 53.9774382], [27.4130158, 53.9775197], [27.4129856, 53.9776067], [27.4129739, 53.9777185], [27.4129203, 53.9777965], [27.4128165, 53.9778627], [27.4126547, 53.9779188], [27.4124922, 53.9779872], [27.4124118, 53.9780475], [27.4123261, 53.9781441], [27.4121903, 53.9782493], [27.4120306, 53.9783546], [27.4119641, 53.9784243]], [[27.4143682, 53.9812164], [27.4143772, 53.981278], [27.4144334, 53.9813261], [27.4145034, 53.9813662], [27.41532, 53.9816594], [27.4154836, 53.9817354], [27.4155829, 53.981841], [27.4156114, 53.9819237], [27.4156023, 53.9820085], [27.4155746, 53.9820895], [27.4155651, 53.9821553], [27.4155855, 53.9822176], [27.4156475, 53.9822631], [27.4157424, 53.9822963], [27.4158436, 53.9823097], [27.4159806, 53.9823054], [27.4161202, 53.9822905], [27.4164824, 53.9822394], [27.4166697, 53.9822046], [27.4168737, 53.9821498], [27.4172203, 53.9820431], [27.4173357, 53.9820005], [27.4174214, 53.9819517], [27.4174686, 53.9818968], [27.417459, 53.9818391], [27.4173898, 53.9818005], [27.4172792, 53.9817832], [27.4171409, 53.9817821], [27.4165846, 53.9818195], [27.4164231, 53.9818226], [27.4162918, 53.9818037], [27.416198, 53.9817479], [27.4161683, 53.9816757], [27.416162, 53.9816004], [27.4161153, 53.9815258], [27.4160013, 53.9814725], [27.4158723, 53.9814438], [27.4156838, 53.9814272], [27.4155192, 53.9814165], [27.4153746, 53.9813873], [27.4147345, 53.9811694], [27.4146174, 53.9811363], [27.4145062, 53.9811306], [27.4144115, 53.9811614], [27.4143682, 53.9812164]], [[27.4342882, 53.9917225], [27.4343229, 53.9917683], [27.4343454, 53.9918401], [27.4343152, 53.9919372], [27.4343668, 53.991931], [27.4343946, 53.9919481], [27.4343924, 53.9919733], [27.4344666, 53.9919987], [27.4344519, 53.9920192], [27.4344106, 53.9920215], [27.434384, 53.9920401], [27.4344084, 53.9920813], [27.4344267, 53.9921404], [27.4344976, 53.9921567], [27.4345482, 53.9921826], [27.4346122, 53.9921912], [27.4347085, 53.9921807], [27.4346718, 53.99222], [27.4346251, 53.9922243], [27.4345906, 53.9922285], [27.4345656, 53.9922668], [27.4345703, 53.9923183], [27.4345831, 53.9923675], [27.4346705, 53.9923909], [27.4346068, 53.9924541], [27.4346259, 53.9924912], [27.434741, 53.9925118], [27.4348235, 53.9925229], [27.4348332, 53.9925731], [27.4347516, 53.9927354], [27.4346699, 53.992786], [27.4346166, 53.9928366], [27.4345204, 53.9927965], [27.4343807, 53.9927756], [27.4343744, 53.9928392], [27.4344287, 53.9928909], [27.4345798, 53.9929329], [27.4346245, 53.9929453], [27.4347272, 53.9929272], [27.4347966, 53.9929045], [27.4348378, 53.9928842], [27.4348285, 53.9928506], [27.4348314, 53.9928122], [27.4348452, 53.9927557], [27.434885, 53.9926736], [27.4349572, 53.992623], [27.4350644, 53.9926655], [27.4351513, 53.9926414], [27.4351809, 53.9925891], [27.4352657, 53.9925695], [27.4352898, 53.9925238], [27.4352457, 53.992491], [27.4352663, 53.9924534], [27.4353479, 53.9924377], [27.4353049, 53.9923968], [27.4353726, 53.9923079], [27.4354717, 53.9922608], [27.4354542, 53.992194], [27.4355136, 53.9921273], [27.435505, 53.9920128], [27.4355057, 53.9919463], [27.4355065, 53.9918579], [27.4354757, 53.9918219], [27.4354169, 53.9917845], [27.4353622, 53.9918065], [27.4353358, 53.9917608], [27.4353498, 53.9917031], [27.4352516, 53.9916586], [27.4351332, 53.9916164], [27.4351229, 53.9915749], [27.4349786, 53.9915404], [27.434992, 53.9915201], [27.4348167, 53.9914689], [27.4344829, 53.991465], [27.4344281, 53.991479], [27.4344511, 53.9915702], [27.4344498, 53.9916591], [27.4343953, 53.9917282], [27.4343377, 53.9916998], [27.4342882, 53.9917225]], [[27.4507648, 53.9897503], [27.4507902, 53.9898933], [27.4509029, 53.9899411], [27.4510611, 53.9899458], [27.4511148, 53.9899868], [27.4512274, 53.9899884], [27.451332, 53.9898575], [27.4512811, 53.9898055], [27.4511604, 53.9898244], [27.4510665, 53.9897518], [27.4509565, 53.9897408], [27.4508975, 53.9897566], [27.4508251, 53.9897108], [27.4507648, 53.9897503]], [[27.452105, 53.9911804], [27.4521169, 53.9913624], [27.4521782, 53.9914922], [27.4522663, 53.9916015], [27.4524603, 53.9917145], [27.4526602, 53.9917566], [27.4526815, 53.9919381], [27.4526979, 53.992163], [27.4527335, 53.9922666], [27.4529619, 53.9924303], [27.4531566, 53.9925087], [27.4539968, 53.9926472], [27.4554399, 53.9927286], [27.4556096, 53.9927039], [27.4557962, 53.9926108], [27.455961, 53.992569], [27.4566225, 53.9924909], [27.4567, 53.9924517], [27.4567285, 53.9924214], [27.456714, 53.9923847], [27.4566593, 53.9923593], [27.4565141, 53.9923666], [27.4564272, 53.9923407], [27.4563724, 53.9923001], [27.456355, 53.9922363], [27.4564031, 53.9921621], [27.4565364, 53.9920327], [27.4565259, 53.9919772], [27.4564202, 53.9919213], [27.4561121, 53.9918692], [27.455849, 53.991784], [27.4556396, 53.9916883], [27.4555016, 53.9915812], [27.4553885, 53.9915224], [27.4552419, 53.9915143], [27.4551543, 53.9915093], [27.4550998, 53.9914916], [27.4550722, 53.9914434], [27.4549459, 53.9913703], [27.4546858, 53.9912972], [27.4545579, 53.9912737], [27.4544364, 53.9912822], [27.454371, 53.9912655], [27.4543056, 53.991211], [27.4542404, 53.9911603], [27.4541316, 53.991106], [27.4539825, 53.9910632], [27.4538838, 53.9910642], [27.4538162, 53.9910624], [27.4537687, 53.991047], [27.453596, 53.9909581], [27.4534233, 53.9908886], [27.4533342, 53.9908766], [27.4531828, 53.9908939], [27.4528613, 53.9909139], [27.452407, 53.9909783], [27.4523029, 53.9910011], [27.4521864, 53.9910606], [27.452105, 53.9911804]]]}}, {"type": "Feature", "properties": {"place_id": 172215530, "osm_type": "relation", "osm_id": 8433815, "place_rank": 24, "category": "leisure", "type": "park", "importance": 0.08007699473563741, "addresstype": "park", "name": "Лошыцкі парк", "display_name": "Лошыцкі парк, Ленінскі раён, Мінск, Беларусь", "query": "Лошицкий парк"}, "bbox": [27.571806, 53.8494081, 27.5905878, 53.860286], "geometry": {"type": "MultiPolygon", "coordinates": [[[[27.571806, 53.8519279], [27.5718382, 53.8519268], [27.5718785, 53.85193], [27.5719169, 53.8519396], [27.5719479, 53.8519538], [27.5719741, 53.8519733], [27.5719966, 53.8519969], [27.5720111, 53.8520271], [27.5720786, 53.8521856], [27.5721141, 53.8522475], [27.5721549, 53.852301], [27.5722022, 53.8523488], [27.5722739, 53.8523854], [27.5723516, 53.8524108], [27.572441, 53.8524303], [27.5726164, 53.8524517], [27.5726993, 53.8524551], [27.5727854, 53.8524511], [27.5728741, 53.8524391], [27.5729694, 53.8524162], [27.5731094, 53.8523751], [27.573322, 53.8523116], [27.5733983, 53.8522841], [27.5734658, 53.8522545], [27.5735191, 53.8522243], [27.5735537, 53.8521991], [27.5735816, 53.8521741], [27.5736085, 53.8521498], [27.5736357, 53.8521269], [27.5736646, 53.8521068], [27.573703, 53.852088], [27.5737441, 53.8520734], [27.5737937, 53.8520617], [27.5738434, 53.8520524], [27.5738802, 53.8520477], [27.573921, 53.8520467], [27.5739611, 53.8520503], [27.5739944, 53.8520558], [27.5740236, 53.8520655], [27.5740521, 53.8520742], [27.5740895, 53.8520791], [27.5741342, 53.8520794], [27.574186, 53.8520738], [27.5742294, 53.8520648], [27.5742749, 53.8520533], [27.5745719, 53.8519761], [27.5746208, 53.8519619], [27.5746629, 53.8519469], [27.5747008, 53.8519286], [27.5747355, 53.851907], [27.5747725, 53.8518818], [27.5748012, 53.8518653], [27.5748383, 53.8518486], [27.574884, 53.8518321], [27.5749367, 53.8518169], [27.5749981, 53.8517994], [27.5750972, 53.8517685], [27.5752252, 53.8517236], [27.575317, 53.8516889], [27.5753938, 53.8516567], [27.5754776, 53.8516179], [27.5755464, 53.8515798], [27.575612, 53.851536], [27.5758434, 53.8513483], [27.5759129, 53.8512982], [27.575996, 53.8512429], [27.5760898, 53.8511867], [27.57619, 53.8511401], [27.5763921, 53.851061], [27.5765892, 53.8509841], [27.5767998, 53.8508915], [27.5770263, 53.850779], [27.5772399, 53.850669], [27.5772966, 53.8506384], [27.5773437, 53.8506084], [27.577389, 53.850576], [27.5774243, 53.8505401], [27.5774465, 53.850503], [27.5774554, 53.8504656], [27.5774499, 53.8504273], [27.5774296, 53.8503896], [27.5773868, 53.850343], [27.5773309, 53.8502976], [27.57707, 53.8500925], [27.5770522, 53.8500744], [27.5770482, 53.8500551], [27.5770586, 53.8500367], [27.5770603, 53.8500242], [27.5771414, 53.8499915], [27.57721, 53.8499639], [27.5772999, 53.8499205], [27.5774254, 53.8498701], [27.5781716, 53.8495901], [27.5782335, 53.8495707], [27.5782943, 53.849561], [27.5783576, 53.8495637], [27.5784058, 53.849577], [27.57844, 53.8495958], [27.5784548, 53.8496183], [27.5784406, 53.8496454], [27.5784123, 53.8496643], [27.5783705, 53.8496847], [27.5783417, 53.8497048], [27.5783315, 53.8497264], [27.578337, 53.8497504], [27.5783547, 53.8497689], [27.5783828, 53.8497804], [27.5784251, 53.8497867], [27.5785012, 53.8497882], [27.5785722, 53.8497883], [27.578635, 53.8497952], [27.5787069, 53.849809], [27.5787784, 53.8498285], [27.5790247, 53.8499194], [27.5791051, 53.8499484], [27.5791716, 53.8499687], [27.5792356, 53.8499804], [27.579307, 53.8499857], [27.5794749, 53.8499921], [27.5795517, 53.849993], [27.5796281, 53.8499887], [27.5796924, 53.8499757], [27.5797675, 53.8499592], [27.579842, 53.8499473], [27.5799285, 53.8499441], [27.5799996, 53.8499472], [27.5800637, 53.8499553], [27.580117, 53.8499698], [27.5801585, 53.8500029], [27.5801839, 53.8500424], [27.5801972, 53.8500817], [27.580233, 53.8502313], [27.5802674, 53.8503586], [27.5803056, 53.8504714], [27.580398, 53.8506982], [27.5804457, 53.8508058], [27.5804841, 53.850907], [27.580542, 53.8510682], [27.5805935, 53.8512025], [27.5806182, 53.8512593], [27.5806563, 53.8513224], [27.5806982, 53.8513792], [27.580744, 53.8514353], [27.5807926, 53.851493], [27.580841, 53.8515322], [27.5808948, 53.851565], [27.5809543, 53.8515926], [27.581021, 53.8516192], [27.5812333, 53.8516873], [27.581371, 53.8517296], [27.5814445, 53.8517556], [27.5815158, 53.8517869], [27.5816602, 53.8518615], [27.5817555, 53.8519092], [27.5818207, 53.8519364], [27.5818906, 53.851959], [27.5819571, 53.8519741], [27.5820186, 53.8519832], [27.5820789, 53.8519876], [27.5821482, 53.8519881], [27.5822074, 53.8519884], [27.5822607, 53.8519952], [27.5823071, 53.8520061], [27.5824463, 53.8520419], [27.5825131, 53.8520542], [27.5825684, 53.8520616], [27.5826161, 53.8520614], [27.5826601, 53.8520553], [27.5826898, 53.8520405], [27.5827018, 53.852022], [27.5827009, 53.8519924], [27.5827088, 53.8519706], [27.582733, 53.8519516], [27.5827651, 53.8519452], [27.5828012, 53.851949], [27.5828292, 53.8519606], [27.5828736, 53.8519876], [27.5831551, 53.8521732], [27.5832262, 53.8522188], [27.5833066, 53.8522637], [27.5833904, 53.8522991], [27.5834725, 53.852324], [27.5836261, 53.8523655], [27.5838248, 53.8524169], [27.584013, 53.8524756], [27.5842807, 53.8525648], [27.5843592, 53.8525851], [27.5844406, 53.8525956], [27.5845237, 53.8525947], [27.5846193, 53.8525929], [27.5847325, 53.8525934], [27.5848458, 53.8525987], [27.585017, 53.8526169], [27.5854129, 53.8526811], [27.5854756, 53.8526946], [27.5855233, 53.8527111], [27.5855619, 53.8527485], [27.5855896, 53.8527876], [27.5856061, 53.8528263], [27.5856323, 53.8528501], [27.5856808, 53.8528655], [27.5857389, 53.8528715], [27.5858482, 53.8528666], [27.5859392, 53.8528632], [27.5860115, 53.8528688], [27.5860747, 53.8528821], [27.5861338, 53.8529005], [27.5861849, 53.8529038], [27.5862339, 53.8528916], [27.5862613, 53.8528714], [27.586277, 53.8528455], [27.586266, 53.8528168], [27.5862156, 53.8527781], [27.5861537, 53.8527488], [27.5860867, 53.8527341], [27.5860057, 53.8527318], [27.5859216, 53.8527376], [27.5857959, 53.8527491], [27.5857037, 53.8527492], [27.585648, 53.8527409], [27.5856015, 53.8527242], [27.5855696, 53.8527004], [27.5855506, 53.8526672], [27.5855532, 53.8526345], [27.5855797, 53.8526125], [27.5856392, 53.8525946], [27.5857347, 53.852589], [27.5858533, 53.8525896], [27.5859489, 53.8526004], [27.5860507, 53.8526274], [27.5861323, 53.852669], [27.5862191, 53.8527235], [27.5863059, 53.8527852], [27.5863983, 53.852851], [27.5865175, 53.8529137], [27.5866631, 53.8529705], [27.586812, 53.8530169], [27.586969, 53.8530605], [27.5871019, 53.8530924], [27.5872368, 53.8531208], [27.5873157, 53.8531367], [27.5873822, 53.853159], [27.5874608, 53.8531932], [27.5875314, 53.853211], [27.58761, 53.8532203], [27.5877348, 53.853227], [27.5878867, 53.8532332], [27.5880402, 53.8532432], [27.5881846, 53.8532633], [27.5884218, 53.8532992], [27.5890014, 53.8533875], [27.5893949, 53.8534454], [27.58964, 53.853474], [27.5898535, 53.8534947], [27.5900238, 53.8535245], [27.5901854, 53.8535715], [27.5903039, 53.8536276], [27.5904074, 53.8536907], [27.5905047, 53.8537719], [27.5905577, 53.8538543], [27.590583, 53.8539404], [27.5905878, 53.8540289], [27.5905353, 53.8543004], [27.5904592, 53.8546837], [27.590414, 53.8548417], [27.5903618, 53.8549896], [27.59031, 53.8551296], [27.5902389, 53.8552592], [27.5901624, 53.855392], [27.589978, 53.8556672], [27.5898669, 53.8558331], [27.5898102, 53.8559346], [27.589772, 53.8560193], [27.5897521, 53.8560872], [27.5897464, 53.8561336], [27.5897499, 53.8561782], [27.5897601, 53.8562238], [27.5897835, 53.8562687], [27.5898103, 53.8563076], [27.5898342, 53.8563386], [27.5898582, 53.8563618], [27.5898721, 53.8563801], [27.5898784, 53.8563962], [27.5898738, 53.8564119], [27.5898608, 53.8564247], [27.5898418, 53.8564334], [27.5898155, 53.8564366], [27.5897823, 53.8564376], [27.5897499, 53.8564411], [27.5897228, 53.8564505], [27.5897012, 53.8564639], [27.5896886, 53.8564807], [27.5896821, 53.8564979], [27.5896812, 53.8565168], [27.5896841, 53.8565301], [27.5896915, 53.8565395], [27.5897048, 53.8565447], [27.5897205, 53.856546], [27.5897358, 53.8565419], [27.5897489, 53.8565334], [27.5897677, 53.8565238], [27.5897912, 53.8565177], [27.5898215, 53.8565171], [27.5898519, 53.8565208], [27.5898758, 53.8565272], [27.5898942, 53.8565335], [27.589915, 53.856538], [27.5899427, 53.8565395], [27.5899658, 53.8565408], [27.589985, 53.8565454], [27.5899994, 53.8565542], [27.5900146, 53.8565802], [27.5900336, 53.856637], [27.590043, 53.8566947], [27.590047, 53.856762], [27.5900407, 53.8568248], [27.5900238, 53.8568829], [27.5899871, 53.856939], [27.5899318, 53.856987], [27.5898564, 53.857031], [27.5897673, 53.8570685], [27.589657, 53.8571073], [27.5895386, 53.8571381], [27.5893928, 53.8571648], [27.5892444, 53.8571821], [27.5890631, 53.8571917], [27.5888819, 53.8571949], [27.58842, 53.8571926], [27.5881199, 53.8571884], [27.5878761, 53.8571795], [27.5876559, 53.857163], [27.587476, 53.8571457], [27.5872741, 53.8571209], [27.5870467, 53.8570874], [27.5868729, 53.8570695], [27.5866977, 53.8570573], [27.5865015, 53.8570495], [27.5863309, 53.8570477], [27.5861632, 53.8570517], [27.5859849, 53.8570625], [27.5857476, 53.8570722], [27.5855974, 53.8570732], [27.5854683, 53.857068], [27.5853385, 53.8570521], [27.5852166, 53.8570299], [27.5851189, 53.8570002], [27.5850318, 53.8569663], [27.584945, 53.8569241], [27.5848675, 53.8568763], [27.5848019, 53.8568241], [27.5847445, 53.8567697], [27.5846321, 53.8566633], [27.5845535, 53.8565907], [27.58447, 53.8565149], [27.5843159, 53.8563845], [27.5842739, 53.8563478], [27.5842226, 53.8563115], [27.5840355, 53.8562011], [27.5839755, 53.8561685], [27.5839094, 53.856139], [27.5838331, 53.8561132], [27.5836387, 53.8560573], [27.5835398, 53.8560322], [27.5834502, 53.8560139], [27.583355, 53.8560009], [27.5831495, 53.8559802], [27.5830563, 53.8559674], [27.5829726, 53.8559484], [27.5828774, 53.8559242], [27.5828059, 53.8559076], [27.5827274, 53.8558945], [27.5826382, 53.8558861], [27.5824713, 53.8558761], [27.5823281, 53.8558673], [27.5822559, 53.8558544], [27.5821953, 53.8558346], [27.5821359, 53.8558093], [27.5820469, 53.85578], [27.5819357, 53.8557576], [27.5818204, 53.855745], [27.5817017, 53.8557406], [27.5815855, 53.8557419], [27.5814712, 53.8557412], [27.5813686, 53.8557366], [27.5812756, 53.8557292], [27.5811839, 53.8557243], [27.5810983, 53.8557285], [27.5810175, 53.8557437], [27.5809538, 53.8557659], [27.5809024, 53.8557972], [27.5808673, 53.8558326], [27.5808352, 53.8558808], [27.5808122, 53.8559109], [27.5807905, 53.855934], [27.5807547, 53.8559557], [27.5807028, 53.8559784], [27.5806397, 53.8559989], [27.5805813, 53.8560204], [27.5805315, 53.8560451], [27.5804863, 53.8560798], [27.5804514, 53.8561182], [27.5803082, 53.8563038], [27.5802652, 53.8563649], [27.5802204, 53.8564455], [27.5801861, 53.8565317], [27.5801523, 53.8566165], [27.5801339, 53.8566995], [27.5801249, 53.8567836], [27.5801239, 53.8568567], [27.5801368, 53.856938], [27.5801595, 53.857017], [27.5801875, 53.8570861], [27.5802263, 53.8571471], [27.5802824, 53.8572091], [27.580376, 53.8573017], [27.5804095, 53.8573271], [27.5804456, 53.8573452], [27.5804856, 53.8573577], [27.5805595, 53.8573674], [27.5806249, 53.8573709], [27.5806773, 53.85738], [27.580725, 53.8573955], [27.5808051, 53.8574119], [27.5811151, 53.8574661], [27.5815207, 53.8575401], [27.5816162, 53.8575929], [27.5817875, 53.8576162], [27.5819168, 53.8576037], [27.5820057, 53.8576179], [27.5820776, 53.8576347], [27.5821891, 53.8576626], [27.5822682, 53.8576794], [27.5823459, 53.8576844], [27.5824268, 53.857683], [27.5824893, 53.8576843], [27.5825526, 53.8576905], [27.5826545, 53.857703], [27.5827467, 53.8577107], [27.5830546, 53.8577275], [27.5831479, 53.8577324], [27.5832443, 53.8577401], [27.5833296, 53.8577496], [27.5834318, 53.8577691], [27.5835896, 53.8577945], [27.5841627, 53.8578735], [27.5842284, 53.8578856], [27.5842802, 53.8579008], [27.5843227, 53.857921], [27.5843629, 53.8579496], [27.5843966, 53.8579833], [27.5844439, 53.85804], [27.5844953, 53.8581005], [27.5845543, 53.8581549], [27.5846222, 53.8582029], [27.5847083, 53.8582552], [27.5850979, 53.8584926], [27.5852045, 53.8585539], [27.5852992, 53.8586119], [27.5853887, 53.8586751], [27.5854832, 53.8587609], [27.5856, 53.8588781], [27.5856325, 53.8589146], [27.5856579, 53.8589532], [27.5856733, 53.858993], [27.5856758, 53.8590327], [27.5856757, 53.8590667], [27.5856845, 53.8590965], [27.5857338, 53.8591582], [27.5857582, 53.8592068], [27.585772, 53.8592491], [27.5857712, 53.8593099], [27.5857418, 53.859387], [27.5856947, 53.85946], [27.5856226, 53.8595402], [27.5855203, 53.8596142], [27.5854079, 53.8596728], [27.5852778, 53.859721], [27.5851408, 53.8597587], [27.5850091, 53.8597808], [27.5847381, 53.8598032], [27.5845644, 53.8598204], [27.5844204, 53.8598405], [27.5842852, 53.8598658], [27.5841503, 53.8598941], [27.5840171, 53.8599328], [27.583883, 53.8599759], [27.5834129, 53.8601273], [27.5831988, 53.8601959], [27.5830336, 53.8602421], [27.5829515, 53.8602597], [27.5828805, 53.8602668], [27.5825807, 53.8602683], [27.5824647, 53.8602714], [27.5822622, 53.8602485], [27.5819442, 53.8602226], [27.5814803, 53.8602092], [27.5814392, 53.8602087], [27.5807396, 53.8602404], [27.5799286, 53.860286], [27.5774638, 53.8601136], [27.5768872, 53.8600675], [27.576036, 53.8599957], [27.5754325, 53.8599457], [27.5746646, 53.8598893], [27.5735407, 53.8598001], [27.5729431, 53.8597685], [27.5729556, 53.8596521], [27.5729833, 53.8596254], [27.5729646, 53.8596171], [27.5729446, 53.859604], [27.5729045, 53.8595768], [27.5728745, 53.8595898], [27.5726456, 53.8595731], [27.5727475, 53.8591706], [27.5728665, 53.8586297], [27.5729596, 53.8582241], [27.5730793, 53.8574759], [27.5730778, 53.8572197], [27.572833, 53.8557547], [27.5727535, 53.8553596], [27.5727604, 53.8552684], [27.5727165, 53.8552399], [27.5725538, 53.8551362], [27.5724142, 53.8547346], [27.5718976, 53.8521554], [27.571845, 53.8519989], [27.571806, 53.8519279]]], [[[27.5786235, 53.8495407], [27.5786241, 53.8495131], [27.5786375, 53.8494902], [27.5786646, 53.8494685], [27.578706, 53.8494503], [27.5787682, 53.8494331], [27.5788589, 53.849417], [27.5789648, 53.8494081], [27.5790616, 53.84941], [27.5791675, 53.8494238], [27.5792547, 53.8494487], [27.5793328, 53.8494801], [27.5794057, 53.8495147], [27.5794735, 53.8495523], [27.5795665, 53.8496071], [27.5796481, 53.8496486], [27.579727, 53.8496802], [27.5798013, 53.8497018], [27.5798721, 53.8497173], [27.5799476, 53.8497246], [27.5800126, 53.8497256], [27.5800671, 53.8497245], [27.5801219, 53.8497261], [27.5801671, 53.8497361], [27.5801965, 53.8497529], [27.5802106, 53.8497733], [27.5802135, 53.8497962], [27.5801946, 53.8498203], [27.580165, 53.8498373], [27.5801245, 53.8498516], [27.5800853, 53.8498566], [27.5800278, 53.8498539], [27.5799297, 53.8498479], [27.5798316, 53.8498442], [27.5797381, 53.8498418], [27.5793907, 53.8498427], [27.5792862, 53.8498412], [27.5792031, 53.8498358], [27.5791244, 53.8498263], [27.5790511, 53.8498103], [27.5789858, 53.8497913], [27.5789231, 53.8497668], [27.5788694, 53.8497404], [27.5788048, 53.8496998], [27.5787326, 53.8496484], [27.578663, 53.8495958], [27.5786382, 53.8495683], [27.5786235, 53.8495407]]], [[[27.5802684, 53.8568949], [27.5802723, 53.8568557], [27.5802796, 53.8568117], [27.5802966, 53.8567786], [27.5803314, 53.8567357], [27.5803739, 53.8566943], [27.5804153, 53.8566501], [27.5804455, 53.8566035], [27.58047, 53.8565499], [27.5804752, 53.8565252], [27.5804675, 53.8565004], [27.5804555, 53.8564724], [27.5804484, 53.8564481], [27.5804442, 53.8564194], [27.5804532, 53.8563878], [27.5804832, 53.8563446], [27.5805126, 53.8563125], [27.5805478, 53.856286], [27.5805971, 53.8562618], [27.5806603, 53.8562318], [27.5807071, 53.8562031], [27.5807428, 53.8561748], [27.580908, 53.8560221], [27.580961, 53.8559796], [27.581015, 53.8559449], [27.5810877, 53.8559088], [27.5811699, 53.8558857], [27.5812625, 53.8558743], [27.581355, 53.8558736], [27.5814533, 53.8558798], [27.5815413, 53.8558928], [27.5816199, 53.8559092], [27.5816891, 53.8559316], [27.5817606, 53.8559548], [27.5818345, 53.8559741], [27.5819169, 53.8559872], [27.5820312, 53.8559993], [27.5827721, 53.8560668], [27.5828977, 53.8560824], [27.5830107, 53.8561018], [27.5834725, 53.8561952], [27.583599, 53.8562252], [27.5836954, 53.8562562], [27.5837914, 53.8562965], [27.5838743, 53.8563369], [27.5839421, 53.8563775], [27.5840098, 53.8564236], [27.5840664, 53.8564566], [27.5841132, 53.8564805], [27.5841607, 53.8565019], [27.584201, 53.8565203], [27.5842337, 53.8565368], [27.5842601, 53.856557], [27.5842744, 53.856573], [27.584279, 53.8565909], [27.5842746, 53.856608], [27.5842646, 53.8566234], [27.584252, 53.856643], [27.5842503, 53.8566619], [27.5842595, 53.8566818], [27.5842803, 53.8567], [27.5843161, 53.8567267], [27.5843363, 53.8567338], [27.5843616, 53.8567358], [27.5843902, 53.8567326], [27.5844275, 53.8567268], [27.5844457, 53.856726], [27.5844645, 53.856729], [27.5844819, 53.8567384], [27.5844947, 53.8567524], [27.5845113, 53.8567841], [27.5845129, 53.8568015], [27.5845083, 53.8568146], [27.5844974, 53.8568247], [27.5844905, 53.8568372], [27.5844958, 53.8568502], [27.5845119, 53.8568674], [27.5845266, 53.8568776], [27.584546, 53.856885], [27.5845722, 53.8568889], [27.5846072, 53.8568944], [27.58463, 53.8569], [27.5846512, 53.8569099], [27.5846687, 53.8569246], [27.584709, 53.8569676], [27.5847338, 53.8569871], [27.5847613, 53.8570023], [27.5847877, 53.8570195], [27.5848053, 53.8570361], [27.5848178, 53.8570556], [27.5848234, 53.8570753], [27.5848376, 53.8570949], [27.5848648, 53.8571093], [27.5849011, 53.8571185], [27.5849576, 53.8571289], [27.5849989, 53.8571392], [27.585041, 53.8571534], [27.5850782, 53.8571657], [27.5851207, 53.8571748], [27.585166, 53.8571807], [27.5852108, 53.8571843], [27.5852817, 53.8571857], [27.5853059, 53.8571875], [27.5853291, 53.8571917], [27.5853453, 53.8572012], [27.5853499, 53.8572147], [27.585345, 53.8572308], [27.5853279, 53.8572439], [27.5853046, 53.857254], [27.5849276, 53.8573806], [27.5848441, 53.8574144], [27.5847777, 53.8574461], [27.5847237, 53.8574805], [27.5846589, 53.8575275], [27.5846, 53.8575725], [27.5844926, 53.8576645], [27.5844255, 53.8577151], [27.5843381, 53.857756], [27.5842284, 53.857776], [27.5841247, 53.8577757], [27.5840191, 53.8577653], [27.5833961, 53.8576795], [27.583264, 53.857662], [27.5831319, 53.8576486], [27.5829457, 53.85763], [27.5825707, 53.8575886], [27.5823543, 53.857561], [27.5821729, 53.8575296], [27.5820065, 53.8574936], [27.5818206, 53.8574559], [27.5816668, 53.8574307], [27.5815269, 53.8574111], [27.5813911, 53.8573961], [27.5812471, 53.8573787], [27.5810962, 53.8573578], [27.5809522, 53.8573348], [27.5808044, 53.8573059], [27.5806786, 53.8572748], [27.5806006, 53.8572524], [27.5805428, 53.8572267], [27.5805108, 53.8572024], [27.5805025, 53.8571853], [27.5805125, 53.8571656], [27.580535, 53.8571544], [27.5805649, 53.8571482], [27.5805916, 53.8571381], [27.5806065, 53.8571198], [27.5806077, 53.8570948], [27.5805928, 53.8570709], [27.5805643, 53.8570528], [27.5805218, 53.8570402], [27.5804694, 53.8570352], [27.5804176, 53.8570334], [27.5803739, 53.8570267], [27.5803339, 53.8570125], [27.5803023, 53.8569919], [27.5802801, 53.8569661], [27.580269, 53.8569343], [27.5802684, 53.8568949]]]]}}, {"type": "Feature", "properties": {"place_id": 170144605, "osm_type": "relation", "osm_id": 222265, "place_rank": 25, "category": "leisure", "type": "garden", "importance": 0.3523323513289129, "addresstype": "garden", "name": "Батанічны сад", "display_name": "Батанічны сад, Першамайскі раён, Мінск, Беларусь", "query": "Ботанический сад Минск"}, "bbox": [27.6039882, 53.9087117, 27.6229676, 53.9213324], "geometry": {"type": "Polygon", "coordinates": [[[27.6039882, 53.9167492], [27.6041024, 53.9152029], [27.6062578, 53.9134165], [27.608005, 53.9119558], [27.6091516, 53.9109983], [27.6091902, 53.9109642], [27.6102838, 53.9100492], [27.6110468, 53.9094108], [27.6118162, 53.9087332], [27.6124394, 53.9087147], [27.6146345, 53.9087117], [27.6199446, 53.9111065], [27.6229676, 53.9124511], [27.6204606, 53.9147456], [27.6187692, 53.9163347], [27.6176622, 53.9172791], [27.6170882, 53.9177687], [27.6165089, 53.9183342], [27.6144374, 53.9178092], [27.6140524, 53.9183184], [27.6117735, 53.9213324], [27.6097145, 53.9212023], [27.6096333, 53.9211824], [27.6092775, 53.9210956], [27.6110031, 53.9184495], [27.6102837, 53.9182762], [27.6051608, 53.9169636], [27.6044541, 53.9167825], [27.6043672, 53.9167609], [27.6043219, 53.9168239], [27.6042006, 53.9167967], [27.6041725, 53.9167913], [27.6041565, 53.9167877], [27.6040889, 53.9167724], [27.6039882, 53.9167492]]]}}, {"type": "Feature", "properties": {"place_id": 171264792, "osm_type": "way", "osm_id": 60360233, "place_rank": 20, "category": "water", "type": "reservoir", "importance": 0.244781979759108, "addresstype": "reservoir", "name": "вадасховішча Дразды", "display_name": "вадасховішча Дразды, Цэнтральны раён, Мінск, Беларусь", "query": "Дрозды Минск"}, "bbox": [27.4548377, 53.9435172, 27.4859767, 53.9584853], "geometry": {"type": "Polygon", "coordinates": [[[27.4548377, 53.9579224], [27.4551356, 53.9578178], [27.4552013, 53.9577706], [27.4552251, 53.9577051], [27.4552143, 53.9576297], [27.4551656, 53.957541], [27.4550819, 53.9574358], [27.4550297, 53.9573375], [27.4550096, 53.9572433], [27.4550178, 53.9571408], [27.4550702, 53.9570349], [27.4551884, 53.9568794], [27.4553207, 53.9567113], [27.4553959, 53.9565837], [27.4554298, 53.9565115], [27.4554636, 53.9564101], [27.4554827, 53.9562405], [27.4554983, 53.9560292], [27.4554809, 53.9557408], [27.4554424, 53.9554837], [27.4553227, 53.9548653], [27.455265, 53.9545185], [27.4551796, 53.9540411], [27.4551523, 53.9539158], [27.4551068, 53.9537533], [27.4550603, 53.9535918], [27.4550265, 53.9534276], [27.4550145, 53.9532114], [27.4550466, 53.9531987], [27.4548867, 53.9524992], [27.4550537, 53.9520004], [27.4550866, 53.9519072], [27.4551336, 53.951814], [27.4552181, 53.951688], [27.4557035, 53.9511082], [27.4559063, 53.9508691], [27.4560862, 53.9506753], [27.4562563, 53.9504938], [27.4563966, 53.9503523], [27.4565543, 53.950217], [27.4568483, 53.9501336], [27.4568054, 53.9500752], [27.4568215, 53.9500358], [27.4569073, 53.9499789], [27.456969, 53.9499174], [27.4570227, 53.9498369], [27.4570441, 53.9497643], [27.4570476, 53.9496819], [27.4572095, 53.9495445], [27.457248, 53.9494186], [27.457404, 53.9493261], [27.4575656, 53.9491544], [27.4577046, 53.9489698], [27.4578213, 53.9487827], [27.4579217, 53.9485929], [27.4580152, 53.9483399], [27.4580959, 53.9481577], [27.4581723, 53.9480019], [27.458264, 53.9478528], [27.4583727, 53.9476902], [27.4584673, 53.9475468], [27.4585221, 53.9474376], [27.4585576, 53.9473386], [27.4585828, 53.9472254], [27.4586031, 53.9470216], [27.4586037, 53.9469543], [27.4585982, 53.9468853], [27.4585624, 53.9467507], [27.4585429, 53.946698], [27.4585141, 53.9466535], [27.4584649, 53.9466193], [27.4584063, 53.9465977], [27.4583128, 53.9465722], [27.4582516, 53.9465467], [27.4582156, 53.9465177], [27.4581982, 53.9464832], [27.4582033, 53.9464468], [27.458229, 53.9464176], [27.4582773, 53.9464009], [27.4583317, 53.9463996], [27.4583815, 53.9464101], [27.4584226, 53.946431], [27.4584907, 53.9464856], [27.4585463, 53.9465381], [27.4586128, 53.9465378], [27.4587744, 53.9466095], [27.4588366, 53.9465733], [27.4589083, 53.9465443], [27.4593454, 53.9463394], [27.4602428, 53.9459329], [27.4615923, 53.9453115], [27.4616652, 53.9453033], [27.4626408, 53.9448617], [27.4626762, 53.9448113], [27.4640651, 53.9441885], [27.4654067, 53.9435644], [27.4654177, 53.943574], [27.4655428, 53.9435172], [27.4656958, 53.9435181], [27.4657949, 53.9435229], [27.4659648, 53.9435634], [27.4663921, 53.9436283], [27.466629, 53.9436828], [27.466865, 53.9437586], [27.4671423, 53.9437701], [27.4675029, 53.9438484], [27.4678933, 53.9439855], [27.4685227, 53.9442739], [27.4690505, 53.9445357], [27.4695087, 53.9447686], [27.4709252, 53.9454691], [27.4712616, 53.9456396], [27.4715793, 53.9457862], [27.4718436, 53.9458913], [27.4720744, 53.945971], [27.4723159, 53.9460462], [27.472564, 53.9461112], [27.4727412, 53.9461528], [27.4729077, 53.9461835], [27.4731173, 53.9462158], [27.4732888, 53.9462392], [27.4734477, 53.9462518], [27.4735904, 53.9462536], [27.4737345, 53.9462445], [27.473897, 53.9462293], [27.4742011, 53.9461814], [27.4743284, 53.9461695], [27.4744822, 53.9461632], [27.4746192, 53.946161], [27.4747516, 53.9461488], [27.4748712, 53.9461265], [27.4749954, 53.9460932], [27.4751747, 53.9460396], [27.4753425, 53.9459937], [27.475464, 53.9459641], [27.4755535, 53.9459518], [27.4756507, 53.9459454], [27.4757386, 53.9459425], [27.4759166, 53.945941], [27.4760537, 53.9459385], [27.4761805, 53.9459259], [27.4762841, 53.9458981], [27.4763831, 53.9458576], [27.4765281, 53.9457753], [27.4767182, 53.9456517], [27.4769587, 53.945484], [27.4770857, 53.9453991], [27.4772091, 53.9453246], [27.4773215, 53.9452614], [27.4774105, 53.9452091], [27.4774774, 53.9451647], [27.4775232, 53.9451143], [27.4775653, 53.9450552], [27.4776106, 53.9449974], [27.4776762, 53.9449394], [27.4778409, 53.9448158], [27.4780039, 53.9447124], [27.478168, 53.9446205], [27.4783318, 53.9445407], [27.4790296, 53.9442536], [27.479141, 53.9442103], [27.4792565, 53.9441811], [27.4793787, 53.9441624], [27.4794967, 53.9441562], [27.4796133, 53.9441662], [27.4797141, 53.9441932], [27.4797883, 53.9442265], [27.4798491, 53.9442669], [27.4798929, 53.944312], [27.4799284, 53.94436], [27.4838268, 53.9450768], [27.4840256, 53.9451129], [27.4840727, 53.945131], [27.4841089, 53.9451502], [27.4841369, 53.9451756], [27.4841521, 53.945206], [27.4841567, 53.9452389], [27.4841491, 53.945273], [27.4840156, 53.9455296], [27.4839921, 53.9455372], [27.4839898, 53.9455443], [27.4839966, 53.9455511], [27.484004, 53.9455554], [27.4840201, 53.9455557], [27.484029, 53.9455488], [27.4840328, 53.9455344], [27.4842022, 53.9452113], [27.4841802, 53.9452093], [27.4842058, 53.9451632], [27.48423, 53.9451675], [27.4842375, 53.945152], [27.4848576, 53.9452689], [27.4848345, 53.9453313], [27.4846181, 53.9452901], [27.484583, 53.9453851], [27.4852538, 53.9455051], [27.4853234, 53.9455207], [27.4853827, 53.9455453], [27.4854162, 53.9455767], [27.4854389, 53.9456099], [27.4855085, 53.9458638], [27.4855611, 53.9459764], [27.4856209, 53.9460938], [27.4856783, 53.9462258], [27.485753, 53.9463947], [27.4858057, 53.9465116], [27.4858383, 53.9466025], [27.4858607, 53.9466845], [27.4858736, 53.9467594], [27.48589, 53.9468416], [27.485896, 53.9469374], [27.4858788, 53.9470145], [27.4858587, 53.9470833], [27.4857891, 53.9472698], [27.4857628, 53.9473691], [27.4857377, 53.947466], [27.485725, 53.9475703], [27.4857294, 53.9484883], [27.4857248, 53.9494277], [27.485699, 53.9495426], [27.4856714, 53.949619], [27.4856445, 53.94968], [27.4855635, 53.9498127], [27.4855021, 53.9499347], [27.4854556, 53.9500424], [27.4852798, 53.9505536], [27.4852522, 53.950652], [27.4852384, 53.950758], [27.4852515, 53.9508471], [27.4852823, 53.9509507], [27.4853271, 53.951048], [27.4853882, 53.9511442], [27.4854796, 53.9512343], [27.485588, 53.9513244], [27.4856849, 53.951392], [27.4859275, 53.9515469], [27.4859669, 53.9515933], [27.4859767, 53.9516364], [27.4859564, 53.9516816], [27.4859139, 53.951721], [27.4858573, 53.951748], [27.4857015, 53.951825], [27.4855476, 53.9519027], [27.4854878, 53.9519194], [27.4854284, 53.9519526], [27.4853504, 53.9520093], [27.4852835, 53.9520689], [27.4852099, 53.9521508], [27.4851485, 53.9522203], [27.4850748, 53.9522853], [27.4849803, 53.9523431], [27.4837836, 53.9529366], [27.4836773, 53.9529762], [27.4835621, 53.952995], [27.4834415, 53.9529933], [27.4833289, 53.9529711], [27.483229, 53.9529378], [27.4830665, 53.9528708], [27.482905, 53.9527957], [27.4827589, 53.9527169], [27.4826303, 53.9526408], [27.4824705, 53.9525234], [27.4823354, 53.9524061], [27.4822069, 53.9522799], [27.4821031, 53.9521628], [27.4820002, 53.9520085], [27.4819115, 53.9518266], [27.4818388, 53.9516551], [27.4817494, 53.9514193], [27.4816323, 53.9511366], [27.4814863, 53.9508146], [27.4814153, 53.9506853], [27.4813258, 53.9505669], [27.4812269, 53.950457], [27.4809091, 53.9501773], [27.4808251, 53.9501135], [27.4807414, 53.9500583], [27.4806578, 53.9500203], [27.4805588, 53.9499932], [27.4803977, 53.9499608], [27.4802567, 53.9499261], [27.4801466, 53.9498969], [27.4800063, 53.949864], [27.4798676, 53.9498415], [27.4796942, 53.9498245], [27.4794776, 53.9498111], [27.4792633, 53.9498061], [27.4790223, 53.9498231], [27.4787783, 53.9498528], [27.4784478, 53.9499018], [27.4781105, 53.949944], [27.4778133, 53.9499717], [27.4775308, 53.9499834], [27.4771652, 53.9499842], [27.4767995, 53.9499624], [27.4757652, 53.9498826], [27.4753406, 53.9498534], [27.4749569, 53.9498358], [27.4745762, 53.9498327], [27.4742087, 53.9498415], [27.4737733, 53.9498703], [27.473337, 53.9498907], [27.4728853, 53.9499038], [27.4725056, 53.9499084], [27.4721222, 53.9498993], [27.4716447, 53.9498682], [27.4713997, 53.949839], [27.4711742, 53.9498036], [27.4709922, 53.9497578], [27.4708294, 53.9496997], [27.4706921, 53.9496669], [27.4705464, 53.9496605], [27.4703926, 53.949695], [27.4702725, 53.9497454], [27.4701512, 53.9498275], [27.469983, 53.9499074], [27.469786, 53.9499504], [27.4695327, 53.9499634], [27.4692913, 53.9499485], [27.4690922, 53.9499107], [27.4688825, 53.949865], [27.4686393, 53.9498372], [27.468388, 53.9498331], [27.467926, 53.9498532], [27.4676294, 53.9498564], [27.4673209, 53.9498519], [27.4670251, 53.9498445], [27.4666803, 53.949833], [27.4663737, 53.9498292], [27.4661144, 53.9498492], [27.4658644, 53.9498938], [27.4656284, 53.9499567], [27.4653691, 53.9500471], [27.4647958, 53.9502834], [27.4644207, 53.9504478], [27.4641907, 53.9505761], [27.4639957, 53.950727], [27.4638324, 53.9508987], [27.4635414, 53.9512505], [27.463298, 53.9515503], [27.4623, 53.953], [27.4621278, 53.9532174], [27.4619911, 53.9534431], [27.4618885, 53.9536547], [27.4618167, 53.9538799], [27.4617379, 53.954255], [27.4616581, 53.9546138], [27.46156, 53.9549213], [27.4614197, 53.9553487], [27.4613148, 53.9556512], [27.4612464, 53.9558789], [27.4612027, 53.9561588], [27.4611379, 53.9563749], [27.461035, 53.9565838], [27.4608896, 53.9567657], [27.460698, 53.9569419], [27.4603217, 53.9572241], [27.4599313, 53.9574813], [27.4590565, 53.958024], [27.4588108, 53.9581497], [27.458551, 53.9582504], [27.458266, 53.9583285], [27.4579973, 53.9583875], [27.4577196, 53.9584282], [27.4572243, 53.9584737], [27.4570359, 53.9584837], [27.4568593, 53.9584853], [27.4567039, 53.9584775], [27.4565523, 53.9584557], [27.4564262, 53.9584287], [27.4563154, 53.9583977], [27.4562143, 53.9583565], [27.4561237, 53.9583111], [27.4557932, 53.9581121], [27.4557406, 53.9580838], [27.4556856, 53.9580674], [27.4556269, 53.9580597], [27.4555817, 53.9580606], [27.4555276, 53.958067], [27.4554802, 53.9580845], [27.4554665, 53.9580906], [27.4553799, 53.9581289], [27.4552246, 53.9582007], [27.4548377, 53.9579224]]]}}, {"type": "Feature", "properties": {"place_id": 170175354, "osm_type": "node", "osm_id": 12567692801, "place_rank": 30, "category": "tourism", "type": "artwork", "importance": 7.699473563740013e-05, "addresstype": "tourism", "name": "Лес", "display_name": "Лес, вуліца Сярова, Сярова, Кастрычніцкі раён, Мінск, 220115, Беларусь", "query": "Курасовщина лес"}, "bbox": [27.5357012, 53.8417288, 27.5358012, 53.8418288], "geometry": {"type": "Point", "coordinates": [27.5357512, 53.8417788]}}, {"type": "Feature", "properties": {"place_id": 170233883, "osm_type": "relation", "osm_id": 19791, "place_rank": 20, "category": "water", "type": "reservoir", "importance": 0.2548773901198179, "addresstype": "reservoir", "name": "Чыжоўскае вадасховішча", "display_name": "Чыжоўскае вадасховішча, Ленінскі раён, Мінск, Беларусь", "query": "Чижовское водохранилище"}, "bbox": [27.600805, 53.8384535, 27.6335844, 53.8552308], "geometry": {"type": "Polygon", "coordinates": [[[27.600805, 53.8405565], [27.6008249, 53.8404947], [27.600834, 53.8404139], [27.6008835, 53.8399722], [27.6009037, 53.8398238], [27.600995, 53.8396296], [27.6010594, 53.8394924], [27.6011473, 53.8395319], [27.6012268, 53.839558], [27.6013227, 53.8395721], [27.6014166, 53.8395648], [27.6014963, 53.8395358], [27.6015481, 53.8394891], [27.6015674, 53.8394232], [27.601571, 53.83936], [27.6015583, 53.8392728], [27.6015552, 53.8392091], [27.601572, 53.8391329], [27.601605, 53.8390543], [27.6016366, 53.8389857], [27.6016567, 53.8389077], [27.6016582, 53.8388282], [27.6016448, 53.8387578], [27.601637, 53.8386913], [27.6016435, 53.8386375], [27.6016717, 53.8385791], [27.6017281, 53.8385233], [27.6018135, 53.8384842], [27.6019117, 53.8384577], [27.6020238, 53.8384535], [27.602141, 53.8384608], [27.6022401, 53.8384858], [27.6023372, 53.8385233], [27.602423, 53.8385707], [27.602514, 53.8386262], [27.6026033, 53.8386713], [27.6026962, 53.8387149], [27.6028033, 53.8387573], [27.6029028, 53.8388012], [27.6030074, 53.8388591], [27.603078, 53.8389072], [27.6031649, 53.8389638], [27.6032399, 53.8390223], [27.603323, 53.8390916], [27.6034168, 53.8391703], [27.6035004, 53.8392286], [27.6036075, 53.8392903], [27.603722, 53.8393379], [27.6038467, 53.8393772], [27.6039876, 53.8394171], [27.6041061, 53.8394594], [27.6042105, 53.83951], [27.6042742, 53.8395462], [27.6043673, 53.83959], [27.604483, 53.8396298], [27.6046332, 53.8396709], [27.604796, 53.8397061], [27.6054784, 53.8398415], [27.6056494, 53.8398808], [27.6058165, 53.8399261], [27.605949, 53.8399664], [27.6060336, 53.8399985], [27.6060978, 53.8400306], [27.6062094, 53.840093], [27.6063291, 53.8401686], [27.6064463, 53.8402517], [27.6065667, 53.8403482], [27.6067095, 53.8404651], [27.6068509, 53.8405934], [27.6070013, 53.8407515], [27.6071466, 53.8409115], [27.6073024, 53.8410753], [27.6073617, 53.8411662], [27.6073987, 53.8412274], [27.6074066, 53.8412905], [27.6074166, 53.8413461], [27.6074369, 53.8413821], [27.6074825, 53.841419], [27.6075322, 53.8414427], [27.6076067, 53.8414615], [27.6077021, 53.8414633], [27.6077955, 53.8414507], [27.6078772, 53.8414238], [27.6079738, 53.8413947], [27.6080749, 53.8413754], [27.6081966, 53.8413741], [27.6083123, 53.8413836], [27.6084393, 53.8414072], [27.6085659, 53.8414274], [27.6087046, 53.8414392], [27.6088376, 53.8414338], [27.6089743, 53.8414162], [27.6091493, 53.8413911], [27.6092917, 53.8413798], [27.6094382, 53.8413769], [27.6100749, 53.8413728], [27.6102746, 53.8413784], [27.6104802, 53.8413902], [27.6107009, 53.8414046], [27.6109013, 53.8414069], [27.6110911, 53.8413939], [27.6112748, 53.8413642], [27.6114583, 53.8413284], [27.6116822, 53.8412936], [27.6118653, 53.8412763], [27.6120565, 53.8412721], [27.6122613, 53.8412781], [27.6124682, 53.8412936], [27.6126712, 53.8413272], [27.6128558, 53.8413716], [27.6130357, 53.8414248], [27.6132218, 53.8414792], [27.613426, 53.8415282], [27.6136445, 53.8415688], [27.6138697, 53.8415952], [27.6141096, 53.8416122], [27.6143616, 53.841622], [27.6146015, 53.8416342], [27.6147378, 53.841651], [27.6148536, 53.8416835], [27.6149536, 53.8417348], [27.6150117, 53.8417772], [27.6150686, 53.8418078], [27.615151, 53.8418252], [27.6151967, 53.8418232], [27.6152432, 53.8418212], [27.6153121, 53.8417979], [27.6153703, 53.841746], [27.6153963, 53.841697], [27.6154293, 53.8416203], [27.6154705, 53.8415705], [27.6155316, 53.8415283], [27.6156049, 53.841505], [27.6156622, 53.8414959], [27.6157377, 53.8414907], [27.615853, 53.8414962], [27.6159678, 53.8415177], [27.6160785, 53.8415393], [27.6162023, 53.8415484], [27.6163448, 53.8415427], [27.6164874, 53.8415187], [27.6166258, 53.8414816], [27.6167562, 53.8414303], [27.6168845, 53.8413741], [27.6170056, 53.8413277], [27.617141, 53.8412885], [27.6172726, 53.8412603], [27.6174204, 53.8412476], [27.617572, 53.8412379], [27.6177146, 53.8412183], [27.6178573, 53.8411855], [27.6180203, 53.8411436], [27.6181595, 53.841122], [27.6183108, 53.8411196], [27.6184694, 53.8411354], [27.6186198, 53.8411697], [27.6187662, 53.8412184], [27.6189062, 53.8412735], [27.6193788, 53.8414371], [27.6195517, 53.841487], [27.6197346, 53.8415188], [27.6199267, 53.8415379], [27.6201312, 53.8415397], [27.620333, 53.8415198], [27.6204886, 53.8414835], [27.6206138, 53.841429], [27.6207219, 53.8413573], [27.6208285, 53.8412753], [27.6209421, 53.8411863], [27.6210529, 53.8411182], [27.6211736, 53.8410676], [27.6213201, 53.8410281], [27.6214744, 53.8409944], [27.6216322, 53.8409735], [27.621789, 53.8409611], [27.6219722, 53.8409557], [27.6221809, 53.8409569], [27.6223873, 53.8409736], [27.6225838, 53.8410012], [27.6227382, 53.8410302], [27.6229205, 53.841073], [27.6231618, 53.8411319], [27.6234544, 53.841214], [27.6237704, 53.8413112], [27.6240718, 53.8414155], [27.6243335, 53.8415199], [27.6245951, 53.8416481], [27.6248254, 53.841798], [27.6250086, 53.8419456], [27.6252156, 53.8421242], [27.6254148, 53.8423185], [27.625708, 53.8426115], [27.6258345, 53.8427517], [27.625918, 53.8428746], [27.6259508, 53.8429758], [27.625952, 53.8430705], [27.6259527, 53.8431634], [27.6259453, 53.8432872], [27.6259376, 53.8434248], [27.6259306, 53.8435752], [27.6259411, 53.8441849], [27.6259357, 53.8443004], [27.6259165, 53.8444079], [27.6258869, 53.8445213], [27.6258372, 53.8446443], [27.6258144, 53.8447237], [27.6258059, 53.8448008], [27.6258054, 53.84488], [27.6258137, 53.8450862], [27.6258035, 53.8451967], [27.6257799, 53.8452977], [27.6257278, 53.8454335], [27.6256475, 53.8456449], [27.625584, 53.8458039], [27.6254961, 53.8460025], [27.6253121, 53.8464056], [27.625152, 53.8467395], [27.6250677, 53.84688], [27.624969, 53.8470253], [27.6248711, 53.84717], [27.6247588, 53.8473286], [27.6246415, 53.8474772], [27.6245203, 53.8476231], [27.6243467, 53.8478124], [27.6242075, 53.8479525], [27.6240839, 53.8480833], [27.6239533, 53.8482265], [27.6238545, 53.8483419], [27.6237944, 53.8484315], [27.6237899, 53.8484592], [27.6237684, 53.848458], [27.6237031, 53.8485462], [27.6236449, 53.8486272], [27.6235872, 53.8487225], [27.6235656, 53.8488101], [27.6235751, 53.8488826], [27.6236149, 53.8489557], [27.6236893, 53.849025], [27.623794, 53.8490898], [27.6239223, 53.8491488], [27.6240593, 53.8492064], [27.6241943, 53.8492557], [27.6243464, 53.849299], [27.6244522, 53.8493308], [27.6245299, 53.8493618], [27.6245852, 53.8493928], [27.6246292, 53.849435], [27.6246517, 53.8494825], [27.6246721, 53.8495265], [27.6246986, 53.8495664], [27.6247464, 53.849602], [27.6248162, 53.8496204], [27.6248961, 53.8496323], [27.6249629, 53.8496448], [27.6250399, 53.8496684], [27.6250994, 53.8497046], [27.6251475, 53.849744], [27.6251845, 53.8497951], [27.6252293, 53.8498403], [27.6252843, 53.8498885], [27.6253598, 53.8499372], [27.6254458, 53.8499773], [27.6255398, 53.8500135], [27.6256758, 53.8500559], [27.6258176, 53.8501], [27.6259607, 53.8501528], [27.6261875, 53.8502438], [27.6264118, 53.8503411], [27.6266283, 53.8503926], [27.6268059, 53.8504972], [27.6269266, 53.8505614], [27.6270578, 53.8506174], [27.6271836, 53.8506589], [27.6273137, 53.8506916], [27.6274684, 53.8507193], [27.6276307, 53.8507391], [27.6278106, 53.8507504], [27.6279749, 53.8507477], [27.628148, 53.8507387], [27.6283193, 53.8507301], [27.6285064, 53.8507187], [27.6287234, 53.8507026], [27.6289403, 53.8506898], [27.6290128, 53.8506897], [27.6290889, 53.8506979], [27.6291596, 53.8507109], [27.6292224, 53.8507263], [27.6292906, 53.8507422], [27.6293654, 53.8507554], [27.629448, 53.8507631], [27.6295405, 53.8507643], [27.6296417, 53.8507587], [27.6296964, 53.8507572], [27.6297499, 53.8507587], [27.6298081, 53.8507671], [27.6298843, 53.8507844], [27.6299901, 53.8508168], [27.630009, 53.8508828], [27.6300815, 53.8509135], [27.630158, 53.8509351], [27.6302512, 53.8509444], [27.6303485, 53.8509409], [27.6304454, 53.850929], [27.6305326, 53.8509087], [27.6305942, 53.850886], [27.6306446, 53.8508624], [27.6307064, 53.8508273], [27.6307574, 53.8508011], [27.6308152, 53.8507786], [27.6308796, 53.8507639], [27.630954, 53.8507536], [27.6310265, 53.8507523], [27.6310936, 53.850758], [27.6311594, 53.8507688], [27.6312613, 53.8507906], [27.6312891, 53.8507957], [27.6313188, 53.8508004], [27.6313735, 53.850803], [27.6314415, 53.8507981], [27.6315118, 53.8507815], [27.6315874, 53.8507534], [27.6316576, 53.8507332], [27.6317281, 53.8507215], [27.6318189, 53.8507177], [27.6319179, 53.8507192], [27.6320618, 53.8507255], [27.6322506, 53.85074], [27.6323373, 53.8507458], [27.6324221, 53.8507474], [27.6325081, 53.8507458], [27.6325694, 53.8507489], [27.6326329, 53.8507647], [27.6326868, 53.8507899], [27.632728, 53.8508247], [27.6327619, 53.8508655], [27.6327804, 53.8509147], [27.6330883, 53.8521087], [27.6332346, 53.8526901], [27.6332533, 53.8527344], [27.6332752, 53.8527701], [27.6333045, 53.8528056], [27.6333307, 53.8528348], [27.6333571, 53.8528612], [27.6333745, 53.8528867], [27.6333865, 53.8529104], [27.6334356, 53.8530908], [27.6334896, 53.853289], [27.6335774, 53.8536367], [27.6335808, 53.8536863], [27.6335794, 53.8537352], [27.6335718, 53.8537842], [27.6335594, 53.8538452], [27.6335559, 53.8538926], [27.6335663, 53.8539466], [27.6335814, 53.8540122], [27.6335844, 53.8540573], [27.6335711, 53.8541012], [27.6335349, 53.8541454], [27.6334846, 53.8541879], [27.6334266, 53.8542195], [27.6333621, 53.854244], [27.6332945, 53.8542638], [27.6332199, 53.8542761], [27.6331315, 53.854286], [27.6327275, 53.8543261], [27.632555, 53.8543372], [27.6324108, 53.854341], [27.6322585, 53.8543394], [27.6317732, 53.8543284], [27.6316014, 53.8543261], [27.631429, 53.854332], [27.6312961, 53.8543452], [27.6311612, 53.8543644], [27.6310252, 53.8543879], [27.6308873, 53.8544211], [27.6307598, 53.854457], [27.6306348, 53.8544957], [27.6305023, 53.8545368], [27.6303443, 53.8545897], [27.6301846, 53.8546432], [27.6301016, 53.8546808], [27.6300408, 53.8547193], [27.6300023, 53.8547621], [27.6299856, 53.8548064], [27.6299888, 53.854856], [27.6300053, 53.8549087], [27.6300334, 53.8549647], [27.6300456, 53.8550003], [27.6300446, 53.8550376], [27.630035, 53.8550708], [27.6300069, 53.8550976], [27.6299676, 53.8551235], [27.6299198, 53.8551462], [27.6298636, 53.8551629], [27.6298067, 53.8551751], [27.6297498, 53.8551839], [27.6296905, 53.8551879], [27.6296242, 53.8551887], [27.6294602, 53.8551873], [27.6293736, 53.8551836], [27.629294, 53.8551767], [27.6292114, 53.8551726], [27.6291433, 53.8551712], [27.6290777, 53.8551741], [27.6290082, 53.8551816], [27.6289218, 53.8551926], [27.6287687, 53.8552164], [27.6286938, 53.8552252], [27.6286196, 53.8552293], [27.6285509, 53.8552296], [27.6283696, 53.8552308], [27.6282974, 53.8552282], [27.6282289, 53.8552207], [27.628163, 53.8552095], [27.6280957, 53.8551936], [27.6279594, 53.8551608], [27.6278787, 53.8551456], [27.6278041, 53.8551364], [27.6277245, 53.8551345], [27.6276472, 53.8551371], [27.6275717, 53.855143], [27.6275001, 53.8551513], [27.6272576, 53.8551775], [27.6271574, 53.8551869], [27.6270708, 53.8551913], [27.6269801, 53.8551896], [27.6268856, 53.8551817], [27.6260627, 53.8550766], [27.6259278, 53.8550457], [27.6257953, 53.8550067], [27.6256729, 53.8549594], [27.6255527, 53.8549043], [27.625465, 53.8548527], [27.625389, 53.8548092], [27.6252919, 53.8547746], [27.6252035, 53.8547564], [27.6251082, 53.8547481], [27.6250252, 53.8547533], [27.6249402, 53.8547713], [27.6248747, 53.8547926], [27.6248269, 53.8548177], [27.624788, 53.8548492], [27.6247469, 53.854891], [27.6246338, 53.8550235], [27.6245362, 53.8549904], [27.6244529, 53.8549659], [27.6245854, 53.8548044], [27.6246441, 53.854738], [27.624705, 53.8546781], [27.6247617, 53.8546296], [27.6248184, 53.8545915], [27.6248876, 53.85456], [27.6249607, 53.8545368], [27.6250619, 53.8545176], [27.6251216, 53.8545152], [27.6251785, 53.8545188], [27.6252355, 53.8545251], [27.6252962, 53.8545298], [27.6253628, 53.8545256], [27.6254187, 53.854512], [27.6254739, 53.8544938], [27.6255337, 53.8544722], [27.6255972, 53.8544537], [27.6256843, 53.8544373], [27.6258105, 53.8544184], [27.6259212, 53.8543981], [27.6260206, 53.8543694], [27.6260963, 53.8543341], [27.6261635, 53.8542926], [27.6262052, 53.8542545], [27.6262216, 53.8542174], [27.626217, 53.854181], [27.6262008, 53.854146], [27.6261646, 53.8541145], [27.6261071, 53.8540842], [27.6260413, 53.8540579], [27.6259775, 53.854038], [27.6259111, 53.8540243], [27.6258307, 53.8540147], [27.6257379, 53.8540092], [27.6256371, 53.8540062], [27.625379, 53.8540039], [27.6252401, 53.8540046], [27.6251002, 53.8540083], [27.6249557, 53.8540141], [27.6247023, 53.8540225], [27.6244295, 53.854029], [27.6243199, 53.8540271], [27.6242079, 53.8540203], [27.6240982, 53.85401], [27.6240013, 53.8539938], [27.6239115, 53.8539666], [27.6238267, 53.8539338], [27.6237477, 53.8538927], [27.6235281, 53.8537737], [27.6234575, 53.8537173], [27.6234114, 53.8536572], [27.6233918, 53.8536017], [27.623363, 53.8535455], [27.6233206, 53.8534951], [27.6232685, 53.8534463], [27.6231887, 53.8533993], [27.6231032, 53.8533583], [27.6230134, 53.8533277], [27.6228993, 53.8532913], [27.622816, 53.8532596], [27.6227362, 53.8532276], [27.6226536, 53.8532005], [27.6225706, 53.8531784], [27.6224916, 53.8531569], [27.6223997, 53.8531259], [27.6223191, 53.8530949], [27.6222396, 53.8530572], [27.6221682, 53.8530154], [27.6220949, 53.8529688], [27.6220078, 53.8529165], [27.6218886, 53.8528504], [27.621744, 53.8527761], [27.621602, 53.852704], [27.6214593, 53.8526234], [27.6213172, 53.8525424], [27.6212123, 53.8524787], [27.6211189, 53.8524156], [27.6210872, 53.8523938], [27.6209927, 53.8523195], [27.6209646, 53.8522903], [27.6209079, 53.8522392], [27.6208773, 53.8522128], [27.6207668, 53.8520932], [27.6207335, 53.8520667], [27.620657, 53.8519657], [27.6206415, 53.8519507], [27.6206223, 53.8519371], [27.6205961, 53.8519255], [27.6205658, 53.8519202], [27.620528, 53.8519197], [27.6204919, 53.8519236], [27.6204557, 53.8519311], [27.6204141, 53.8519432], [27.6203747, 53.8519572], [27.6203268, 53.8519775], [27.6202472, 53.8519783], [27.620204, 53.8519687], [27.6200132, 53.8519296], [27.6199474, 53.8519167], [27.619909, 53.8519075], [27.6198665, 53.8518955], [27.6198187, 53.8518778], [27.6197735, 53.8518558], [27.6197017, 53.8518143], [27.6196478, 53.8517793], [27.6196163, 53.8517593], [27.6196029, 53.8517489], [27.6195924, 53.8517362], [27.6195835, 53.8517199], [27.6195686, 53.851694], [27.6195464, 53.851662], [27.6195056, 53.8515931], [27.6194847, 53.8515532], [27.6194731, 53.8515131], [27.619468, 53.8514627], [27.619471, 53.8514118], [27.619481, 53.8513568], [27.6194998, 53.8512864], [27.6195413, 53.8511107], [27.6195541, 53.8510481], [27.6195597, 53.8509943], [27.6195587, 53.8509596], [27.6195525, 53.850925], [27.6195416, 53.8508967], [27.6195202, 53.8508688], [27.6194954, 53.8508373], [27.6194826, 53.850805], [27.6194819, 53.8507674], [27.6194944, 53.8507308], [27.6195185, 53.850696], [27.619551, 53.8506696], [27.6195965, 53.8506491], [27.6196429, 53.8506411], [27.6196878, 53.8506426], [27.6197306, 53.8506498], [27.6197759, 53.850663], [27.6198193, 53.8506754], [27.6198635, 53.8506829], [27.6199098, 53.850686], [27.6199576, 53.8506812], [27.6199961, 53.8506674], [27.6200254, 53.8506468], [27.6200489, 53.8506209], [27.6201215, 53.8505212], [27.6201412, 53.8504753], [27.6201454, 53.8504286], [27.6201424, 53.8503758], [27.6201264, 53.8503268], [27.6200944, 53.8502699], [27.6200509, 53.850211], [27.6196129, 53.8496665], [27.6195695, 53.8496235], [27.6195284, 53.8495946], [27.6194778, 53.8495749], [27.6194224, 53.8495599], [27.6193591, 53.8495501], [27.6192887, 53.8495474], [27.6192093, 53.8495454], [27.6191404, 53.8495408], [27.6190679, 53.8495288], [27.6189999, 53.8495182], [27.6189586, 53.8495054], [27.6189172, 53.8494846], [27.6188843, 53.8494593], [27.6188611, 53.8494305], [27.6188436, 53.8493966], [27.6187971, 53.8491867], [27.6187749, 53.8491352], [27.6187361, 53.849084], [27.6186827, 53.8490384], [27.6186079, 53.8489919], [27.6185141, 53.8489504], [27.6183325, 53.8488916], [27.6182588, 53.8488606], [27.618193, 53.8488198], [27.6181282, 53.84877], [27.6180579, 53.8487224], [27.6180175, 53.8487035], [27.6179687, 53.8486892], [27.6179214, 53.8486844], [27.6178741, 53.848688], [27.617828, 53.8486999], [27.617796, 53.8487187], [27.6177803, 53.848743], [27.6177743, 53.8487729], [27.6177832, 53.8489336], [27.6177937, 53.8489901], [27.6178069, 53.849033], [27.6178117, 53.8490643], [27.6178061, 53.8490899], [27.61779, 53.849116], [27.6177614, 53.8491353], [27.6177153, 53.8491559], [27.6176533, 53.8491735], [27.6176029, 53.8491812], [27.6175524, 53.8491833], [27.6175107, 53.8491782], [27.6174703, 53.8491637], [27.6174422, 53.8491433], [27.6174176, 53.8491178], [27.6173541, 53.8490403], [27.6172878, 53.8489637], [27.617195, 53.8488631], [27.6171247, 53.8487788], [27.617081, 53.8487019], [27.6170475, 53.8486258], [27.6170459, 53.8485748], [27.6170553, 53.8485234], [27.6170717, 53.8484689], [27.6171091, 53.8484089], [27.6171467, 53.8483663], [27.617186, 53.848331], [27.6172304, 53.8483059], [27.6172819, 53.8482912], [27.6173472, 53.8482845], [27.6173975, 53.8482885], [27.6174461, 53.8482998], [27.6174853, 53.8483174], [27.6175352, 53.8483457], [27.6175895, 53.848378], [27.6176444, 53.8484023], [27.6177132, 53.8484175], [27.6177966, 53.8484255], [27.6178814, 53.8484223], [27.6179708, 53.8484072], [27.6180717, 53.8483815], [27.6181622, 53.8483505], [27.618248, 53.8483176], [27.6183378, 53.8482768], [27.618429, 53.8482328], [27.6185817, 53.8481469], [27.6186642, 53.8481097], [27.6187486, 53.8480829], [27.61883, 53.8480553], [27.6188832, 53.8480296], [27.6189221, 53.8479968], [27.6189518, 53.8479595], [27.6189644, 53.847913], [27.6189708, 53.8478611], [27.6189816, 53.8476777], [27.6189917, 53.8476328], [27.6190152, 53.8475803], [27.6190541, 53.8475288], [27.6190952, 53.8474868], [27.6191286, 53.8474448], [27.6191544, 53.8473974], [27.6191569, 53.8473929], [27.6191816, 53.8473332], [27.6191899, 53.8472795], [27.6191755, 53.8472213], [27.6191512, 53.8471655], [27.6191102, 53.8470982], [27.61906, 53.8470356], [27.6189929, 53.846965], [27.618915, 53.8468918], [27.618825, 53.846819], [27.6187268, 53.8467508], [27.6185886, 53.8466836], [27.6184383, 53.8466237], [27.6181925, 53.8465257], [27.6180928, 53.8464991], [27.6179838, 53.8464825], [27.6178743, 53.8464731], [27.6177756, 53.8464809], [27.6176794, 53.8465068], [27.6175852, 53.8465468], [27.617484, 53.8465963], [27.6174267, 53.8466172], [27.6173774, 53.8466339], [27.617322, 53.8466569], [27.6172757, 53.8466815], [27.6172328, 53.8467102], [27.6167085, 53.8471247], [27.6166484, 53.8471971], [27.6165964, 53.8472735], [27.616568, 53.8473517], [27.6165654, 53.8474257], [27.6165946, 53.8474901], [27.6166425, 53.8475517], [27.6167632, 53.8476754], [27.6168138, 53.8477318], [27.6168446, 53.8477848], [27.6168568, 53.8478377], [27.6168482, 53.8478949], [27.61683, 53.8479436], [27.6167949, 53.847994], [27.6167385, 53.8480633], [27.6166852, 53.8481153], [27.6166349, 53.8481664], [27.6166122, 53.8481846], [27.6165723, 53.8482165], [27.6164717, 53.8482883], [27.6164182, 53.8483109], [27.6163561, 53.8483277], [27.6162865, 53.8483361], [27.6162092, 53.8483363], [27.6161288, 53.8483307], [27.6160511, 53.8483215], [27.6159734, 53.8483076], [27.6158893, 53.8482904], [27.6158178, 53.8482723], [27.6157315, 53.8482471], [27.6155903, 53.8481993], [27.6154915, 53.8481714], [27.6153917, 53.8481508], [27.6152813, 53.8481406], [27.6151627, 53.8481437], [27.6150433, 53.8481473], [27.6149291, 53.8481426], [27.6148063, 53.848135], [27.614664, 53.8481222], [27.6145404, 53.8481032], [27.6141868, 53.8480361], [27.6139921, 53.8480003], [27.6138417, 53.8479792], [27.613694, 53.8479645], [27.613525, 53.8479529], [27.6133439, 53.8479416], [27.6131505, 53.8479335], [27.6129858, 53.8479278], [27.6128928, 53.8479169], [27.6128016, 53.8478946], [27.6127319, 53.8478639], [27.6126816, 53.8478176], [27.6126564, 53.8477667], [27.6126329, 53.8477199], [27.6125949, 53.847677], [27.6125452, 53.8476423], [27.612485, 53.8476159], [27.6124062, 53.8476], [27.6123221, 53.8475925], [27.6122289, 53.8475902], [27.6119675, 53.8475837], [27.6118998, 53.8475821], [27.6118414, 53.847576], [27.6117878, 53.8475637], [27.6117271, 53.8475461], [27.6116292, 53.8475156], [27.6115467, 53.8474945], [27.6114532, 53.847476], [27.6113503, 53.8474511], [27.6112411, 53.8474164], [27.611099, 53.8473639], [27.6104724, 53.8471502], [27.6103113, 53.8470991], [27.6101395, 53.8470546], [27.6099395, 53.847011], [27.6097608, 53.8469786], [27.6095644, 53.8469441], [27.6093496, 53.8469057], [27.6091314, 53.846859], [27.6089417, 53.8468152], [27.6087118, 53.8467618], [27.6084199, 53.8466858], [27.6082537, 53.8466195], [27.6081153, 53.8465415], [27.6080096, 53.8464567], [27.6079346, 53.8463627], [27.6078586, 53.8462584], [27.6077988, 53.8461804], [27.607731, 53.8461182], [27.6076561, 53.846063], [27.6075954, 53.8460295], [27.6074514, 53.8459515], [27.6073133, 53.8458624], [27.6072029, 53.8457851], [27.6069318, 53.8455718], [27.6068297, 53.845489], [27.6067083, 53.8453904], [27.6066268, 53.8453343], [27.6065454, 53.845279], [27.606479, 53.8452446], [27.6064124, 53.8452201], [27.6063387, 53.8452], [27.6062699, 53.8451811], [27.6062051, 53.8451566], [27.6061462, 53.8451299], [27.6060915, 53.845096], [27.6060443, 53.8450522], [27.6060088, 53.845002], [27.6052683, 53.8437674], [27.6052119, 53.8436734], [27.6051703, 53.8436232], [27.6051277, 53.843583], [27.6050716, 53.843555], [27.6050027, 53.8435334], [27.6049168, 53.8435144], [27.6048307, 53.8435062], [27.6047691, 53.8434919], [27.6047111, 53.8434712], [27.6046438, 53.8434458], [27.6045684, 53.8434215], [27.6044817, 53.8434004], [27.604426, 53.8433874], [27.6043646, 53.8433731], [27.6042756, 53.8433483], [27.6042025, 53.8433204], [27.6041516, 53.8432966], [27.6041042, 53.8432688], [27.6040653, 53.8432339], [27.6040401, 53.8432143], [27.604009, 53.8431996], [27.6039686, 53.8431931], [27.60392, 53.843197], [27.6038833, 53.8432133], [27.6038595, 53.8432351], [27.6038474, 53.8432669], [27.6038354, 53.8433255], [27.6038207, 53.8433626], [27.6037849, 53.8433996], [27.603743, 53.8434282], [27.6036941, 53.8434529], [27.6036276, 53.8434776], [27.603558, 53.8434987], [27.6034684, 53.8435189], [27.6033885, 53.843529], [27.6033087, 53.8435302], [27.6032276, 53.84352], [27.6031614, 53.8435019], [27.6030932, 53.8434783], [27.6030251, 53.8434431], [27.6029679, 53.8434034], [27.6027969, 53.8432716], [27.60273, 53.8432139], [27.6026674, 53.8431534], [27.6026092, 53.8430963], [27.6025487, 53.8430261], [27.6024882, 53.8429535], [27.6024494, 53.8428943], [27.6024165, 53.8428393], [27.6023739, 53.8427624], [27.6023029, 53.8426258], [27.6022366, 53.8425003], [27.60221, 53.8424352], [27.6021914, 53.8423765], [27.6021852, 53.8423189], [27.6021966, 53.8422702], [27.6022199, 53.8422135], [27.6022699, 53.8421088], [27.6022798, 53.8420749], [27.6022724, 53.842035], [27.6022474, 53.8419962], [27.6021978, 53.8419643], [27.6021393, 53.8419345], [27.6020495, 53.8419057], [27.6015598, 53.8417517], [27.6014439, 53.8417114], [27.601368, 53.8416745], [27.6013071, 53.8416289], [27.6012713, 53.8415758], [27.6012515, 53.8415154], [27.6012505, 53.841447], [27.6013553, 53.8408674], [27.6013992, 53.840632], [27.6014034, 53.8405751], [27.6013999, 53.8405307], [27.6013893, 53.8404932], [27.6013621, 53.8404568], [27.6013261, 53.8404312], [27.6012744, 53.8404127], [27.6012192, 53.8404039], [27.6011386, 53.8404106], [27.6010587, 53.8404278], [27.6009895, 53.8404611], [27.6009245, 53.8404978], [27.6008804, 53.8405368], [27.6008549, 53.8405868], [27.600805, 53.8405565]], [[27.6009281, 53.8401367], [27.6009317, 53.8401679], [27.6009477, 53.8401919], [27.6009732, 53.8402047], [27.6010047, 53.8402094], [27.60104, 53.8402059], [27.6010674, 53.8401967], [27.6010895, 53.840184], [27.6011687, 53.8401097], [27.6011833, 53.8400942], [27.601191, 53.8400798], [27.6011907, 53.8400665], [27.6011801, 53.8400559], [27.6011622, 53.8400458], [27.6011478, 53.8400334], [27.601143, 53.840018], [27.6011483, 53.8399896], [27.6011601, 53.8399723], [27.6011769, 53.8399614], [27.6012078, 53.83995], [27.6012361, 53.8399442], [27.6012631, 53.8399411], [27.6012896, 53.8399408], [27.6013235, 53.8399461], [27.601355, 53.8399486], [27.6013835, 53.839946], [27.6014067, 53.8399367], [27.6014211, 53.8399221], [27.6014241, 53.8399051], [27.6014199, 53.83989], [27.6014137, 53.8398744], [27.6014201, 53.8398584], [27.601436, 53.8398424], [27.6014512, 53.8398267], [27.6014576, 53.8398113], [27.6014426, 53.839798], [27.601417, 53.8397952], [27.6013887, 53.8398007], [27.6013604, 53.8398126], [27.6013371, 53.8398332], [27.6013232, 53.8398534], [27.6013002, 53.8398741], [27.6012701, 53.8398907], [27.6012186, 53.839898], [27.6011767, 53.8398917], [27.601141, 53.8398757], [27.6011256, 53.8398574], [27.6011196, 53.8398299], [27.6011262, 53.8398032], [27.6011327, 53.8397795], [27.6011197, 53.8397591], [27.6010914, 53.8397478], [27.601051, 53.8397466], [27.6010067, 53.8397612], [27.6009796, 53.83978], [27.6009646, 53.8398035], [27.6009281, 53.8401367]], [[27.6013704, 53.840227], [27.6013742, 53.8402402], [27.6013911, 53.8402513], [27.6015148, 53.8403116], [27.6015367, 53.8403192], [27.6015545, 53.8403225], [27.6015731, 53.8403201], [27.6015876, 53.8403124], [27.6015929, 53.8403024], [27.6015912, 53.840286], [27.60158, 53.8402679], [27.6015623, 53.8402506], [27.601533, 53.8402324], [27.6014937, 53.8402191], [27.6014541, 53.8402117], [27.6014137, 53.8402088], [27.6013839, 53.8402158], [27.6013704, 53.840227]], [[27.6014279, 53.8401062], [27.6014295, 53.8401371], [27.6014504, 53.8401646], [27.6014982, 53.8401874], [27.601561, 53.8402123], [27.6016042, 53.8402344], [27.6016263, 53.8402642], [27.6016308, 53.840303], [27.6016073, 53.8404551], [27.6016098, 53.8404913], [27.6016269, 53.8405232], [27.6016605, 53.8405423], [27.6017059, 53.8405532], [27.6017583, 53.8405552], [27.6023244, 53.8404844], [27.6023777, 53.8404754], [27.6024188, 53.8404573], [27.6024429, 53.8404364], [27.6024558, 53.8404111], [27.6024409, 53.8403157], [27.6024451, 53.8402841], [27.6024633, 53.8402615], [27.6024951, 53.840241], [27.6025499, 53.8402221], [27.6025942, 53.8402031], [27.602623, 53.8401804], [27.6026309, 53.8401515], [27.6026255, 53.8401088], [27.602603, 53.8400744], [27.6025659, 53.8400485], [27.6025124, 53.8400261], [27.6024709, 53.8399936], [27.6024392, 53.8399563], [27.6024196, 53.8399127], [27.6023883, 53.8398698], [27.6023352, 53.8398281], [27.6022704, 53.8397918], [27.6022196, 53.8397569], [27.6021927, 53.839727], [27.6021833, 53.8396994], [27.6021937, 53.8396669], [27.6022052, 53.8396295], [27.6022025, 53.8395934], [27.6021757, 53.839562], [27.6021267, 53.8395361], [27.602066, 53.8395175], [27.6019957, 53.8395098], [27.6019278, 53.8395138], [27.6018525, 53.8395328], [27.6017954, 53.8395626], [27.6017287, 53.8396133], [27.6016691, 53.8396776], [27.6016315, 53.8397334], [27.6016135, 53.8397795], [27.6015757, 53.8399779], [27.6015657, 53.8400143], [27.6015396, 53.8400406], [27.6015007, 53.8400606], [27.6014531, 53.8400787], [27.6014279, 53.8401062]], [[27.6043404, 53.8427721], [27.6044377, 53.8428439], [27.6045412, 53.8428367], [27.6046507, 53.8427254], [27.6048271, 53.8425711], [27.6049123, 53.842485], [27.6048636, 53.8424204], [27.6047723, 53.8424168], [27.6047298, 53.8424921], [27.6044621, 53.8426644], [27.6043404, 53.8427721]], [[27.6092631, 53.8422175], [27.6092752, 53.8422604], [27.6093115, 53.8422934], [27.6093679, 53.8423163], [27.609505, 53.8423527], [27.6095803, 53.8423701], [27.6096493, 53.8423951], [27.6097197, 53.8424233], [27.6097853, 53.8424434], [27.6098633, 53.8424593], [27.6099641, 53.8424729], [27.6100969, 53.8424862], [27.6102337, 53.8424909], [27.6105009, 53.8424885], [27.61055, 53.8424823], [27.6105933, 53.8424673], [27.6106192, 53.8424429], [27.6106205, 53.8424146], [27.6106051, 53.8423846], [27.6105641, 53.8423341], [27.6105254, 53.8422914], [27.6104645, 53.8422358], [27.6104025, 53.8421913], [27.6103162, 53.8421512], [27.6102292, 53.8421263], [27.6101331, 53.8421128], [27.6100431, 53.8421161], [27.6099599, 53.8421271], [27.6098705, 53.8421466], [27.6097853, 53.8421567], [27.6096953, 53.8421539], [27.6095768, 53.8421355], [27.6094862, 53.8421251], [27.6093961, 53.8421301], [27.6093222, 53.8421506], [27.6092774, 53.8421828], [27.6092631, 53.8422175]], [[27.6179347, 53.846089], [27.6179408, 53.8461118], [27.6179713, 53.8461322], [27.6180181, 53.8461406], [27.6180709, 53.8461334], [27.6181136, 53.8461106], [27.6181563, 53.8460746], [27.6182092, 53.8460374], [27.6182498, 53.8460134], [27.6183067, 53.8459918], [27.6183616, 53.8459583], [27.6184104, 53.8459211], [27.6184531, 53.8458839], [27.6185059, 53.8458443], [27.6185331, 53.845812], [27.6185527, 53.8457748], [27.6185588, 53.845734], [27.6185507, 53.8456932], [27.6185344, 53.8456633], [27.6185059, 53.8456405], [27.6184633, 53.8456273], [27.6184145, 53.8456273], [27.6183596, 53.8456333], [27.6183006, 53.8456549], [27.6182559, 53.845692], [27.6182417, 53.8457292], [27.6182396, 53.8457832], [27.6182336, 53.8458132], [27.6182112, 53.8458515], [27.6181644, 53.8458923], [27.6181035, 53.8459283], [27.6180242, 53.8459859], [27.617953, 53.8460578], [27.6179347, 53.846089]], [[27.6201473, 53.8451336], [27.6201683, 53.8451791], [27.620222, 53.8452535], [27.6202523, 53.8453224], [27.620271, 53.8453967], [27.620271, 53.8454794], [27.620285, 53.8455483], [27.6203014, 53.8456075], [27.6203434, 53.8456667], [27.6204111, 53.845715], [27.6204711, 53.8457453], [27.6205092, 53.8457551], [27.6205462, 53.8457551], [27.6205786, 53.8457478], [27.6205986, 53.8457297], [27.6206032, 53.8457069], [27.6205801, 53.8456842], [27.6205447, 53.8456679], [27.62052, 53.8456506], [27.6205, 53.8456242], [27.6204985, 53.8455924], [27.6205216, 53.845557], [27.6205582, 53.8455193], [27.6205722, 53.8454959], [27.6205722, 53.845478], [27.6205489, 53.8454587], [27.6205185, 53.8454532], [27.6204812, 53.8454546], [27.6204438, 53.8454629], [27.6203994, 53.8454574], [27.6203737, 53.8454394], [27.6203574, 53.8454009], [27.6203387, 53.8453306], [27.6203411, 53.845292], [27.6203737, 53.8452686], [27.6204181, 53.8452631], [27.6204742, 53.8452714], [27.6205279, 53.8452934], [27.6205629, 53.845321], [27.6205816, 53.8453582], [27.6205979, 53.8453843], [27.6206446, 53.8454036], [27.6206983, 53.845405], [27.620731, 53.8453899], [27.620759, 53.8453568], [27.6207684, 53.8453141], [27.6207473, 53.8452714], [27.6205652, 53.8451267], [27.6204858, 53.8450758], [27.6204064, 53.8450455], [27.6203364, 53.8450372], [27.6202663, 53.8450427], [27.6202033, 53.845062], [27.6201636, 53.8450964], [27.6201473, 53.8451336]], [[27.6211452, 53.8464704], [27.6211594, 53.8465196], [27.6211858, 53.846546], [27.6212122, 53.8465544], [27.6212529, 53.8465532], [27.6212814, 53.84654], [27.6213037, 53.8465124], [27.621322, 53.8464656], [27.6213098, 53.8464224], [27.6212814, 53.8463901], [27.6212407, 53.8463781], [27.621198, 53.8463805], [27.6211675, 53.8463997], [27.6211472, 53.8464332], [27.6211452, 53.8464704]]]}}]}